source_file,event_time_s,event_datetime_utc_if_available,detected_channels,merged_detection_count,A_ns,A_we,ratio_we_ns,energy_ns,energy_we,snr_ns,snr_we,magnetic_axis_deg,arrival_axis_deg,azimuth_candidate_1,azimuth_candidate_2,pca_lambda1,pca_lambda2,pca_linearity,is_saturated,quality_flag
/home/s_grudinin/code/university/vlf_analyzing/new_test_raw_data/Broadband_Data_2026.06.02_13.51.00.bin,0.2680000066757202,2026-06-02T13:51:00.268000,we,1,59.77836608886719,30.286991119384766,0.5066547164296742,3577026.25,918219.1875,1.0173040613171043,0.9923865461598768,159.00925615820344,159.00925615820344,159.00925615820344,339.00925615820347,4035.9912652242724,459.2540016084622,8.788146104527915,0,low_snr;single_channel_detection
/home/s_grudinin/code/university/vlf_analyzing/new_test_raw_data/Broadband_Data_2026.06.02_13.51.00.bin,0.3720000088214874,2026-06-02T13:51:00.372000,we,1,58.799678802490234,30.61033058166504,0.5205866971567221,3460859.75,937929.375,1.0030960182141548,1.0381852023498679,158.1823488866669,158.1823488866669,158.1823488866669,338.1823488866669,3942.359503797242,456.42978418830955,8.637384413482383,0,low_snr;single_channel_detection
/home/s_grudinin/code/university/vlf_analyzing/new_test_raw_data/Broadband_Data_2026.06.02_13.51.00.bin,0.5759999752044678,2026-06-02T13:51:00.576000,we,1,57.23973083496094,30.27301025390625,0.5288810728546532,3279663.0,917371.625,1.0009308900124472,1.0269983038853585,157.98828333008726,157.98828333008726,157.98828333008726,337.98828333008726,3741.1518709336915,455.88270106953956,8.206391385671408,0,low_snr;single_channel_detection
/home/s_grudinin/code/university/vlf_analyzing/new_test_raw_data/Broadband_Data_2026.06.02_13.51.00.bin,0.7509999871253967,2026-06-02T13:51:00.751000,ns|we,2,56.364044189453125,30.380516052246094,0.5390052557287998,3180082.5,923898.6875,0.9854558119499665,1.0123915591290362,157.14649197506728,157.14649197506728,157.14649197506728,337.1464919750673,3667.4099540050847,436.5713046571625,8.400483299939003,0,low_snr
/home/s_grudinin/code/university/vlf_analyzing/new_test_raw_data/Broadband_Data_2026.06.02_13.51.00.bin,0.8140000104904175,2026-06-02T13:51:00.814000,we,1,57.572288513183594,32.023136138916016,0.5562248256221813,3317883.0,1026506.625,1.0303920165306288,1.109168081886342,157.5362675901996,157.5362675901996,157.5362675901996,337.5362675901996,3790.3952052160867,553.9943452357222,6.841938438204243,0,low_snr;single_channel_detection
/home/s_grudinin/code/university/vlf_analyzing/new_test_raw_data/Broadband_Data_2026.06.02_13.51.00.bin,1.0,2026-06-02T13:51:01,we,1,57.033329010009766,52.424705505371094,0.9191942047810194,3256053.5,2751098.25,0.9777992465715671,2.992589465563591,143.27587404285262,143.27587404285262,143.27587404285262,323.2758740428526,3889.8318487472447,2117.3200419033537,1.8371487407498863,0,low_snr;weak_linearity;single_channel_detection
/home/s_grudinin/code/university/vlf_analyzing/new_test_raw_data/Broadband_Data_2026.06.02_13.51.00.bin,1.2450000047683716,2026-06-02T13:51:01.245000,ns|we,2,63.67245101928711,34.339866638183594,0.5393206337821221,4058235.0,1180405.5,1.221998710589057,1.3276397313858967,157.3889529837354,157.3889529837354,157.3889529837354,337.3889529837354,4662.186883708731,576.4534406552625,8.08770761851842,0,low_snr
/home/s_grudinin/code/university/vlf_analyzing/new_test_raw_data/Broadband_Data_2026.06.02_13.51.00.bin,1.909999966621399,2026-06-02T13:51:01.910000,we,1,56.055328369140625,29.92658233642578,0.533875783214577,3145342.25,896495.9375,0.9577721378444033,0.9862498497791238,157.45642833460363,157.45642833460363,157.45642833460363,337.45642833460363,3613.5177406428234,428.32050565145613,8.436480843117277,0,low_snr;single_channel_detection
/home/s_grudinin/code/university/vlf_analyzing/new_test_raw_data/Broadband_Data_2026.06.02_13.51.00.bin,2.135333336889744,2026-06-02T13:51:02.135333,ns|we,3,56.925662994384766,29.40321922302246,0.516519574412727,3243771.5,865413.875,0.9092604550242931,0.926233808389044,158.23056742375877,158.23056742375877,158.23056742375877,338.23056742375877,3695.0493374129182,414.136166100951,8.92230536685896,0,low_snr
/home/s_grudinin/code/university/vlf_analyzing/new_test_raw_data/Broadband_Data_2026.06.02_13.51.00.bin,2.6030000150203705,2026-06-02T13:51:02.603000,ns|we,2,60.04782485961914,31.212785720825195,0.5197987736240983,3609347.25,975212.25,1.0791569884415155,0.9835734603592905,157.90244870120478,157.90244870120478,157.90244870120478,337.9024487012048,4129.270445309454,455.2890863573041,9.069557274801124,0,low_snr
/home/s_grudinin/code/university/vlf_analyzing/new_test_raw_data/Broadband_Data_2026.06.02_13.51.00.bin,2.6480000019073486,2026-06-02T13:51:02.648000,ns|we,2,67.09735870361328,41.32301330566406,0.6158664678321853,4506557.0,1709299.0,1.4043042778144368,1.888706690044524,154.0175234749551,154.0175234749551,154.0175234749551,334.0175234749551,5377.901143300657,837.9547816461628,6.417889438778259,0,low_snr
/home/s_grudinin/code/university/vlf_analyzing/new_test_raw_data/Broadband_Data_2026.06.02_13.51.00.bin,2.7860000133514404,2026-06-02T13:51:02.786000,ns,1,65.28453826904297,30.9062442779541,0.4734083306308524,4266333.5,956151.125,1.3926260900031417,1.081452760342776,164.01859642116045,164.01859642116045,164.01859642116045,344.01859642116045,4562.099193766173,660.3853518853366,6.90823801700297,0,low_snr;single_channel_detection
/home/s_grudinin/code/university/vlf_analyzing/new_test_raw_data/Broadband_Data_2026.06.02_13.51.00.bin,2.912000000476837,2026-06-02T13:51:02.912000,we,1,57.328147888183594,30.289011001586914,0.5283444890050166,3289803.0,918341.625,1.0160015903926753,1.008171032568094,157.63455266213333,157.63455266213333,157.63455266213333,337.63455266213333,3773.1282859209964,435.01654578411456,8.67352821975989,0,low_snr;single_channel_detection
/home/s_grudinin/code/university/vlf_analyzing/new_test_raw_data/Broadband_Data_2026.06.02_13.51.00.bin,3.0,2026-06-02T13:51:03,we,1,56.32122802734375,56.94364929199219,1.01105127296488,3175253.0,3245822.0,0.9538250734299281,3.4996765561863366,134.15527337086704,134.15527337086704,134.15527337086704,314.155273370867,4407.351608344337,2013.723574380075,2.188657700797459,0,weak_linearity;single_channel_detection
/home/s_grudinin/code/university/vlf_analyzing/new_test_raw_data/Broadband_Data_2026.06.02_13.51.00.bin,3.0920000076293945,2026-06-02T13:51:03.092000,we,1,57.11968231201172,29.971242904663086,0.5247095517959471,3265920.5,899173.75,0.9797101493899135,0.9655512232040712,158.63181762058272,158.63181762058272,158.63181762058272,338.63181762058275,3693.7097896255327,471.38435184578276,7.835876976319214,0,low_snr;single_channel_detection
/home/s_grudinin/code/university/vlf_analyzing/new_test_raw_data/Broadband_Data_2026.06.02_13.51.00.bin,3.159999966621399,2026-06-02T13:51:03.160000,we,1,60.4049072265625,31.336557388305664,0.5187750271806589,3652401.5,982961.75,1.1294379453380812,1.0814807092023226,158.28825628426335,158.28825628426335,158.28825628426335,338.28825628426335,4155.397117647053,479.96607169830276,8.657689288210866,0,low_snr;single_channel_detection
/home/s_grudinin/code/university/vlf_analyzing/new_test_raw_data/Broadband_Data_2026.06.02_13.51.00.bin,3.3200000524520874,2026-06-02T13:51:03.320000,we,1,60.26976013183594,31.8021240234375,0.5276630262651124,3636076.25,1012386.4375,1.1200691441878543,1.116990674380403,157.2954098621937,157.2954098621937,157.2954098621937,337.2954098621937,4192.852624859504,455.6101131820702,9.202720711302458,0,low_snr;single_channel_detection
/home/s_grudinin/code/university/vlf_analyzing/new_test_raw_data/Broadband_Data_2026.06.02_13.51.00.bin,3.6519999504089355,2026-06-02T13:51:03.652000,we,1,56.94987106323242,34.11088562011719,0.5989633511591744,3246531.0,1164716.0,1.0288605137771363,1.2502167622807845,155.6262763117428,155.6262763117428,155.6262763117428,335.6262763117428,3784.240569373755,627.0064443952883,6.035409369712988,0,low_snr;single_channel_detection
/home/s_grudinin/code/university/vlf_analyzing/new_test_raw_data/Broadband_Data_2026.06.02_13.51.00.bin,3.7039999961853027,2026-06-02T13:51:03.704000,we,1,57.344154357910156,30.246387481689453,0.5274537190470694,3291640.5,915758.8125,1.0329069422171067,0.9751116556153858,157.15293403438733,157.15293403438733,157.15293403438733,337.15293403438733,3804.430058094049,402.9691295733994,9.44099629200275,0,low_snr;single_channel_detection
/home/s_grudinin/code/university/vlf_analyzing/new_test_raw_data/Broadband_Data_2026.06.02_13.51.00.bin,3.9040000438690186,2026-06-02T13:51:03.904000,we,2,56.62113571166992,30.23598289489746,0.5340052352334771,3209159.0,915128.875,0.9657151438374285,0.9555049062904948,157.64317228570056,157.64317228570056,157.64317228570056,337.64317228570053,3676.2217885190908,448.0660722151259,8.204642164368229,0,low_snr;single_channel_detection
/home/s_grudinin/code/university/vlf_analyzing/new_test_raw_data/Broadband_Data_2026.06.02_13.51.00.bin,4.5920000076293945,2026-06-02T13:51:04.592000,we,1,56.34083557128906,29.88330841064453,0.5304022936051794,3177464.0,893905.125,0.9934439940298112,0.9742695164407317,157.35958189304768,157.35958189304768,157.35958189304768,337.3595818930477,3658.3774670609173,412.9915570261831,8.858237910246121,0,low_snr;single_channel_detection
/home/s_grudinin/code/university/vlf_analyzing/new_test_raw_data/Broadband_Data_2026.06.02_13.51.00.bin,4.649999976158142,2026-06-02T13:51:04.650000,we,1,55.9633903503418,29.912214279174805,0.5344961070427996,3135033.0,895635.3125,0.9881684923164332,1.0005589287624157,157.46942170380976,157.46942170380976,157.46942170380976,337.46942170380976,3600.520176609976,430.14803031198005,8.370421164078243,0,low_snr;single_channel_detection
/home/s_grudinin/code/university/vlf_analyzing/new_test_raw_data/Broadband_Data_2026.06.02_13.51.00.bin,4.727999985218048,2026-06-02T13:51:04.728000,we,1,54.93207931518555,30.491790771484375,0.5550816781671434,3020551.0,930679.0625,0.9549191153764107,1.0291126554130707,156.88302355285373,156.88302355285373,156.88302355285373,336.88302355285373,3486.25964584912,464.97056984239333,7.4978071128906425,0,low_snr;single_channel_detection
/home/s_grudinin/code/university/vlf_analyzing/new_test_raw_data/Broadband_Data_2026.06.02_13.51.00.bin,4.801999986171722,2026-06-02T13:51:04.802000,we,1,57.87420654296875,29.905771255493164,0.5167374732522524,3352773.0,895249.5,1.0282117379278657,0.9657950544009296,159.08415692859077,159.08415692859077,159.08415692859077,339.0841569285908,3773.118237258318,474.9040849408313,7.9450111230953215,0,low_snr;single_channel_detection
/home/s_grudinin/code/university/vlf_analyzing/new_test_raw_data/Broadband_Data_2026.06.02_13.51.00.bin,4.845999985933304,2026-06-02T13:51:04.846000,ns|we,2,56.076072692871094,32.0610237121582,0.571741603370764,3147670.5,1028937.25,0.9800682092114391,1.1547594591963082,156.85438829813802,156.85438829813802,156.85438829813802,336.854388298138,3621.410857403491,555.1966949411784,6.522752909736185,0,low_snr
/home/s_grudinin/code/university/vlf_analyzing/new_test_raw_data/Broadband_Data_2026.06.02_13.51.00.bin,4.983000010251999,2026-06-02T13:51:04.983000,we,2,56.36640167236328,30.325307846069336,0.5380032598557278,3180348.25,920543.875,1.0009254202213083,0.8077458474099319,157.52464557476006,157.52464557476006,157.52464557476006,337.52464557476003,3646.99598402845,453.8960111676241,8.034871191413938,0,low_snr;single_channel_detection
/home/s_grudinin/code/university/vlf_analyzing/new_test_raw_data/Broadband_Data_2026.06.02_13.51.00.bin,5.503999948501587,2026-06-02T13:51:05.504000,we,1,59.228065490722656,32.491214752197266,0.5485780175833375,3511471.75,1056734.625,1.0417801956037727,1.1508911761774199,157.44938025640317,157.44938025640317,157.44938025640317,337.4493802564032,4022.939610400604,545.2667370762067,7.377929620229794,0,low_snr;single_channel_detection
/home/s_grudinin/code/university/vlf_analyzing/new_test_raw_data/Broadband_Data_2026.06.02_13.51.00.bin,5.797999978065491,2026-06-02T13:51:05.798000,we,1,56.6455078125,30.12485122680664,0.5318135963494433,3211922.0,908414.25,0.9933990525631389,0.9934866664051851,157.80980419495185,157.80980419495185,157.80980419495185,337.8098041949519,3671.6619461827586,448.6745862593232,8.183351717765039,0,low_snr;single_channel_detection
/home/s_grudinin/code/university/vlf_analyzing/new_test_raw_data/Broadband_Data_2026.06.02_13.51.00.bin,5.908000032107036,2026-06-02T13:51:05.908000,ns|we,3,55.24671173095703,29.549026489257812,0.5348558414328165,3055251.5,874018.1875,0.9824107119773827,0.9674751452977014,158.43190825172326,158.43190825172326,158.43190825172326,338.43190825172326,3459.181899728331,470.08788490298343,7.358585513094488,0,low_snr
/home/s_grudinin/code/university/vlf_analyzing/new_test_raw_data/Broadband_Data_2026.06.02_13.51.00.bin,6.052000001072884,2026-06-02T13:51:06.052000,we,1,56.60662078857422,31.16083335876465,0.5504803665131299,3207513.75,971968.5,0.9890435339329803,1.0355590821703033,158.08370220486682,158.08370220486682,158.08370220486682,338.0837022048668,3639.2626721249508,540.2196386211406,6.736635271930908,0,low_snr;single_channel_detection
/home/s_grudinin/code/university/vlf_analyzing/new_test_raw_data/Broadband_Data_2026.06.02_13.51.00.bin,6.119999997317791,2026-06-02T13:51:06.120000,we,1,59.01265335083008,31.581388473510742,0.535162997768613,3485976.0,998381.5625,1.1092947879458277,1.085753950266907,157.9564780704555,157.9564780704555,157.9564780704555,337.9564780704555,3973.8028557547923,510.55468321041747,7.783305072763461,0,low_snr;single_channel_detection
/home/s_grudinin/code/university/vlf_analyzing/new_test_raw_data/Broadband_Data_2026.06.02_13.51.00.bin,6.214000001549721,2026-06-02T13:51:06.214000,we,1,56.72916793823242,29.680191040039062,0.523191016521779,3221416.75,881794.625,0.9888548720063426,0.9611114163233019,158.15864737909692,158.15864737909692,158.15864737909692,338.1586473790969,3669.2087331827206,434.0027056321448,8.454345296853257,0,low_snr;single_channel_detection
/home/s_grudinin/code/university/vlf_analyzing/new_test_raw_data/Broadband_Data_2026.06.02_13.51.00.bin,6.59799998998642,2026-06-02T13:51:06.598000,we,1,56.410579681396484,29.61355972290039,0.524964641210132,3185335.5,877839.9375,0.9989935795572253,1.0031540210958791,158.1434993248546,158.1434993248546,158.1434993248546,338.1434993248546,3627.7848472325886,435.3906214898491,8.332253080736512,0,low_snr;single_channel_detection
/home/s_grudinin/code/university/vlf_analyzing/new_test_raw_data/Broadband_Data_2026.06.02_13.51.00.bin,6.745999991893768,2026-06-02T13:51:06.746000,we,1,56.41380310058594,29.920549392700195,0.5303763928014436,3185699.5,896134.5625,0.9803370657654941,0.9695190081923534,159.02943608303238,159.02943608303238,159.02943608303238,339.02943608303235,3579.950520608173,501.8833522654379,7.133033013445699,0,low_snr;single_channel_detection
/home/s_grudinin/code/university/vlf_analyzing/new_test_raw_data/Broadband_Data_2026.06.02_13.51.00.bin,7.0,2026-06-02T13:51:07,we,1,55.79166793823242,53.51466751098633,0.9591874465956467,3115823.0,2866683.5,1.0156305313505996,3.179660988464236,138.77505457922058,138.77505457922058,138.77505457922058,318.7750545792206,3939.322046672287,2043.1843562715067,1.9280306422573315,0,weak_linearity;single_channel_detection
/home/s_grudinin/code/university/vlf_analyzing/new_test_raw_data/Broadband_Data_2026.06.02_13.51.00.bin,7.253999948501587,2026-06-02T13:51:07.254000,we,1,55.71346664428711,29.174453735351562,0.5236517397422191,3107094.5,851999.875,0.9331244693171066,0.9426250878141553,158.6163175331437,158.6163175331437,158.6163175331437,338.61631753314373,3515.4708595936154,443.62353758076006,7.924446206720104,0,low_snr;single_channel_detection
/home/s_grudinin/code/university/vlf_analyzing/new_test_raw_data/Broadband_Data_2026.06.02_13.51.00.bin,7.434000015258789,2026-06-02T13:51:07.434000,we,1,56.37702178955078,31.701440811157227,0.5623113780201915,3181547.0,1005986.375,0.9199499414193061,1.0927739380396084,156.68720041470868,156.68720041470868,156.68720041470868,336.6872004147087,3677.690785393561,509.8424367550273,7.213386960883048,0,low_snr;single_channel_detection
/home/s_grudinin/code/university/vlf_analyzing/new_test_raw_data/Broadband_Data_2026.06.02_13.51.00.bin,7.9019999504089355,2026-06-02T13:51:07.902000,ns,1,54.864017486572266,29.616783142089844,0.5398216262478023,3013070.5,878031.0,0.9525055479479833,0.9889260538205512,157.762141195809,157.762141195809,157.762141195809,337.762141195809,3441.6248977249684,449.4767599948809,7.656958499398628,0,low_snr;single_channel_detection
/home/s_grudinin/code/university/vlf_analyzing/new_test_raw_data/Broadband_Data_2026.06.02_13.51.00.bin,8.301999986171722,2026-06-02T13:51:08.302000,we,1,58.22293472290039,29.93149757385254,0.5140843160226222,3393300.0,896790.5,0.957837832170022,0.9679688663833333,159.12017569953042,159.12017569953042,159.12017569953042,339.1201756995304,3818.4318400932566,471.65863785923364,8.095753016258461,0,low_snr;single_channel_detection
/home/s_grudinin/code/university/vlf_analyzing/new_test_raw_data/Broadband_Data_2026.06.02_13.51.00.bin,8.472000002861023,2026-06-02T13:51:08.472000,we,1,57.57737350463867,29.453550338745117,0.511547306623351,3318469.25,868379.1875,0.965355569732975,0.9811080943063555,160.07286360472904,160.07286360472904,160.07286360472904,340.07286360472904,3689.206418952685,497.64201037592886,7.413374156586531,0,low_snr;single_channel_detection
/home/s_grudinin/code/university/vlf_analyzing/new_test_raw_data/Broadband_Data_2026.06.02_13.51.00.bin,8.734000027179718,2026-06-02T13:51:08.734000,we,1,56.0654296875,32.01247787475586,0.570984259876146,3146475.75,1025823.625,0.9930894569500848,1.1516655738959785,156.35471511729034,156.35471511729034,156.35471511729034,336.3547151172903,3649.4053369589674,522.8939316434352,6.979245916067571,0,low_snr;single_channel_detection
/home/s_grudinin/code/university/vlf_analyzing/new_test_raw_data/Broadband_Data_2026.06.02_13.51.00.bin,9.0,2026-06-02T13:51:09,we,1,58.337364196777344,55.0522575378418,0.9436877770504762,3406651.25,3033782.0,1.0188851522476248,3.303804711304642,139.11564757164348,139.11564757164348,139.11564757164348,319.1156475716435,4522.413293678883,1918.019601262431,2.3578556187341624,0,weak_linearity;single_channel_detection
/home/s_grudinin/code/university/vlf_analyzing/new_test_raw_data/Broadband_Data_2026.06.02_13.51.00.bin,9.122999966144562,2026-06-02T13:51:09.123000,ns|we,2,62.99163818359375,36.6175651550293,0.5813083483922761,3971914.5,1342186.75,1.1113608578029586,1.4226742007551256,155.88901947786167,155.88901947786167,155.88901947786167,335.88901947786167,4630.589543255948,683.5116446189511,6.774704688224347,0,low_snr
/home/s_grudinin/code/university/vlf_analyzing/new_test_raw_data/Broadband_Data_2026.06.02_13.51.00.bin,9.264000058174133,2026-06-02T13:51:09.264000,we,1,58.618247985839844,32.0218391418457,0.5462776565683187,3439535.25,1026423.625,0.974572199228652,1.1405429052780665,158.5099264259831,158.5099264259831,158.5099264259831,338.5099264259831,3882.2033935736054,583.7553541567795,6.650394494764588,0,low_snr;single_channel_detection
/home/s_grudinin/code/university/vlf_analyzing/new_test_raw_data/Broadband_Data_2026.06.02_13.51.00.bin,9.47599995136261,2026-06-02T13:51:09.476000,we,1,57.53019714355469,29.890531539916992,0.5195624736923957,3313033.0,894337.375,0.9412286284122644,0.9400389496664878,159.27382968496752,159.27382968496752,159.27382968496752,339.2738296849675,3717.210581989694,490.15995154911974,7.583668494828425,0,low_snr;single_channel_detection
/home/s_grudinin/code/university/vlf_analyzing/new_test_raw_data/Broadband_Data_2026.06.02_13.51.00.bin,10.052000001072884,2026-06-02T13:51:10.052000,we,1,57.908416748046875,29.56987762451172,0.510631774879401,3356738.0,875252.0625,0.9986372169620535,0.9817429362163307,159.29381144703336,159.29381144703336,159.29381144703336,339.29381144703336,3770.389171142984,461.60091486696365,8.16807127046017,0,low_snr;single_channel_detection
/home/s_grudinin/code/university/vlf_analyzing/new_test_raw_data/Broadband_Data_2026.06.02_13.51.00.bin,10.104000002145767,2026-06-02T13:51:10.104000,we,1,57.62358474731445,30.230674743652344,0.5246232922893732,3323798.0,914807.625,0.9811906445236409,1.0526559443159147,158.92412199130865,158.92412199130865,158.92412199130865,338.92412199130865,3743.991225044125,494.61431994371986,7.569516437514649,0,low_snr;single_channel_detection
/home/s_grudinin/code/university/vlf_analyzing/new_test_raw_data/Broadband_Data_2026.06.02_13.51.00.bin,10.87600001692772,2026-06-02T13:51:10.876000,ns|we,2,62.85344314575195,62.77866744995117,0.9988103166340723,3954506.0,3945102.25,1.188345159153969,4.34011298599605,136.14378239284125,136.14378239284125,136.14378239284125,316.1437823928412,4067.6010646311684,3832.006896098238,1.0614806222746656,0,weak_linearity
/home/s_grudinin/code/university/vlf_analyzing/new_test_raw_data/Broadband_Data_2026.06.02_13.51.00.bin,11.0,2026-06-02T13:51:11,we,1,59.419795989990234,54.80170822143555,0.9222803159853735,3534242.75,3006230.25,1.0180231770709407,3.240081689385157,141.9296506257645,141.9296506257645,141.9296506257645,321.9296506257645,4372.382085034017,2168.0907182241035,2.016697017464039,0,weak_linearity;single_channel_detection
/home/s_grudinin/code/university/vlf_analyzing/new_test_raw_data/Broadband_Data_2026.06.02_13.51.00.bin,11.185999989509583,2026-06-02T13:51:11.186000,we,1,58.780372619628906,30.045251846313477,0.5111442903014154,3458587.5,903619.875,0.9896850449480732,1.0019667929581864,159.25250834701217,159.25250834701217,159.25250834701217,339.25250834701217,3886.658104672024,475.54919770090777,8.17298845936965,0,low_snr;single_channel_detection
/home/s_grudinin/code/university/vlf_analyzing/new_test_raw_data/Broadband_Data_2026.06.02_13.51.00.bin,11.332000017166138,2026-06-02T13:51:11.332000,ns|we,2,65.76775360107422,30.822755813598633,0.46866061444882195,4329723.0,950992.25,1.2519924872654793,1.0573396924322196,165.07441128067805,165.07441128067805,165.07441128067805,345.0744112806781,4588.154128708958,692.5608944827328,6.624910769955904,0,low_snr
/home/s_grudinin/code/university/vlf_analyzing/new_test_raw_data/Broadband_Data_2026.06.02_13.51.00.bin,11.654000043869019,2026-06-02T13:51:11.654000,we,1,55.95125198364258,36.18544387817383,0.646731620746432,3133673.0,1310695.875,0.9555192935475946,1.4161306033169923,155.5719117766701,155.5719117766701,155.5719117766701,335.5719117766701,3607.5277818230325,836.841254693688,4.310886636610075,0,low_snr;single_channel_detection
/home/s_grudinin/code/university/vlf_analyzing/new_test_raw_data/Broadband_Data_2026.06.02_13.51.00.bin,11.75600004196167,2026-06-02T13:51:11.756000,we,1,57.748050689697266,30.902713775634766,0.5351299897841839,3338172.25,955932.625,1.012788522886643,1.0178473802114534,157.15340124111006,157.15340124111006,157.15340124111006,337.15340124111003,3852.305613305497,441.7992287058142,8.719584288524564,0,low_snr;single_channel_detection
/home/s_grudinin/code/university/vlf_analyzing/new_test_raw_data/Broadband_Data_2026.06.02_13.51.00.bin,11.907999992370605,2026-06-02T13:51:11.908000,we,1,60.40254211425781,32.4927978515625,0.5379375886216575,3652115.5,1056837.625,1.0886846051452168,1.1571187372651524,156.81271593544142,156.81271593544142,156.81271593544142,336.8127159354414,4235.273833785844,473.67942325932285,8.941224013159573,0,low_snr;single_channel_detection
/home/s_grudinin/code/university/vlf_analyzing/new_test_raw_data/Broadband_Data_2026.06.02_13.51.00.bin,12.794000029563904,2026-06-02T13:51:12.794000,we,1,59.40113067626953,32.283870697021484,0.5434891613926499,3532023.0,1043290.625,1.0798888543439134,1.1361313181186015,157.0457735956755,157.0457735956755,157.0457735956755,337.04577359567554,4076.035644436824,499.2779617638287,8.163860527785292,0,low_snr;single_channel_detection
/home/s_grudinin/code/university/vlf_analyzing/new_test_raw_data/Broadband_Data_2026.06.02_13.51.00.bin,12.997000008821487,2026-06-02T13:51:12.997000,ns|we,2,58.67536163330078,56.23890686035156,0.9584756752216183,3446241.0,3165977.5,0.9877795586797065,3.4547066214266406,138.10354354720292,138.10354354720292,138.10354354720292,318.1035435472029,4602.1567816077895,2010.0620702383592,2.289559536368969,0,weak_linearity
/home/s_grudinin/code/university/vlf_analyzing/new_test_raw_data/Broadband_Data_2026.06.02_13.51.00.bin,13.28600001335144,2026-06-02T13:51:13.286000,we,1,56.987152099609375,30.291011810302734,0.5315410701232398,3250783.25,918462.9375,0.9346718633534086,0.9935325161591255,158.40897954491248,158.40897954491248,158.40897954491248,338.4089795449125,3683.8920385879105,485.3539596279672,7.590114318654522,0,low_snr;single_channel_detection
/home/s_grudinin/code/university/vlf_analyzing/new_test_raw_data/Broadband_Data_2026.06.02_13.51.00.bin,13.80400002002716,2026-06-02T13:51:13.804000,we,1,56.53508758544922,30.092849731445312,0.5322862494192007,3199412.5,906485.25,0.9872520030918309,0.9847093796563657,157.2636506491856,157.2636506491856,157.2636506491856,337.2636506491856,3687.8367387074723,418.0609808979087,8.821289015747777,0,low_snr;single_channel_detection
/home/s_grudinin/code/university/vlf_analyzing/new_test_raw_data/Broadband_Data_2026.06.02_13.51.00.bin,13.845999956130981,2026-06-02T13:51:13.846000,we,1,57.58494186401367,30.292224884033203,0.5260442036316976,3319341.75,918536.5,0.9879875611589322,0.9895751557216904,157.63194415892949,157.63194415892949,157.63194415892949,337.6319441589295,3808.7996926758406,429.07854157436844,8.876695811215917,0,low_snr;single_channel_detection
/home/s_grudinin/code/university/vlf_analyzing/new_test_raw_data/Broadband_Data_2026.06.02_13.51.00.bin,14.178000003099442,2026-06-02T13:51:14.178000,we,1,59.22969436645508,30.5313663482666,0.5154739809962217,3511664.75,933096.5625,1.0433151894061612,1.0125177624739063,158.67909026714545,158.67909026714545,158.67909026714545,338.67909026714545,3975.071106085007,469.690189066287,8.463176788910955,0,low_snr;single_channel_detection
/home/s_grudinin/code/university/vlf_analyzing/new_test_raw_data/Broadband_Data_2026.06.02_13.51.00.bin,14.909000009298325,2026-06-02T13:51:14.909000,ns|we,2,60.1165885925293,31.082412719726562,0.5170355379012418,3617618.5,967082.5,1.0598739761285378,1.0465471585702786,158.5738877860886,158.5738877860886,158.5738877860886,338.57388778608856,4100.084157814404,484.61698776025463,8.460463131438454,0,low_snr
/home/s_grudinin/code/university/vlf_analyzing/new_test_raw_data/Broadband_Data_2026.06.02_13.51.00.bin,15.0,2026-06-02T13:51:15,we,1,56.265750885009766,56.94902801513672,1.0121437485393618,3169000.5,3246434.75,0.9784738542475079,3.6638614948573878,134.2101251289394,134.2101251289394,134.2101251289394,314.2101251289394,4612.119932356747,1803.3149866946276,2.5575786628438633,0,weak_linearity;single_channel_detection
/home/s_grudinin/code/university/vlf_analyzing/new_test_raw_data/Broadband_Data_2026.06.02_13.51.00.bin,15.324000000953674,2026-06-02T13:51:15.324000,we,1,56.85084533691406,30.59056854248047,0.5380846733446378,3235250.5,936718.6875,1.008234741463664,0.9886430163649169,156.9969729602589,156.9969729602589,156.9969729602589,336.99697296025886,3740.599088541427,431.3702584008199,8.671434842097376,0,low_snr;single_channel_detection
/home/s_grudinin/code/university/vlf_analyzing/new_test_raw_data/Broadband_Data_2026.06.02_13.51.00.bin,15.407000005245209,2026-06-02T13:51:15.407000,ns|we,2,58.51921844482422,40.015811920166016,0.6838063286490211,3427923.5,1602866.5,1.0778262634564533,1.6857375423424183,152.06159010870073,152.06159010870073,152.06159010870073,332.0615901087007,4142.081126897427,888.7088992546516,4.660785022374966,0,low_snr
/home/s_grudinin/code/university/vlf_analyzing/new_test_raw_data/Broadband_Data_2026.06.02_13.51.00.bin,15.52400004863739,2026-06-02T13:51:15.524000,we,1,54.750328063964844,29.719511032104492,0.5428188667177049,3000596.0,884132.625,0.9605295500121959,0.988602469122307,157.47935867427367,157.47935867427367,157.47935867427367,337.47935867427367,3440.009620286593,444.71918224011233,7.735240029356905,0,low_snr;single_channel_detection
/home/s_grudinin/code/university/vlf_analyzing/new_test_raw_data/Broadband_Data_2026.06.02_13.51.00.bin,15.656000018119812,2026-06-02T13:51:15.656000,ns|we,3,56.41737747192383,29.603960037231445,0.5247312328894296,3186103.5,877270.875,0.9782432168797645,0.9321260984845622,158.19101082778275,158.19101082778275,158.19101082778275,338.19101082778275,3626.283224699975,437.0913125551251,8.296397390059376,0,low_snr
/home/s_grudinin/code/university/vlf_analyzing/new_test_raw_data/Broadband_Data_2026.06.02_13.51.00.bin,15.827999949455261,2026-06-02T13:51:15.828000,we,1,56.93854904174805,34.4412841796875,0.6048851746192921,3245240.5,1187388.25,0.9486647444131782,1.3015980172308874,155.88145511436136,155.88145511436136,155.88145511436136,335.88145511436136,3761.1333453322886,671.4955251892845,5.601129425653396,0,low_snr;single_channel_detection
/home/s_grudinin/code/university/vlf_analyzing/new_test_raw_data/Broadband_Data_2026.06.02_13.51.00.bin,15.962000012397766,2026-06-02T13:51:15.962000,ns|we,2,58.46512222290039,30.45741081237793,0.5209500921978308,3421588.5,928581.5,1.0194646553524414,0.7902529746507475,158.03102352102132,158.03102352102132,158.03102352102132,338.0310235210213,3906.119370062996,444.0505230499055,8.796565181894831,0,low_snr
/home/s_grudinin/code/university/vlf_analyzing/new_test_raw_data/Broadband_Data_2026.06.02_13.51.00.bin,16.10199999809265,2026-06-02T13:51:16.102000,we,1,56.597965240478516,30.85332489013672,0.5451313445464655,3206533.0,952879.625,1.010745339332607,1.050314952060858,157.01732725336797,157.01732725336797,157.01732725336797,337.01732725336797,3700.8219765337353,458.59063270094447,8.069990341357675,0,low_snr;single_channel_detection
/home/s_grudinin/code/university/vlf_analyzing/new_test_raw_data/Broadband_Data_2026.06.02_13.51.00.bin,16.472000002861023,2026-06-02T13:51:16.472000,ns|we,2,55.189247131347656,29.557449340820312,0.5355653660299898,3048899.0,874516.4375,0.9136497990211437,0.934235132467248,157.94481511618378,157.94481511618378,157.94481511618378,337.9448151161838,3475.9012011561035,447.51435883551005,7.767127763678551,0,low_snr
/home/s_grudinin/code/university/vlf_analyzing/new_test_raw_data/Broadband_Data_2026.06.02_13.51.00.bin,16.560000002384186,2026-06-02T13:51:16.560000,we,1,58.80039978027344,47.06147766113281,0.8003598247119462,3460944.5,2216997.5,1.068231293481691,2.427446203773025,147.10861713220928,147.10861713220928,147.10861713220928,327.10861713220925,4355.249975997494,1322.692049011027,3.2927165316022724,0,low_snr;single_channel_detection
/home/s_grudinin/code/university/vlf_analyzing/new_test_raw_data/Broadband_Data_2026.06.02_13.51.00.bin,16.82100000977516,2026-06-02T13:51:16.821000,ns|we,2,60.24687957763672,34.379417419433594,0.5706422915253266,3633316.0,1183126.25,1.097240977364895,1.3051033479362646,155.01537176752996,155.01537176752996,155.01537176752996,335.0153717675299,4312.9124108676915,503.5296080136431,8.565360094476956,0,low_snr
/home/s_grudinin/code/university/vlf_analyzing/new_test_raw_data/Broadband_Data_2026.06.02_13.51.00.bin,16.899999976158142,2026-06-02T13:51:16.900000,we,1,56.53531265258789,29.825077056884766,0.5275477512640766,3199438.0,890424.75,0.9789962119045218,0.9885515286684202,157.81191446962922,157.81191446962922,157.81191446962922,337.8119144696292,3660.160004417624,429.70279571205356,8.517887341999772,0,low_snr;single_channel_detection
/home/s_grudinin/code/university/vlf_analyzing/new_test_raw_data/Broadband_Data_2026.06.02_13.51.00.bin,16.98199999332428,2026-06-02T13:51:16.982000,we,2,55.21311569213867,30.244728088378906,0.5477815861183984,3051536.5,915658.25,0.929631590154097,0.7541799759301013,156.75344476636718,156.75344476636718,156.75344476636718,336.7534447663672,3534.8383432812743,432.35639236584404,8.175751314647421,0,low_snr;single_channel_detection
/home/s_grudinin/code/university/vlf_analyzing/new_test_raw_data/Broadband_Data_2026.06.02_13.51.00.bin,17.221000015735626,2026-06-02T13:51:17.221000,ns|we,2,62.08264923095703,44.74043273925781,0.7206592066136833,3858109.5,2003708.0,1.2242944015098178,2.166070659597006,148.53246530434586,148.53246530434586,148.53246530434586,328.53246530434586,4968.7132004021405,893.1045476673454,5.563417198333236,0,low_snr
/home/s_grudinin/code/university/vlf_analyzing/new_test_raw_data/Broadband_Data_2026.06.02_13.51.00.bin,17.432999968528748,2026-06-02T13:51:17.433000,ns|we,2,58.86394500732422,32.48692321777344,0.5518985044874355,3468428.75,1056455.5,1.0666231574858986,1.0824570131251299,156.86334792842405,156.86334792842405,156.86334792842405,336.86334792842405,4007.165899475147,517.7182104520441,7.740052056458076,0,low_snr
/home/s_grudinin/code/university/vlf_analyzing/new_test_raw_data/Broadband_Data_2026.06.02_13.51.00.bin,17.491999983787537,2026-06-02T13:51:17.492000,ns|we,2,55.968441009521484,29.770748138427734,0.5319202679481912,3135599.0,887183.75,0.9164691014303766,0.8793253468122344,157.85639554878207,157.85639554878207,157.85639554878207,337.8563955487821,3581.845897622753,440.9369478700205,8.12326096718618,0,low_snr
/home/s_grudinin/code/university/vlf_analyzing/new_test_raw_data/Broadband_Data_2026.06.02_13.51.00.bin,17.537000000476837,2026-06-02T13:51:17.537000,ns|we,2,58.179012298583984,31.817214965820312,0.5468847563538676,3388182.5,1013347.5,0.9983352355577956,1.061052300942728,157.21833908547353,157.21833908547353,157.21833908547353,337.21833908547353,3896.783898147808,504.746328796673,7.720281804600389,0,low_snr
/home/s_grudinin/code/university/vlf_analyzing/new_test_raw_data/Broadband_Data_2026.06.02_13.51.00.bin,17.731000006198883,2026-06-02T13:51:17.731000,we,2,56.14051818847656,29.608535766601562,0.5274004715666928,3154909.5,877542.0,0.9612483540624907,0.9313359104342751,158.64130461898247,158.64130461898247,158.64130461898247,338.6413046189825,3566.069913972167,466.3819640052419,7.646243185193324,0,low_snr;single_channel_detection
/home/s_grudinin/code/university/vlf_analyzing/new_test_raw_data/Broadband_Data_2026.06.02_13.51.00.bin,18.026000000536442,2026-06-02T13:51:18.026000,we,1,57.67609786987305,30.52412986755371,0.5292336166087508,3329858.75,932654.25,1.0354993246500341,0.8165192614530769,157.6241544066282,157.6241544066282,157.6241544066282,337.62415440662824,3819.0375365670848,443.4755879360841,8.611607133417893,0,low_snr;single_channel_detection
/home/s_grudinin/code/university/vlf_analyzing/new_test_raw_data/Broadband_Data_2026.06.02_13.51.00.bin,18.131999999284744,2026-06-02T13:51:18.132000,we,1,58.43626022338867,30.665748596191406,0.5247726065795899,3418211.25,941328.5,1.0598101041147237,1.0219731281089446,157.97594745834013,157.97594745834013,157.97594745834013,337.9759474583401,3902.8034656805703,456.73611141316906,8.544985535750726,0,low_snr;single_channel_detection
/home/s_grudinin/code/university/vlf_analyzing/new_test_raw_data/Broadband_Data_2026.06.02_13.51.00.bin,18.335999995470047,2026-06-02T13:51:18.336000,ns|we,2,56.82039260864258,51.31376647949219,0.9030871509973741,3231785.75,2635736.0,1.028046079878402,2.920953042744897,141.80965769310131,141.80965769310131,141.80965769310131,321.8096576931013,4199.422188739516,1668.0994588961726,2.5174890899601317,0,low_snr;weak_linearity
/home/s_grudinin/code/university/vlf_analyzing/new_test_raw_data/Broadband_Data_2026.06.02_13.51.00.bin,18.491999998688698,2026-06-02T13:51:18.492000,ns|we,2,61.24953842163086,36.15153884887695,0.590233653681039,3755257.25,1308240.625,1.163279118224991,1.4703316829228852,154.69840335987857,154.69840335987857,154.69840335987857,334.69840335987857,4459.482581291918,604.0152914670442,7.383062389795847,0,low_snr
/home/s_grudinin/code/university/vlf_analyzing/new_test_raw_data/Broadband_Data_2026.06.02_13.51.00.bin,18.903999984264374,2026-06-02T13:51:18.904000,we,1,59.49418640136719,30.897619247436523,0.5193384617278499,3543098.0,955617.5,1.0538180178363659,1.0366366707896986,158.42560152228015,158.42560152228015,158.42560152228015,338.42560152228015,4022.624618990215,476.0908204421156,8.449279940442135,0,low_snr;single_channel_detection
/home/s_grudinin/code/university/vlf_analyzing/new_test_raw_data/Broadband_Data_2026.06.02_13.51.00.bin,19.0,2026-06-02T13:51:19,we,1,55.851036071777344,55.04806900024414,0.9856230586214685,3122457.5,3033320.0,0.970464975655981,3.363104541670417,136.21929416618525,136.21929416618525,136.21929416618525,316.21929416618525,4125.367675898961,2030.4094174124252,2.0317910469290332,0,weak_linearity;single_channel_detection
/home/s_grudinin/code/university/vlf_analyzing/new_test_raw_data/Broadband_Data_2026.06.02_13.51.00.bin,19.178999960422516,2026-06-02T13:51:19.179000,ns|we,2,67.03883361816406,39.54342269897461,0.5898584531497546,4498699.5,1565245.875,1.4684069688025423,1.7522463776442314,155.11109530748774,155.11109530748774,155.11109530748774,335.11109530748774,5303.314195362767,760.6310063889399,6.972256127895701,0,low_snr
/home/s_grudinin/code/university/vlf_analyzing/new_test_raw_data/Broadband_Data_2026.06.02_13.51.00.bin,19.899999976158142,2026-06-02T13:51:19.900000,we,1,54.485267639160156,29.74542999267578,0.5459352827202839,2971613.25,885675.4375,0.9669252117212036,1.0194614152573798,158.75121136407842,158.75121136407842,158.75121136407842,338.7512113640784,3343.2116804029774,514.0769451213787,6.5033293403453545,0,low_snr;single_channel_detection
/home/s_grudinin/code/university/vlf_analyzing/new_test_raw_data/Broadband_Data_2026.06.02_13.51.00.bin,20.126000002026558,2026-06-02T13:51:20.126000,we,1,57.03000259399414,30.181657791137695,0.5292242051259456,3255673.75,911843.375,1.0135153198705835,0.9817508623619698,158.3129763080178,158.3129763080178,158.3129763080178,338.3129763080178,3695.999587435548,471.51743827768314,7.838521520934534,0,low_snr;single_channel_detection
/home/s_grudinin/code/university/vlf_analyzing/new_test_raw_data/Broadband_Data_2026.06.02_13.51.00.bin,21.0,2026-06-02T13:51:21,we,1,57.22962951660156,54.517364501953125,0.9526073287987545,3278506.0,2975115.25,1.0253169974690644,3.284948386900487,138.54356150916576,138.54356150916576,138.54356150916576,318.5435615091658,4356.3235012743435,1897.2980015889275,2.2960670899489997,0,weak_linearity;single_channel_detection
/home/s_grudinin/code/university/vlf_analyzing/new_test_raw_data/Broadband_Data_2026.06.02_13.51.00.bin,21.074000000953674,2026-06-02T13:51:21.074000,we,1,55.27073669433594,29.625429153442383,0.5360056862871129,3057909.0,878543.75,0.961487577992695,0.9928073721794278,157.4551139169395,157.4551139169395,157.4551139169395,337.45511391693947,3511.690430551116,424.76223604493657,8.26742617999496,0,low_snr;single_channel_detection
/home/s_grudinin/code/university/vlf_analyzing/new_test_raw_data/Broadband_Data_2026.06.02_13.51.00.bin,21.174000024795532,2026-06-02T13:51:21.174000,we,1,57.200870513916016,31.437570571899414,0.5495995128999065,3275211.5,989309.125,0.9884262533751166,1.082132740001882,156.75684697812022,156.75684697812022,156.75684697812022,336.7568469781202,3792.252790468212,472.267804574376,8.029877865347846,0,low_snr;single_channel_detection
/home/s_grudinin/code/university/vlf_analyzing/new_test_raw_data/Broadband_Data_2026.06.02_13.51.00.bin,21.49500000476837,2026-06-02T13:51:21.495000,ns|we,2,65.74054718017578,35.86415481567383,0.5455408625878947,4326141.5,1287523.75,1.2225362135327527,1.3838773424495074,157.44960638498756,157.44960638498756,157.44960638498756,337.44960638498753,4959.249372099033,654.4157454163037,7.578132718894501,0,low_snr
/home/s_grudinin/code/university/vlf_analyzing/new_test_raw_data/Broadband_Data_2026.06.02_13.51.00.bin,21.5900000333786,2026-06-02T13:51:21.590000,we,1,61.05934524536133,30.62669563293457,0.5015889952613073,3731972.0,938932.5,1.072403620595359,1.0174736432180305,159.32593006341776,159.32593006341776,159.32593006341776,339.3259300634178,4195.719260434422,475.18526226654194,8.82964938858087,0,low_snr;single_channel_detection
/home/s_grudinin/code/university/vlf_analyzing/new_test_raw_data/Broadband_Data_2026.06.02_13.51.00.bin,22.21400000154972,2026-06-02T13:51:22.214000,ns|we,2,62.085880279541016,32.603370666503906,0.5251334203478641,3858511.5,1064042.75,1.1472997134416465,1.130219226393244,158.9639413138529,158.9639413138529,158.9639413138529,338.9639413138529,4343.575979966487,578.9780727572481,7.502142454689537,0,low_snr
/home/s_grudinin/code/university/vlf_analyzing/new_test_raw_data/Broadband_Data_2026.06.02_13.51.00.bin,22.25799998641014,2026-06-02T13:51:22.258000,we,1,62.373321533203125,35.92049026489258,0.5758951003718871,3894321.75,1291572.0,1.1133112569641306,1.3771336149446642,156.04737405378,156.04737405378,156.04737405378,336.04737405378,4534.258252967022,651.6353876645328,6.958275039693344,0,low_snr;single_channel_detection
/home/s_grudinin/code/university/vlf_analyzing/new_test_raw_data/Broadband_Data_2026.06.02_13.51.00.bin,22.540000021457672,2026-06-02T13:51:22.540000,we,1,57.66545867919922,29.321678161621094,0.5084790589240097,3328630.5,860620.5625,0.9472086329164151,0.9484266548812887,160.10206658406835,160.10206658406835,160.10206658406835,340.1020665840683,3700.7133969594997,488.53767211761897,7.575082963240793,0,low_snr;single_channel_detection
/home/s_grudinin/code/university/vlf_analyzing/new_test_raw_data/Broadband_Data_2026.06.02_13.51.00.bin,22.708000004291534,2026-06-02T13:51:22.708000,we,1,56.01658248901367,29.50845718383789,0.5267807472836236,3140995.5,871619.75,0.9637086346360345,0.973040035319403,158.89985411032362,158.89985411032362,158.89985411032362,338.89985411032364,3538.011387350642,474.6038894109587,7.454661595255231,0,low_snr;single_channel_detection
/home/s_grudinin/code/university/vlf_analyzing/new_test_raw_data/Broadband_Data_2026.06.02_13.51.00.bin,22.8299999833107,2026-06-02T13:51:22.830000,we,1,59.14760208129883,33.86684036254883,0.5725817982612047,3501937.5,1148109.75,1.0577103521172502,1.2299727946679762,155.96006045593066,155.96006045593066,155.96006045593066,335.96006045593066,4086.622846444586,563.4241247099101,7.253191099242788,0,low_snr;single_channel_detection
/home/s_grudinin/code/university/vlf_analyzing/new_test_raw_data/Broadband_Data_2026.06.02_13.51.00.bin,22.899999976158142,2026-06-02T13:51:22.900000,we,1,58.48081970214844,30.47354507446289,0.5210861480681819,3423426.25,929565.625,1.0505393067706739,0.9975442302129434,158.4076777359834,158.4076777359834,158.4076777359834,338.4076777359834,3886.6058882932307,466.38583336759586,8.333456143445673,0,low_snr;single_channel_detection
/home/s_grudinin/code/university/vlf_analyzing/new_test_raw_data/Broadband_Data_2026.06.02_13.51.00.bin,23.0,2026-06-02T13:51:23,we,1,57.79591369628906,56.02984619140625,0.9694430385828959,3343708.0,3142482.75,1.016146621812711,3.4226740241786393,137.587009613095,137.587009613095,137.587009613095,317.587009613095,4358.768742346433,2127.422294249972,2.048849800120726,0,weak_linearity;single_channel_detection
/home/s_grudinin/code/university/vlf_analyzing/new_test_raw_data/Broadband_Data_2026.06.02_13.51.00.bin,23.093999981880188,2026-06-02T13:51:23.094000,we,1,56.13270950317383,29.42285919189453,0.5241660246283033,3154032.0,866570.375,0.9473067067374332,0.9389848412096861,158.51217838992844,158.51217838992844,158.51217838992844,338.5121783899284,3573.535940772981,447.0662440629716,7.993302979657802,0,low_snr;single_channel_detection
/home/s_grudinin/code/university/vlf_analyzing/new_test_raw_data/Broadband_Data_2026.06.02_13.51.00.bin,23.305000007152557,2026-06-02T13:51:23.305000,ns|we,2,62.29764175415039,39.15888977050781,0.6285774014535365,3884877.0,1534952.0,1.1031745547068137,1.646918548180445,155.47392158668492,155.47392158668492,155.47392158668492,335.4739215866849,4502.733018685856,917.0960089177267,4.909772777224892,0,low_snr
/home/s_grudinin/code/university/vlf_analyzing/new_test_raw_data/Broadband_Data_2026.06.02_13.51.00.bin,23.509999990463257,2026-06-02T13:51:23.510000,we,1,59.1329345703125,30.58357810974121,0.5172004117836404,3500200.5,936290.5625,1.0134297046261713,1.031675452201113,158.63644366450544,158.63644366450544,158.63644366450544,338.63644366450546,3963.366785662075,473.12423127174145,8.377010780041163,0,low_snr;single_channel_detection
/home/s_grudinin/code/university/vlf_analyzing/new_test_raw_data/Broadband_Data_2026.06.02_13.51.00.bin,23.880999982357025,2026-06-02T13:51:23.881000,ns|we,4,65.36918640136719,38.859622955322266,0.5944639224469365,4277404.0,1511580.5,1.149222443093681,1.0672198099786645,156.85149727593924,156.85149727593924,156.85149727593924,336.8514972759392,4896.042745729747,892.9414803103374,5.483049957571851,0,low_snr
/home/s_grudinin/code/university/vlf_analyzing/new_test_raw_data/Broadband_Data_2026.06.02_13.51.00.bin,23.962000012397766,2026-06-02T13:51:23.962000,we,2,58.980079650878906,31.31302833557129,0.5309085460874609,3482128.25,981486.25,0.9957996040297576,0.8037413187304482,158.34440869672255,158.34440869672255,158.34440869672255,338.34440869672255,3950.1333770300976,513.481036404299,7.692851530976264,0,low_snr;single_channel_detection
/home/s_grudinin/code/university/vlf_analyzing/new_test_raw_data/Broadband_Data_2026.06.02_13.51.00.bin,24.034000001847744,2026-06-02T13:51:24.034000,we,1,59.225555419921875,30.91730308532715,0.5220263932708832,3511174.0,956835.5,1.0283113033072233,0.8263382123512482,158.37575751428673,158.37575751428673,158.37575751428673,338.37575751428676,3987.420857153632,480.5886082353212,8.296952505376854,0,low_snr;single_channel_detection
/home/s_grudinin/code/university/vlf_analyzing/new_test_raw_data/Broadband_Data_2026.06.02_13.51.00.bin,24.335999995470047,2026-06-02T13:51:24.336000,ns|we,4,63.995887756347656,38.529151916503906,0.6020566831293258,4099569.25,1485980.0,1.112398969342064,1.542452593567491,155.75425830204856,155.75425830204856,155.75425830204856,335.7542583020486,4764.606506285883,820.9430998968026,5.803820638586057,0,low_snr
/home/s_grudinin/code/university/vlf_analyzing/new_test_raw_data/Broadband_Data_2026.06.02_13.51.00.bin,24.42399999499321,2026-06-02T13:51:24.424000,we,1,61.578697204589844,31.12948989868164,0.5055236845179775,3795728.0,970014.125,1.064990769303346,1.03516217144164,159.1653256158539,159.1653256158539,159.1653256158539,339.16532561585393,4274.260869001195,491.48098620627155,8.696696289299185,0,low_snr;single_channel_detection
/home/s_grudinin/code/university/vlf_analyzing/new_test_raw_data/Broadband_Data_2026.06.02_13.51.00.bin,24.490000009536743,2026-06-02T13:51:24.490000,we,1,58.34666061401367,29.068004608154297,0.4981948290142977,3407737.25,845793.875,0.9768630097975991,0.9115307131351239,159.83636270477936,159.83636270477936,159.83636270477936,339.8363627047794,3807.0362322293513,446.494940227818,8.526493559561624,0,low_snr;single_channel_detection
/home/s_grudinin/code/university/vlf_analyzing/new_test_raw_data/Broadband_Data_2026.06.02_13.51.00.bin,24.64300000667572,2026-06-02T13:51:24.643000,ns|we,2,57.09494400024414,32.5560302734375,0.57020863832177,3263092.5,1060955.0,0.9934738771305265,1.1856247727281715,156.85858753431887,156.85858753431887,156.85858753431887,336.8585875343189,3755.237655283753,568.8096894632872,6.601922795701815,0,low_snr
/home/s_grudinin/code/university/vlf_analyzing/new_test_raw_data/Broadband_Data_2026.06.02_13.51.00.bin,24.760999977588654,2026-06-02T13:51:24.761000,ns|we,2,55.937896728515625,29.341020584106445,0.5245284914180312,3132177.5,861756.375,0.9867269084746104,0.9712666477209373,158.6369661882996,158.6369661882996,158.6369661882996,338.6369661882996,3542.2997415349764,451.6342947773284,7.843292200122771,0,low_snr
/home/s_grudinin/code/university/vlf_analyzing/new_test_raw_data/Broadband_Data_2026.06.02_13.51.00.bin,24.88400000333786,2026-06-02T13:51:24.884000,we,1,59.18235778808594,33.310726165771484,0.5628489200286092,3506053.75,1110714.0,1.0693960032708505,1.179390773629015,156.42243156419713,156.42243156419713,156.42243156419713,336.42243156419715,4069.6229431040047,547.144913775535,7.437925201610393,0,low_snr;single_channel_detection
/home/s_grudinin/code/university/vlf_analyzing/new_test_raw_data/Broadband_Data_2026.06.02_13.51.00.bin,25.0,2026-06-02T13:51:25,we,1,58.79887771606445,56.810096740722656,0.9661765487268916,3460765.25,3230614.5,0.9994555661445138,3.376399047846422,137.51945250358486,137.51945250358486,137.51945250358486,317.51945250358483,4655.863457157017,2035.5162741294885,2.2873133053913546,0,weak_linearity;single_channel_detection
/home/s_grudinin/code/university/vlf_analyzing/new_test_raw_data/Broadband_Data_2026.06.02_13.51.00.bin,25.20200002193451,2026-06-02T13:51:25.202000,we,2,59.85188293457031,30.46660614013672,0.5090333778377883,3585830.0,929142.25,0.9957660107622006,0.9214041291865633,159.12880500987927,159.12880500987927,159.12880500987927,339.1288050098793,4037.759863824125,477.21226652544465,8.461140140472114,0,low_snr;single_channel_detection
/home/s_grudinin/code/university/vlf_analyzing/new_test_raw_data/Broadband_Data_2026.06.02_13.51.00.bin,25.320000052452087,2026-06-02T13:51:25.320000,we,1,60.571617126464844,31.135149002075195,0.5140220862366768,3672589.75,970366.875,1.042959414950563,1.0917236124481409,159.2753846639428,159.2753846639428,159.2753846639428,339.27538466394276,4124.059603054028,518.8969821069219,7.947742510100459,0,low_snr;single_channel_detection
/home/s_grudinin/code/university/vlf_analyzing/new_test_raw_data/Broadband_Data_2026.06.02_13.51.00.bin,25.435999989509583,2026-06-02T13:51:25.436000,we,1,59.25359344482422,30.691478729248047,0.5179682268186288,3514499.25,942908.875,0.9995997015868816,1.0227340034977825,158.7320204045409,158.7320204045409,158.7320204045409,338.7320204045409,3973.685523313624,483.7225680185178,8.2148028354168,0,low_snr;single_channel_detection
/home/s_grudinin/code/university/vlf_analyzing/new_test_raw_data/Broadband_Data_2026.06.02_13.51.00.bin,25.566999971866608,2026-06-02T13:51:25.567000,we,2,56.97052764892578,29.434255599975586,0.5166575914718612,3248886.5,867241.8125,0.9489920549372887,0.9367276532696216,158.38533195894573,158.38533195894573,158.38533195894573,338.3853319589457,3692.421786626017,423.70669131087107,8.714570391140933,0,low_snr;single_channel_detection
/home/s_grudinin/code/university/vlf_analyzing/new_test_raw_data/Broadband_Data_2026.06.02_13.51.00.bin,25.674000024795532,2026-06-02T13:51:25.674000,we,1,57.515071868896484,65.75701141357422,1.143300517183805,3311291.5,4328308.5,0.9985422955381565,4.625430972597754,125.7043040634203,125.7043040634203,125.7043040634203,305.7043040634203,5414.786508868672,2224.813567120997,2.4338158436689294,0,weak_linearity;single_channel_detection
/home/s_grudinin/code/university/vlf_analyzing/new_test_raw_data/Broadband_Data_2026.06.02_13.51.00.bin,26.17000000178814,2026-06-02T13:51:26.170000,we,1,60.28470230102539,32.28018569946289,0.5354623058147423,3637879.5,1043052.375,1.0698229091878657,1.1747117165884042,160.04623363854506,160.04623363854506,160.04623363854506,340.04623363854506,4031.8306856966947,649.1011177645978,6.211406166702777,0,low_snr;single_channel_detection
/home/s_grudinin/code/university/vlf_analyzing/new_test_raw_data/Broadband_Data_2026.06.02_13.51.00.bin,26.453999996185303,2026-06-02T13:51:26.454000,ns,1,57.796810150146484,29.926706314086914,0.5177916607567407,3343811.75,896503.375,0.959617038840007,0.9686155281731875,158.71045904523368,158.71045904523368,158.71045904523368,338.7104590452337,3781.954193658986,458.3609857329191,8.251038616673785,0,low_snr;single_channel_detection
/home/s_grudinin/code/university/vlf_analyzing/new_test_raw_data/Broadband_Data_2026.06.02_13.51.00.bin,26.639999985694885,2026-06-02T13:51:26.640000,ns,1,64.312255859375,30.13331413269043,0.46854699357116913,4140202.25,908924.6875,1.23072667114895,0.9803346527077345,160.88940001587795,160.88940001587795,160.88940001587795,340.889400015878,4581.056693122629,468.0701217586759,9.787116246408239,0,low_snr;single_channel_detection
/home/s_grudinin/code/university/vlf_analyzing/new_test_raw_data/Broadband_Data_2026.06.02_13.51.00.bin,26.82200002670288,2026-06-02T13:51:26.822000,we,1,57.32597732543945,30.6640567779541,0.5349068294793088,3289554.0,941224.625,1.0189611338315638,1.0223973334984489,157.10444321668376,157.10444321668376,157.10444321668376,337.10444321668376,3799.3194497070654,431.45897320262185,8.805749064634284,0,low_snr;single_channel_detection
/home/s_grudinin/code/university/vlf_analyzing/new_test_raw_data/Broadband_Data_2026.06.02_13.51.00.bin,26.94599997997284,2026-06-02T13:51:26.946000,we,1,59.05734634399414,31.14657211303711,0.5273953884012271,3491258.0,971079.125,1.0565795134510634,1.0671170047962382,157.90017978150124,157.90017978150124,157.90017978150124,337.90017978150127,3988.8239297624864,473.5132759072482,8.423890380095296,0,low_snr;single_channel_detection
/home/s_grudinin/code/university/vlf_analyzing/new_test_raw_data/Broadband_Data_2026.06.02_13.51.00.bin,27.0,2026-06-02T13:51:27,we,1,58.86833190917969,57.05691909790039,0.9692294183895874,3468946.0,3258747.75,1.0103591902980629,3.4085501094017197,137.233588753646,137.233588753646,137.233588753646,317.233588753646,4713.20597763182,2014.4878823476006,2.339654668033666,0,weak_linearity;single_channel_detection
/home/s_grudinin/code/university/vlf_analyzing/new_test_raw_data/Broadband_Data_2026.06.02_13.51.00.bin,27.04200005531311,2026-06-02T13:51:27.042000,we,1,59.1602897644043,33.66764450073242,0.56909194723027,3503440.0,1134643.875,1.0089990094945083,0.944045646597951,156.66074485656407,156.66074485656407,156.66074485656407,336.66074485656407,4045.3402313658244,592.7437877572669,6.824770355960973,0,low_snr;single_channel_detection
/home/s_grudinin/code/university/vlf_analyzing/new_test_raw_data/Broadband_Data_2026.06.02_13.51.00.bin,27.10199999809265,2026-06-02T13:51:27.102000,we,1,59.820098876953125,32.988136291503906,0.5514557299438481,3582022.5,1089305.25,1.0312987006133694,1.1455128178769742,156.99771384271455,156.99771384271455,156.99771384271455,336.9977138427146,4130.015707939482,541.3119363622308,7.629640934383135,0,low_snr;single_channel_detection
/home/s_grudinin/code/university/vlf_analyzing/new_test_raw_data/Broadband_Data_2026.06.02_13.51.00.bin,27.361999988555908,2026-06-02T13:51:27.362000,we,1,59.567684173583984,31.31379508972168,0.5256842787184873,3551857.5,981534.25,1.0195537999928725,1.042199181882251,157.2276150733568,157.2276150733568,157.2276150733568,337.2276150733568,4101.719139368954,431.67271292815303,9.501918968993595,0,low_snr;single_channel_detection
/home/s_grudinin/code/university/vlf_analyzing/new_test_raw_data/Broadband_Data_2026.06.02_13.51.00.bin,27.56599998474121,2026-06-02T13:51:27.566000,we,1,56.92533493041992,29.557228088378906,0.5192280049736433,3243734.25,874503.375,1.0471009410689953,0.9851068957861222,158.27438228521453,158.27438228521453,158.27438228521453,338.27438228521453,3690.910515052181,427.3270979083104,8.637202117812135,0,low_snr;single_channel_detection
/home/s_grudinin/code/university/vlf_analyzing/new_test_raw_data/Broadband_Data_2026.06.02_13.51.00.bin,27.660000026226044,2026-06-02T13:51:27.660000,we,2,56.233333587646484,30.013751983642578,0.5337359546159923,3165350.25,901726.125,0.9840157633096748,0.966432670405769,157.5451953965038,157.5451953965038,157.5451953965038,337.5451953965038,3631.642964957583,435.4334380025088,8.340294171291113,0,low_snr;single_channel_detection
/home/s_grudinin/code/university/vlf_analyzing/new_test_raw_data/Broadband_Data_2026.06.02_13.51.00.bin,27.907999992370605,2026-06-02T13:51:27.908000,we,1,60.2929801940918,32.100399017333984,0.5324069056463562,3638879.0,1031466.0625,1.0798707748576943,1.1116367142663734,157.72446087374576,157.72446087374576,157.72446087374576,337.7244608737458,4164.614380662564,505.7307489609643,8.234845101309054,0,low_snr;single_channel_detection
/home/s_grudinin/code/university/vlf_analyzing/new_test_raw_data/Broadband_Data_2026.06.02_13.51.00.bin,28.448000013828278,2026-06-02T13:51:28.448000,we,1,57.18545150756836,30.827693939208984,0.5390828108636769,3273446.0,951297.0,1.0189240466224097,1.0323010773390433,157.0793626387153,157.0793626387153,157.0793626387153,337.07936263871534,3779.0291120960183,445.7138771338567,8.478598728845707,0,low_snr;single_channel_detection
/home/s_grudinin/code/university/vlf_analyzing/new_test_raw_data/Broadband_Data_2026.06.02_13.51.00.bin,28.59299999475479,2026-06-02T13:51:28.593000,we,2,58.111759185791016,31.089630126953125,0.5349972288320323,3380353.5,967531.625,1.038991740328381,0.4174419223804112,157.9153291242098,157.9153291242098,157.9153291242098,337.9153291242098,3855.858974439992,492.0262091665221,7.836694270761908,0,low_snr;single_channel_detection
/home/s_grudinin/code/university/vlf_analyzing/new_test_raw_data/Broadband_Data_2026.06.02_13.51.00.bin,28.649999976158142,2026-06-02T13:51:28.650000,we,1,55.4179573059082,29.958009719848633,0.540583074083357,3074221.25,898379.8125,0.9517795185487745,0.9480683792227085,157.28920984147862,157.28920984147862,157.28920984147862,337.2892098414786,3536.2992894147046,436.301633186402,8.105170873618702,0,low_snr;single_channel_detection
/home/s_grudinin/code/university/vlf_analyzing/new_test_raw_data/Broadband_Data_2026.06.02_13.51.00.bin,28.689999997615814,2026-06-02T13:51:28.690000,we,1,56.12688446044922,29.816272735595703,0.5312297844824386,3153377.5,889899.125,0.9862641230576565,0.9527476966799685,157.70319011729524,157.70319011729524,157.70319011729524,337.7031901172952,3610.926837169899,432.34968179351756,8.35186653125468,0,low_snr;single_channel_detection
/home/s_grudinin/code/university/vlf_analyzing/new_test_raw_data/Broadband_Data_2026.06.02_13.51.00.bin,28.772000014781952,2026-06-02T13:51:28.772000,we,1,56.68000411987305,30.562604904174805,0.5392131736535717,3215835.75,935006.875,1.004153619912834,1.0081423581673172,157.76949428690517,157.76949428690517,157.76949428690517,337.76949428690517,3673.2509250642806,477.59184413807304,7.69119274156266,0,low_snr;single_channel_detection
/home/s_grudinin/code/university/vlf_analyzing/new_test_raw_data/Broadband_Data_2026.06.02_13.51.00.bin,28.819000005722046,2026-06-02T13:51:28.819000,ns|we,2,56.27738952636719,32.55685043334961,0.5785067627931717,3170312.0,1061008.5,0.9780883922515484,1.1533475121423529,156.5875582412931,156.5875582412931,156.5875582412931,336.5875582412931,3657.029669945902,574.2910019280212,6.367903480410528,0,low_snr
/home/s_grudinin/code/university/vlf_analyzing/new_test_raw_data/Broadband_Data_2026.06.02_13.51.00.bin,28.917999982833862,2026-06-02T13:51:28.918000,ns|we,2,61.004371643066406,33.99034118652344,0.5571787770456632,3725255.0,1156498.75,1.1158297919375857,1.2132940985161045,156.26776986553475,156.26776986553475,156.26776986553475,336.2677698655348,4340.711428992865,541.0424447238336,8.02286672944579,0,low_snr
/home/s_grudinin/code/university/vlf_analyzing/new_test_raw_data/Broadband_Data_2026.06.02_13.51.00.bin,29.0,2026-06-02T13:51:29,we,1,55.28286361694336,55.379886627197266,1.001755028663587,3059251.25,3069998.75,0.9262387456129503,3.4182899003512017,134.85462445699548,134.85462445699548,134.85462445699548,314.85462445699545,4123.586041627617,2005.6638862199168,2.0559706289568567,0,weak_linearity;single_channel_detection
/home/s_grudinin/code/university/vlf_analyzing/new_test_raw_data/Broadband_Data_2026.06.02_13.51.00.bin,29.12600004673004,2026-06-02T13:51:29.126000,we,1,59.33869934082031,31.213706970214844,0.5260261400563219,3524602.5,975269.75,1.0253167922593651,1.0331785115843812,159.28920612505502,159.28920612505502,159.28920612505502,339.289206125055,3949.8044036050965,550.0678493454702,7.180576738496879,0,low_snr;single_channel_detection
/home/s_grudinin/code/university/vlf_analyzing/new_test_raw_data/Broadband_Data_2026.06.02_13.51.00.bin,29.675999999046326,2026-06-02T13:51:29.676000,ns|we,2,60.77452087402344,35.16725158691406,0.5786512354381201,3697235.75,1237972.5,1.211212495942943,1.413963296103188,156.11300841674205,156.11300841674205,156.11300841674205,336.11300841674205,4297.258221807316,637.9500625274732,6.736041697028988,0,low_snr
/home/s_grudinin/code/university/vlf_analyzing/new_test_raw_data/Broadband_Data_2026.06.02_13.51.00.bin,29.83399999141693,2026-06-02T13:51:29.834000,ns,1,57.46294021606445,30.37984848022461,0.5286859385543768,3305291.5,923858.125,0.9908897872176124,0.9950668371639048,158.22478036500172,158.22478036500172,158.22478036500172,338.2247803650017,3757.468070313882,471.68147330437176,7.966113326416816,0,low_snr;single_channel_detection
/home/s_grudinin/code/university/vlf_analyzing/new_test_raw_data/Broadband_Data_2026.06.02_13.51.00.bin,29.906999945640564,2026-06-02T13:51:29.907000,ns|we,2,62.926631927490234,30.547992706298828,0.48545411967223207,3963721.0,934113.0,1.1868465886098833,0.9939901155011867,160.6695915599762,160.6695915599762,160.6695915599762,340.6695915599762,4388.839998639698,508.9940833430338,8.622575668884258,0,low_snr
/home/s_grudinin/code/university/vlf_analyzing/new_test_raw_data/Broadband_Data_2026.06.02_13.51.00.bin,30.038999998942018,2026-06-02T13:51:30.039000,ns|we,2,57.89413070678711,33.41016387939453,0.5770906907403858,3355082.25,1117355.375,0.9756341748490729,0.9622600290501735,157.75717831645304,157.75717831645304,157.75717831645304,337.75717831645306,3804.5152073783443,667.9225582657584,5.696042393382628,0,low_snr
/home/s_grudinin/code/university/vlf_analyzing/new_test_raw_data/Broadband_Data_2026.06.02_13.51.00.bin,30.30000001192093,2026-06-02T13:51:30.300000,we,1,58.55613327026367,30.832202911376953,0.5265409648733383,3432249.5,951575.375,1.0415913439442606,1.02126910113052,157.64941324237765,157.64941324237765,157.64941324237765,337.64941324237765,3936.9366290461603,446.88835756661047,8.8096647907399,0,low_snr;single_channel_detection
/home/s_grudinin/code/university/vlf_analyzing/new_test_raw_data/Broadband_Data_2026.06.02_13.51.00.bin,30.349999994039536,2026-06-02T13:51:30.350000,we,1,56.30269241333008,30.891475677490234,0.5486678230360419,3173163.25,955237.625,1.0153071469634989,1.0521202321760408,157.83687851251648,157.83687851251648,157.83687851251648,337.8368785125165,3614.3891906825843,514.0116843867847,7.031725737897454,0,low_snr;single_channel_detection
/home/s_grudinin/code/university/vlf_analyzing/new_test_raw_data/Broadband_Data_2026.06.02_13.51.00.bin,30.740000009536743,2026-06-02T13:51:30.740000,ns|we,2,105.91609191894531,91.93546295166016,0.8680027867910287,11229436.0,8460582.0,3.3312784931455495,9.211086532787219,140.97088729611818,140.97088729611818,140.97088729611818,320.9708872961182,16535.72440677011,3154.29418761756,5.242289850985506,0,good
/home/s_grudinin/code/university/vlf_analyzing/new_test_raw_data/Broadband_Data_2026.06.02_13.51.00.bin,31.0,2026-06-02T13:51:31,we,1,58.253787994384766,55.2850227355957,0.9490373869064759,3396897.5,3059490.25,1.0041852756782683,3.3025365038070076,138.9306593791208,138.9306593791208,138.9306593791208,318.9306593791208,4461.625394294606,1994.762368517484,2.2366701240762343,0,weak_linearity;single_channel_detection
/home/s_grudinin/code/university/vlf_analyzing/new_test_raw_data/Broadband_Data_2026.06.02_13.51.00.bin,31.25,2026-06-02T13:51:31.250000,ns|we,2,59.857601165771484,44.561317443847656,0.7444554505356374,3586515.5,1987696.75,1.1163675576596621,2.006975147451543,150.6770648997377,150.6770648997377,150.6770648997377,330.67706489973773,4323.46854011906,1250.7439524080291,3.456717525433707,0,low_snr
/home/s_grudinin/code/university/vlf_analyzing/new_test_raw_data/Broadband_Data_2026.06.02_13.51.00.bin,31.60199999809265,2026-06-02T13:51:31.602000,we,1,56.52253341674805,30.700454711914062,0.5431542582416652,3197991.5,943460.4375,1.0006476049018236,1.0430105181040046,158.64918843107384,158.64918843107384,158.64918843107384,338.64918843107387,3604.638812823489,536.8130274808884,6.7148869872607815,0,low_snr;single_channel_detection
/home/s_grudinin/code/university/vlf_analyzing/new_test_raw_data/Broadband_Data_2026.06.02_13.51.00.bin,31.759999990463257,2026-06-02T13:51:31.760000,we,1,57.53015899658203,30.46932029724121,0.5296234327989762,3313028.75,929307.875,1.0005104913085845,1.0512220361055309,159.44371037879887,159.44371037879887,159.44371037879887,339.44371037879887,3703.1038327682663,539.2326646102715,6.867358147609,0,low_snr;single_channel_detection
/home/s_grudinin/code/university/vlf_analyzing/new_test_raw_data/Broadband_Data_2026.06.02_13.51.00.bin,31.960000038146973,2026-06-02T13:51:31.960000,we,1,56.47507858276367,30.11905860900879,0.5333159220817917,3192624.0,908064.8125,0.9744316857430578,0.7730848961005031,158.46656949160084,158.46656949160084,158.46656949160084,338.4665694916008,3613.916967123291,486.77166337042894,7.424255023598456,0,low_snr;single_channel_detection
/home/s_grudinin/code/university/vlf_analyzing/new_test_raw_data/Broadband_Data_2026.06.02_13.51.00.bin,32.10999999940395,2026-06-02T13:51:32.110000,we,1,58.124114990234375,30.681976318359375,0.5278699955003844,3381791.25,942325.0625,1.0193254468450215,1.0101372428538464,157.60197001849045,157.60197001849045,157.60197001849045,337.6019700184904,3880.913897212288,443.2023404659218,8.756528436046663,0,low_snr;single_channel_detection
/home/s_grudinin/code/university/vlf_analyzing/new_test_raw_data/Broadband_Data_2026.06.02_13.51.00.bin,32.39399999380112,2026-06-02T13:51:32.394000,we,1,60.2095832824707,30.777557373046875,0.5111737317405896,3628819.0,948205.25,1.1106175961695313,1.0270502191896338,159.58521175813527,159.58521175813527,159.58521175813527,339.5852117581353,4059.864085105398,517.1603123509412,7.850300937923472,0,low_snr;single_channel_detection
/home/s_grudinin/code/university/vlf_analyzing/new_test_raw_data/Broadband_Data_2026.06.02_13.51.00.bin,32.58199997742971,2026-06-02T13:51:32.582000,we,3,58.93226623535156,40.678977966308594,0.6902666495778826,3476485.0,1656434.0,1.037382414931176,1.7650029864932366,155.27985628308528,155.27985628308528,155.27985628308528,335.2798562830853,3965.981630764455,1166.9374370908174,3.3986240433348938,0,low_snr;single_channel_detection
/home/s_grudinin/code/university/vlf_analyzing/new_test_raw_data/Broadband_Data_2026.06.02_13.51.00.bin,32.81199997663498,2026-06-02T13:51:32.812000,we,1,58.73552322387695,30.54153823852539,0.519984100969228,3453311.5,933718.375,0.9840932251803199,1.0054750337526628,158.68725839567756,158.68725839567756,158.68725839567756,338.68725839567753,3905.669826021599,481.36019119444984,8.113819749676516,0,low_snr;single_channel_detection
/home/s_grudinin/code/university/vlf_analyzing/new_test_raw_data/Broadband_Data_2026.06.02_13.51.00.bin,32.94399998585383,2026-06-02T13:51:32.944000,ns|we,3,55.80546188354492,29.000219345092773,0.5196663259522882,3117364.0,841853.6875,0.9247505157150357,0.8862264727121913,159.5357398019152,159.5357398019152,159.5357398019152,339.5357398019152,3485.517119410807,473.7004587515894,7.358061523935783,0,low_snr
/home/s_grudinin/code/university/vlf_analyzing/new_test_raw_data/Broadband_Data_2026.06.02_13.51.00.bin,33.0,2026-06-02T13:51:33,we,1,56.51343536376953,54.918941497802734,0.9717855788503349,3196962.0,3019106.25,0.9828726319596764,3.2705569447351936,137.3813377712434,137.3813377712434,137.3813377712434,317.3813377712434,4179.0850199339475,2036.9830048017054,2.0516052466234336,0,weak_linearity;single_channel_detection
/home/s_grudinin/code/university/vlf_analyzing/new_test_raw_data/Broadband_Data_2026.06.02_13.51.00.bin,33.164000034332275,2026-06-02T13:51:33.164000,we,1,56.400814056396484,31.63271141052246,0.5608555823129009,3184233.0,1001629.125,1.0139047059813158,1.1319003920844617,157.66531505926795,157.66531505926795,157.66531505926795,337.665315059268,3627.435822270679,558.426407434278,6.4958171282356325,0,low_snr;single_channel_detection
/home/s_grudinin/code/university/vlf_analyzing/new_test_raw_data/Broadband_Data_2026.06.02_13.51.00.bin,33.38299995660782,2026-06-02T13:51:33.383000,ns|we,2,56.05823516845703,29.677244186401367,0.5294002584494435,3145668.5,881619.5,0.9818947557923369,0.9562480467522997,157.9544516743044,157.9544516743044,157.9544516743044,337.95445167430444,3589.7650462266874,437.52291375880276,8.20474753056166,0,low_snr
/home/s_grudinin/code/university/vlf_analyzing/new_test_raw_data/Broadband_Data_2026.06.02_13.51.00.bin,33.48100000619888,2026-06-02T13:51:33.481000,ns|we,2,61.57826614379883,54.45566177368164,0.8843324956002298,3795675.0,2968384.25,1.099989999803112,3.118825208463895,142.21421784247394,142.21421784247394,142.21421784247394,322.21421784247394,5042.119192298435,1721.9404392103997,2.9281612055121427,0,weak_linearity
/home/s_grudinin/code/university/vlf_analyzing/new_test_raw_data/Broadband_Data_2026.06.02_13.51.00.bin,33.63800001144409,2026-06-02T13:51:33.638000,we,1,57.228607177734375,29.64105796813965,0.5179412784952665,3278388.5,879470.875,0.96060698087295,0.9577835781355938,159.0050821502922,159.0050821502922,159.0050821502922,339.0050821502922,3692.7028629775295,465.15640598825007,7.938626267292124,0,low_snr;single_channel_detection
/home/s_grudinin/code/university/vlf_analyzing/new_test_raw_data/Broadband_Data_2026.06.02_13.51.00.bin,33.69799995422363,2026-06-02T13:51:33.698000,we,1,61.61726379394531,32.10108947753906,0.5209755756907349,3800484.0,1031510.5,1.1128667410713644,1.1319037822546343,158.85649694946036,158.85649694946036,158.85649694946036,338.8564969494604,4287.472296727176,544.5222146109359,7.873824394456691,0,low_snr;single_channel_detection
/home/s_grudinin/code/university/vlf_analyzing/new_test_raw_data/Broadband_Data_2026.06.02_13.51.00.bin,33.81099998950958,2026-06-02T13:51:33.811000,ns|we,2,58.007598876953125,30.3491268157959,0.5231922610720804,3368246.5,921990.5625,0.9486361272095836,0.9443288622669197,158.21794368961028,158.21794368961028,158.21794368961028,338.21794368961025,3833.114548559112,457.12265149947854,8.38530870431713,0,low_snr
/home/s_grudinin/code/university/vlf_analyzing/new_test_raw_data/Broadband_Data_2026.06.02_13.51.00.bin,34.014000000432134,2026-06-02T13:51:34.014000,we,1,59.83876037597656,31.619976043701172,0.5284196371219464,3584258.0,1000822.75,1.0707938873915401,0.8516026054588113,158.03533932708928,158.03533932708928,158.03533932708928,338.0353393270893,4086.104089391435,498.9768215580814,8.188965725166055,0,low_snr;single_channel_detection
/home/s_grudinin/code/university/vlf_analyzing/new_test_raw_data/Broadband_Data_2026.06.02_13.51.00.bin,34.128000006079674,2026-06-02T13:51:34.128000,we,1,56.91118621826172,34.19896697998047,0.6009181894192546,3242122.25,1170738.875,0.9722063971659997,1.252141838658815,154.89252775752573,154.89252775752573,154.89252775752573,334.8925277575257,3824.9282142119546,587.9328188245756,6.505723259094353,0,low_snr;single_channel_detection
/home/s_grudinin/code/university/vlf_analyzing/new_test_raw_data/Broadband_Data_2026.06.02_13.51.00.bin,34.44200000166893,2026-06-02T13:51:34.442000,we,1,59.80806350708008,40.259613037109375,0.673146908231576,3580581.5,1622457.375,1.0711318844397204,1.8137513181835547,156.04496008993425,156.04496008993425,156.04496008993425,336.04496008993425,4062.1608088765042,1140.8782381534268,3.5605559585844397,0,low_snr;single_channel_detection
/home/s_grudinin/code/university/vlf_analyzing/new_test_raw_data/Broadband_Data_2026.06.02_13.51.00.bin,34.82599997520447,2026-06-02T13:51:34.826000,we,1,58.24587631225586,30.07748031616211,0.5163881500368604,3395974.5,905559.5,0.9497105081218742,0.7294154544572301,159.2769394966988,159.2769394966988,159.2769394966988,339.2769394966988,3811.9771366144787,489.5567733133709,7.786588490676198,0,low_snr;single_channel_detection
/home/s_grudinin/code/university/vlf_analyzing/new_test_raw_data/Broadband_Data_2026.06.02_13.51.00.bin,34.86599999666214,2026-06-02T13:51:34.866000,we,1,59.387393951416016,60.39694595336914,1.0169994326199598,3530389.5,3651438.75,0.9990050770323617,3.877078916521961,133.70983573269436,133.70983573269436,133.70983573269436,313.7098357326944,4935.305706766482,2246.5223158410067,2.1968647593509,0,weak_linearity;single_channel_detection
/home/s_grudinin/code/university/vlf_analyzing/new_test_raw_data/Broadband_Data_2026.06.02_13.51.00.bin,35.0,2026-06-02T13:51:35,we,1,57.76411819458008,56.10584259033203,0.9712922891220624,3340030.0,3151013.5,1.0526197586285213,3.5367516896638844,137.78976878637576,137.78976878637576,137.78976878637576,317.78976878637576,4217.555286207081,2273.488180365638,1.8551032385524797,0,weak_linearity;single_channel_detection
/home/s_grudinin/code/university/vlf_analyzing/new_test_raw_data/Broadband_Data_2026.06.02_13.51.00.bin,35.866000056266785,2026-06-02T13:51:35.866000,we,1,60.99275588989258,31.644500732421875,0.5188239204922585,3723836.25,1002375.75,1.0865599354806734,1.0936410043101654,158.93234046795803,158.93234046795803,158.93234046795803,338.93234046795806,4198.056210897546,528.1556383663392,7.948521053155327,0,low_snr;single_channel_detection
/home/s_grudinin/code/university/vlf_analyzing/new_test_raw_data/Broadband_Data_2026.06.02_13.51.00.bin,36.11599999666214,2026-06-02T13:51:36.116000,we,1,57.04668426513672,30.690324783325195,0.5379861280049999,3257578.5,942837.9375,1.0018032095822853,1.039418495058896,157.9437909287785,157.9437909287785,157.9437909287785,337.9437909287785,3712.1998225489097,488.2167382472105,7.603589823397686,0,low_snr;single_channel_detection
/home/s_grudinin/code/university/vlf_analyzing/new_test_raw_data/Broadband_Data_2026.06.02_13.51.00.bin,36.26199999451637,2026-06-02T13:51:36.262000,we,1,58.53214645385742,30.577733993530273,0.5224092374202449,3429438.25,935932.875,1.0020872315543077,0.9980151108780799,158.0963740803736,158.0963740803736,158.0963740803736,338.0963740803736,3910.273193096057,455.09795894840994,8.592157174537709,0,low_snr;single_channel_detection
/home/s_grudinin/code/university/vlf_analyzing/new_test_raw_data/Broadband_Data_2026.06.02_13.51.00.bin,36.50299999117851,2026-06-02T13:51:36.503000,ns|we,2,64.40453338623047,34.77847671508789,0.5400004454115478,4152091.75,1210751.875,1.1764689833833752,1.3724421247304568,157.53316334529427,157.53316334529427,157.53316334529427,337.53316334529427,4758.859541117241,603.9839483185904,7.879115917509488,0,low_snr
/home/s_grudinin/code/university/vlf_analyzing/new_test_raw_data/Broadband_Data_2026.06.02_13.51.00.bin,36.75199997425079,2026-06-02T13:51:36.752000,we,1,58.743350982666016,30.460729598999023,0.5185391893626711,3454232.25,928783.875,1.0067442974083585,1.0543199012786588,159.22252477619247,159.22252477619247,159.22252477619247,339.2225247761925,3878.920387741253,504.09574381664555,7.694808843996355,0,low_snr;single_channel_detection
/home/s_grudinin/code/university/vlf_analyzing/new_test_raw_data/Broadband_Data_2026.06.02_13.51.00.bin,36.81999999284744,2026-06-02T13:51:36.820000,we,1,61.31444549560547,32.206016540527344,0.525259851576658,3763220.75,1038264.625,1.0867450127420581,1.1399721371857203,158.73845759946653,158.73845759946653,158.73845759946653,338.7384575994665,4249.411185458015,552.0741397577392,7.69717485286076,0,low_snr;single_channel_detection
/home/s_grudinin/code/university/vlf_analyzing/new_test_raw_data/Broadband_Data_2026.06.02_13.51.00.bin,37.022666692733765,2026-06-02T13:51:37.022667,ns|we,3,58.149112701416016,30.665390014648438,0.5273578321325127,3384700.5,941306.5,0.9965316089905032,0.8077866816714296,158.07262887148832,158.07262887148832,158.07262887148832,338.0726288714883,3857.219833868277,468.78728544459483,8.228081165234903,0,low_snr
/home/s_grudinin/code/university/vlf_analyzing/new_test_raw_data/Broadband_Data_2026.06.02_13.51.00.bin,37.23800003528595,2026-06-02T13:51:37.238000,we,1,58.2890510559082,29.608627319335938,0.5079620749175721,3401011.25,877547.5,0.9767477655161055,0.9601400860152883,159.6035942007799,159.6035942007799,159.6035942007799,339.60359420077987,3805.862701057427,472.69621316132014,8.051392406138373,0,low_snr;single_channel_detection
/home/s_grudinin/code/university/vlf_analyzing/new_test_raw_data/Broadband_Data_2026.06.02_13.51.00.bin,37.299999952316284,2026-06-02T13:51:37.300000,we,1,60.076045989990234,30.759126663208008,0.512003181240199,3612740.25,947069.9375,1.0326516421905259,1.031345977866632,158.2760948843319,158.2760948843319,158.2760948843319,338.2760948843319,4115.76315533045,444.04676102532073,9.268760672472846,0,low_snr;single_channel_detection
/home/s_grudinin/code/university/vlf_analyzing/new_test_raw_data/Broadband_Data_2026.06.02_13.51.00.bin,37.80400002002716,2026-06-02T13:51:37.804000,we,1,58.08393478393555,30.558149337768555,0.5261032926133576,3377117.5,934734.25,1.0162982304574535,1.021629156461094,157.59200632418356,157.59200632418356,157.59200632418356,337.59200632418356,3877.4315864172463,434.4200620618779,8.925535271124158,0,low_snr;single_channel_detection
/home/s_grudinin/code/university/vlf_analyzing/new_test_raw_data/Broadband_Data_2026.06.02_13.51.00.bin,37.92200005054474,2026-06-02T13:51:37.922000,we,1,55.74221420288086,28.913049697875977,0.5186921637637634,3110301.5,836800.4375,0.9411946889304201,0.9226897072959714,158.1988470805933,158.1988470805933,158.1988470805933,338.1988470805933,3543.3358699500523,403.76601894250734,8.775715894146561,0,low_snr;single_channel_detection
/home/s_grudinin/code/university/vlf_analyzing/new_test_raw_data/Broadband_Data_2026.06.02_13.51.00.bin,38.150000005960464,2026-06-02T13:51:38.150000,we,1,57.68046951293945,32.00465774536133,0.5548612557354647,3330363.5,1025322.5625,1.006634794733914,1.1372722343604151,157.49255498708266,157.49255498708266,157.49255498708266,337.49255498708266,3808.176664814212,547.5092100405609,6.955456812374143,0,low_snr;single_channel_detection
/home/s_grudinin/code/university/vlf_analyzing/new_test_raw_data/Broadband_Data_2026.06.02_13.51.00.bin,38.3120000064373,2026-06-02T13:51:38.312000,we,1,58.5577392578125,33.74717712402344,0.5763060109859086,3432438.0,1140010.875,0.9387113036640173,1.2029159915044787,156.3294719510652,156.3294719510652,156.3294719510652,336.3294719510652,3977.720722463548,594.7281268373741,6.688300994970819,0,low_snr;single_channel_detection
/home/s_grudinin/code/university/vlf_analyzing/new_test_raw_data/Broadband_Data_2026.06.02_13.51.00.bin,38.41400000452995,2026-06-02T13:51:38.414000,we,1,59.980709075927734,30.341533660888672,0.5058548678122453,3601283.25,921529.25,0.9870303288319416,0.9935832183350611,159.36825664160463,159.36825664160463,159.36825664160463,339.3682566416046,4043.9051347045597,478.907258045857,8.444025574399069,0,low_snr;single_channel_detection
/home/s_grudinin/code/university/vlf_analyzing/new_test_raw_data/Broadband_Data_2026.06.02_13.51.00.bin,38.541999995708466,2026-06-02T13:51:38.542000,ns,1,69.23869323730469,31.04533576965332,0.44838130701354934,4798791.0,964776.75,1.3286036564217696,1.0460156199750141,161.6075773723328,161.6075773723328,161.6075773723328,341.6075773723328,5275.380660658331,488.1872038827601,10.806060910038154,0,low_snr;single_channel_detection
/home/s_grudinin/code/university/vlf_analyzing/new_test_raw_data/Broadband_Data_2026.06.02_13.51.00.bin,38.8299999833107,2026-06-02T13:51:38.830000,we,1,59.12870407104492,31.813823699951172,0.5380436490156348,3499700.0,1013131.5,1.093496755043671,1.1323719038463063,158.32392453895054,158.32392453895054,158.32392453895054,338.32392453895056,3966.2240478357007,546.6072148123022,7.2560770153713445,0,low_snr;single_channel_detection
/home/s_grudinin/code/university/vlf_analyzing/new_test_raw_data/Broadband_Data_2026.06.02_13.51.00.bin,38.983000010252,2026-06-02T13:51:38.983000,we,2,57.81071853637695,30.838712692260742,0.533442819480875,3345421.25,951977.1875,1.0268128696313557,0.7933268163037744,157.06368397375826,157.06368397375826,157.06368397375826,337.06368397375826,3867.4958727070593,429.9025841052501,8.996214527894528,0,low_snr;single_channel_detection
/home/s_grudinin/code/university/vlf_analyzing/new_test_raw_data/Broadband_Data_2026.06.02_13.51.00.bin,39.05799996852875,2026-06-02T13:51:39.058000,ns|we,2,64.47262573242188,35.25973129272461,0.5468946066980597,4160876.5,1244491.75,1.25579294798231,1.2903084893400623,155.8603977612525,155.8603977612525,155.8603977612525,335.8603977612525,4893.8025715057265,511.5655120335674,9.566326220960336,0,low_snr
/home/s_grudinin/code/university/vlf_analyzing/new_test_raw_data/Broadband_Data_2026.06.02_13.51.00.bin,39.103999972343445,2026-06-02T13:51:39.104000,we,1,58.5753288269043,33.744415283203125,0.5760858019751033,3434500.5,1139824.25,0.9949576219498595,1.1855726890443354,156.19633856340917,156.19633856340917,156.19633856340917,336.1963385634092,3988.9190700831286,585.4054892379756,6.813942034051494,0,low_snr;single_channel_detection
/home/s_grudinin/code/university/vlf_analyzing/new_test_raw_data/Broadband_Data_2026.06.02_13.51.00.bin,39.52199995517731,2026-06-02T13:51:39.522000,we,1,57.65724563598633,29.38991928100586,0.5097350550970797,3327682.5,864631.125,0.9583321749983617,0.9569499239786812,159.83892945860978,159.83892945860978,159.83892945860978,339.83892945860975,3711.445373909265,480.8681095799409,7.718218987637515,0,low_snr;single_channel_detection
/home/s_grudinin/code/university/vlf_analyzing/new_test_raw_data/Broadband_Data_2026.06.02_13.51.00.bin,39.77199995517731,2026-06-02T13:51:39.772000,we,1,55.93964767456055,30.693775177001953,0.548694467215243,3132373.5,943049.875,0.9447939044375159,1.0085260355715044,157.2165585840537,157.2165585840537,157.2165585840537,337.2165585840537,3601.3442943240384,474.0792947729964,7.596501965031956,0,low_snr;single_channel_detection
/home/s_grudinin/code/university/vlf_analyzing/new_test_raw_data/Broadband_Data_2026.06.02_13.51.00.bin,40.12999999523163,2026-06-02T13:51:40.130000,we,1,57.90875244140625,32.097434997558594,0.5542760574929524,3356777.25,1031275.625,0.988397240068372,1.123061111558735,156.594901282319,156.594901282319,156.594901282319,336.59490128231903,3892.917818994771,495.1350279319898,7.862335725376073,0,low_snr;single_channel_detection
/home/s_grudinin/code/university/vlf_analyzing/new_test_raw_data/Broadband_Data_2026.06.02_13.51.00.bin,40.6253333290418,2026-06-02T13:51:40.625333,ns|we,3,61.15132141113281,32.11803436279297,0.5252222457607473,3743223.25,1032599.8125,1.099113192127306,1.1202742817751414,157.61680883169484,157.61680883169484,157.61680883169484,337.6168088316948,4296.843858412821,478.97897486260746,8.970840232904457,0,low_snr
/home/s_grudinin/code/university/vlf_analyzing/new_test_raw_data/Broadband_Data_2026.06.02_13.51.00.bin,40.91500002145767,2026-06-02T13:51:40.915000,ns|we,2,56.36002731323242,29.8479061126709,0.5295935352689682,3179629.0,891788.375,0.9807184973273755,0.9949041750157747,158.37830986092715,158.37830986092715,158.37830986092715,338.3783098609272,3606.056948602587,465.3605270057037,7.748953207968112,0,low_snr
/home/s_grudinin/code/university/vlf_analyzing/new_test_raw_data/Broadband_Data_2026.06.02_13.51.00.bin,41.019999980926514,2026-06-02T13:51:41.020000,we,2,58.37102508544922,30.405942916870117,0.5209081538718636,3410583.75,925445.875,1.003693568916629,0.7214686309785883,158.30167825493322,158.30167825493322,158.30167825493322,338.3016782549332,3878.0938504901414,457.9357887010983,8.46864111994842,0,low_snr;single_channel_detection
/home/s_grudinin/code/university/vlf_analyzing/new_test_raw_data/Broadband_Data_2026.06.02_13.51.00.bin,41.13200000921885,2026-06-02T13:51:41.132000,ns|we,3,57.19254684448242,30.891498565673828,0.5401315428332513,3274258.5,955239.0,0.9433143879054358,0.958912841298738,157.52858241055634,157.52858241055634,157.52858241055634,337.52858241055634,3752.909597403116,476.58795029029386,7.874537312823747,0,low_snr
/home/s_grudinin/code/university/vlf_analyzing/new_test_raw_data/Broadband_Data_2026.06.02_13.51.00.bin,41.24600005149841,2026-06-02T13:51:41.246000,we,1,59.9444694519043,30.83315658569336,0.5143619898151146,3596933.0,951634.25,1.025030239059895,1.0319188616032229,158.27974950158875,158.27974950158875,158.27974950158875,338.27974950158875,4095.8918677397987,452.67529909452594,9.0481894548536,0,low_snr;single_channel_detection
/home/s_grudinin/code/university/vlf_analyzing/new_test_raw_data/Broadband_Data_2026.06.02_13.51.00.bin,41.2960000038147,2026-06-02T13:51:41.296000,we,1,59.11471176147461,31.818204879760742,0.5382451158375825,3498043.5,1013410.5625,0.977167322871064,1.0861491385426638,156.91817528187588,156.91817528187588,156.91817528187588,336.91817528187585,4049.4244759020835,462.0296529867481,8.764425507594465,0,low_snr;single_channel_detection
/home/s_grudinin/code/university/vlf_analyzing/new_test_raw_data/Broadband_Data_2026.06.02_13.51.00.bin,41.4099999666214,2026-06-02T13:51:41.410000,we,1,58.83149337768555,29.992666244506836,0.5098063047959679,3464606.0,900459.625,1.0147712817742143,0.9628974222697252,159.2297501903144,159.2297501903144,159.2297501903144,339.2297501903144,3895.418672760099,469.64680884976707,8.294357801132588,0,low_snr;single_channel_detection
/home/s_grudinin/code/university/vlf_analyzing/new_test_raw_data/Broadband_Data_2026.06.02_13.51.00.bin,41.519999980926514,2026-06-02T13:51:41.520000,we,1,56.90324020385742,30.443090438842773,0.5349974857280364,3241216.75,927708.5,0.9691811218267202,1.0108030111353201,158.10447711628214,158.10447711628214,158.10447711628214,338.10447711628217,3686.907195252067,482.0180251177643,7.648899010262722,0,low_snr;single_channel_detection
/home/s_grudinin/code/university/vlf_analyzing/new_test_raw_data/Broadband_Data_2026.06.02_13.51.00.bin,42.036000000312924,2026-06-02T13:51:42.036000,ns|we,2,61.666255950927734,34.956336975097656,0.566863293969304,3806530.0,1223167.5,1.1321660187616014,1.0637019698220038,155.89959505062734,155.89959505062734,155.89959505062734,335.89959505062734,4452.791354181241,576.9060768122088,7.718399117558058,0,low_snr
/home/s_grudinin/code/university/vlf_analyzing/new_test_raw_data/Broadband_Data_2026.06.02_13.51.00.bin,42.172000005841255,2026-06-02T13:51:42.172000,we,1,59.41880416870117,32.675228118896484,0.5499139300435062,3534125.0,1068738.375,1.019476720434356,1.1355376003876185,158.77876993466188,158.77876993466188,158.77876993466188,338.7787699346619,3971.8487072942767,631.0146376416066,6.294384425278794,0,low_snr;single_channel_detection
/home/s_grudinin/code/university/vlf_analyzing/new_test_raw_data/Broadband_Data_2026.06.02_13.51.00.bin,42.21799999475479,2026-06-02T13:51:42.218000,we,1,59.01095962524414,34.50444030761719,0.5847124081143741,3485775.75,1191747.0,1.0128421388543878,1.277861795586014,156.7351379693482,156.7351379693482,156.7351379693482,336.7351379693482,4005.9862089990593,671.5365378692852,5.965403195646846,0,low_snr;single_channel_detection
/home/s_grudinin/code/university/vlf_analyzing/new_test_raw_data/Broadband_Data_2026.06.02_13.51.00.bin,42.44999998807907,2026-06-02T13:51:42.450000,we,1,57.23929977416992,30.789196014404297,0.5379030864437275,3279613.75,948922.5,0.9811020625189941,1.0115712235892886,157.75413031066304,157.75413031066304,157.75413031066304,337.7541303106631,3747.8885830554873,480.6476482617309,7.797580195408782,0,low_snr;single_channel_detection
/home/s_grudinin/code/university/vlf_analyzing/new_test_raw_data/Broadband_Data_2026.06.02_13.51.00.bin,42.76399999856949,2026-06-02T13:51:42.764000,we,1,57.408023834228516,30.936662673950195,0.5388909181629802,3298976.75,958034.1875,1.0416795759853104,1.044997726172526,157.49631776291346,157.49631776291346,157.49631776291346,337.49631776291346,3784.0147739613058,472.9963107113054,8.000093633438256,0,low_snr;single_channel_detection
/home/s_grudinin/code/university/vlf_analyzing/new_test_raw_data/Broadband_Data_2026.06.02_13.51.00.bin,42.92799997329712,2026-06-02T13:51:42.928000,we,1,56.40789031982422,30.956708908081055,0.5488010406445027,3185032.0,959276.125,0.9857237539776725,1.0547004634854866,156.9994731753236,156.9994731753236,156.9994731753236,336.9994731753236,3674.23520536294,470.0729194399969,7.816309030820345,0,low_snr;single_channel_detection
/home/s_grudinin/code/university/vlf_analyzing/new_test_raw_data/Broadband_Data_2026.06.02_13.51.00.bin,42.99700000882149,2026-06-02T13:51:42.997000,ns|we,2,59.35320281982422,57.268898010253906,0.9648830271906554,3526325.25,3283006.5,1.084726208362407,3.672257614794258,137.4295290774466,137.4295290774466,137.4295290774466,317.4295290774466,4840.940537246407,1968.3911826426897,2.459338661915329,0,weak_linearity
/home/s_grudinin/code/university/vlf_analyzing/new_test_raw_data/Broadband_Data_2026.06.02_13.51.00.bin,43.287999987602234,2026-06-02T13:51:43.288000,we,1,61.30272674560547,35.944488525390625,0.5863440410171762,3761782.25,1293298.25,1.1224737104584925,1.375376863330165,156.3519588340753,156.3519588340753,156.3519588340753,336.3519588340753,4347.392674522036,707.6878078319044,6.143093927025315,0,low_snr;single_channel_detection
/home/s_grudinin/code/university/vlf_analyzing/new_test_raw_data/Broadband_Data_2026.06.02_13.51.00.bin,43.35599994659424,2026-06-02T13:51:43.356000,we,1,58.119197845458984,30.23500633239746,0.5202240817705863,3381219.0,915069.75,0.9902598985107275,0.9756438913231894,158.76901970474614,158.76901970474614,158.76901970474614,338.76901970474614,3819.5982561387846,476.69038293302145,8.012744525360937,0,low_snr;single_channel_detection
/home/s_grudinin/code/university/vlf_analyzing/new_test_raw_data/Broadband_Data_2026.06.02_13.51.00.bin,43.462000012397766,2026-06-02T13:51:43.462000,we,1,56.93079376220703,29.891197204589844,0.5250444483426877,3244356.5,894377.125,1.0260803357381798,0.9850651177125281,158.37850450590085,158.37850450590085,158.37850450590085,338.3785045059009,3682.355744777339,456.37772444227517,8.068657928643256,0,low_snr;single_channel_detection
/home/s_grudinin/code/university/vlf_analyzing/new_test_raw_data/Broadband_Data_2026.06.02_13.51.00.bin,43.531999945640564,2026-06-02T13:51:43.532000,ns|we,2,60.2158203125,42.09385299682617,0.6990497310901426,3629571.0,1773664.25,1.1443263740857903,1.9749152891509205,169.5326903388784,169.5326903388784,169.5326903388784,349.5326903388784,3695.155805157241,1708.0795605838791,2.1633393961427125,0,low_snr;weak_linearity
/home/s_grudinin/code/university/vlf_analyzing/new_test_raw_data/Broadband_Data_2026.06.02_13.51.00.bin,43.973999977111816,2026-06-02T13:51:43.974000,we,1,59.63669204711914,30.58734703063965,0.5128947629501646,3560091.5,936521.375,1.0354012857183368,0.7875891434368876,158.44586501285121,158.44586501285121,158.44586501285121,338.4458650128512,4045.1156738120744,451.49724289389053,8.959336380184132,0,low_snr;single_channel_detection
/home/s_grudinin/code/university/vlf_analyzing/new_test_raw_data/Broadband_Data_2026.06.02_13.51.00.bin,44.13400000333786,2026-06-02T13:51:44.134000,we,1,60.575775146484375,33.07551193237305,0.5460187979830101,3673094.0,1095083.375,1.0566568420069862,1.1539346064395664,157.46890605910292,157.46890605910292,157.46890605910292,337.4689060591029,4208.999200676183,559.1781667457082,7.527116491639166,0,low_snr;single_channel_detection
/home/s_grudinin/code/university/vlf_analyzing/new_test_raw_data/Broadband_Data_2026.06.02_13.51.00.bin,44.22200000286102,2026-06-02T13:51:44.222000,we,2,56.31719970703125,29.20795249938965,0.518632898143593,3174798.5,853957.625,0.9458534457583213,0.9131833032712202,159.40495828817907,159.40495828817907,159.40495828817907,339.40495828817905,3556.405851408844,472.35033578790996,7.52916973262341,0,low_snr;single_channel_detection
/home/s_grudinin/code/university/vlf_analyzing/new_test_raw_data/Broadband_Data_2026.06.02_13.51.00.bin,44.83600002527237,2026-06-02T13:51:44.836000,we,1,57.13850021362305,35.2730827331543,0.6173260166311438,3268073.25,1245434.625,1.0115108563413295,1.3103305308869566,155.53808651383997,155.53808651383997,155.53808651383997,335.53808651383997,3795.9079539805853,717.6000313861679,5.289726571845504,0,low_snr;single_channel_detection
/home/s_grudinin/code/university/vlf_analyzing/new_test_raw_data/Broadband_Data_2026.06.02_13.51.00.bin,44.878000020980835,2026-06-02T13:51:44.878000,we,1,57.726707458496094,33.443119049072266,0.5793352942070421,3335705.0,1119560.75,1.0481274511618253,1.1851809548177412,156.78812208087635,156.78812208087635,156.78812208087635,336.78812208087635,3835.1204923746827,620.1452055542413,6.184229851373471,0,low_snr;single_channel_detection
/home/s_grudinin/code/university/vlf_analyzing/new_test_raw_data/Broadband_Data_2026.06.02_13.51.00.bin,44.956999987363815,2026-06-02T13:51:44.957000,ns|we,2,60.93757629394531,35.074466705322266,0.5755802714589856,3717101.75,1231448.5,1.1287879142078854,1.0607632714242807,157.2143060712342,157.2143060712342,157.2143060712342,337.2143060712342,4249.6909257642255,698.859475917116,6.080894760977997,0,low_snr
/home/s_grudinin/code/university/vlf_analyzing/new_test_raw_data/Broadband_Data_2026.06.02_13.51.00.bin,45.0,2026-06-02T13:51:45,we,1,57.02855682373047,56.02827072143555,0.9824599085439302,3255508.5,3142306.25,0.9663327543856859,3.2966310237480974,136.34926685756912,136.34926685756912,136.34926685756912,316.3492668575691,4401.118307379781,1996.6962723496356,2.2042001922509287,0,weak_linearity;single_channel_detection
/home/s_grudinin/code/university/vlf_analyzing/new_test_raw_data/Broadband_Data_2026.06.02_13.51.00.bin,45.04200005531311,2026-06-02T13:51:45.042000,we,1,57.05470657348633,29.695199966430664,0.5204688929244214,3258494.75,882686.6875,1.0056071615639504,0.7716190460320511,158.39387988640368,158.39387988640368,158.39387988640368,338.3938798864037,3700.485860936372,440.69560438292496,8.39692028723067,0,low_snr;single_channel_detection
/home/s_grudinin/code/university/vlf_analyzing/new_test_raw_data/Broadband_Data_2026.06.02_13.51.00.bin,45.16799998283386,2026-06-02T13:51:45.168000,we,1,56.1717414855957,29.138504028320312,0.518739552267431,3158420.0,849901.5,0.9497310594300052,0.9235039612574946,159.676599142722,159.676599142722,159.676599142722,339.676599142722,3525.446093228231,482.87541954961864,7.3009433706864435,0,low_snr;single_channel_detection
/home/s_grudinin/code/university/vlf_analyzing/new_test_raw_data/Broadband_Data_2026.06.02_13.51.00.bin,45.51800000667572,2026-06-02T13:51:45.518000,ns|we,2,127.0259780883789,34.725101470947266,0.273370077471766,16151735.0,1207038.5,4.5356547738613795,1.2853454243979139,169.95778477286026,169.95778477286024,169.95778477286024,349.95778477286024,16635.569563520537,723.2039270135731,23.00259849558076,0,good
/home/s_grudinin/code/university/vlf_analyzing/new_test_raw_data/Broadband_Data_2026.06.02_13.51.00.bin,45.567999958992004,2026-06-02T13:51:45.568000,ns,1,59.70960235595703,31.27554702758789,0.5237942607813584,3568802.0,979138.0,0.698764520939044,0.9961575679942068,158.6675998883841,158.6675998883841,158.6675998883841,338.6675998883841,4034.8530223718444,513.0869766689193,7.863877287564471,0,low_snr;single_channel_detection
/home/s_grudinin/code/university/vlf_analyzing/new_test_raw_data/Broadband_Data_2026.06.02_13.51.00.bin,45.657999992370605,2026-06-02T13:51:45.658000,we,1,57.830020904541016,30.682931900024414,0.5305709979021389,3347655.5,942383.75,0.9912954178228389,1.0042605867823942,158.4272541766719,158.4272541766719,158.4272541766719,338.4272541766719,3793.3251803425355,496.7140939870556,7.636838225978307,0,low_snr;single_channel_detection
/home/s_grudinin/code/university/vlf_analyzing/new_test_raw_data/Broadband_Data_2026.06.02_13.51.00.bin,45.835999965667725,2026-06-02T13:51:45.836000,we,1,57.4624137878418,29.757936477661133,0.5178678464070536,3305231.0,886420.25,0.9918844093591952,1.0001941294455958,159.25260296743647,159.25260296743647,159.25260296743647,339.2526029674365,3710.4846419448754,481.1665962944078,7.71143439823192,0,low_snr;single_channel_detection
/home/s_grudinin/code/university/vlf_analyzing/new_test_raw_data/Broadband_Data_2026.06.02_13.51.00.bin,45.92200005054474,2026-06-02T13:51:45.922000,ns,1,58.890480041503906,30.263599395751953,0.5138962931601633,3471556.75,916801.375,0.984909935800857,0.9915806751741846,159.01465925969356,159.01465925969356,159.01465925969356,339.01465925969353,3912.269150168229,476.0891939845485,8.217513019829628,0,low_snr;single_channel_detection
/home/s_grudinin/code/university/vlf_analyzing/new_test_raw_data/Broadband_Data_2026.06.02_13.51.00.bin,46.05799999833107,2026-06-02T13:51:46.058000,we,1,59.7015266418457,30.43260383605957,0.5097458230612212,3567836.5,927069.5,1.0274004723889347,0.9779236656767504,159.25500943283478,159.25500943283478,159.25500943283478,339.25500943283475,4010.1461954178812,484.7596824833859,8.272441666093615,0,low_snr;single_channel_detection
/home/s_grudinin/code/university/vlf_analyzing/new_test_raw_data/Broadband_Data_2026.06.02_13.51.00.bin,46.14800000190735,2026-06-02T13:51:46.148000,ns,1,55.93695831298828,29.43952751159668,0.5262983258201303,3132072.0,867552.5,0.9318213082105168,0.9329615971288506,158.98691627338442,158.98691627338442,158.98691627338442,338.9869162733844,3524.044709118192,475.57957025938316,7.410000196594137,0,low_snr;single_channel_detection
/home/s_grudinin/code/university/vlf_analyzing/new_test_raw_data/Broadband_Data_2026.06.02_13.51.00.bin,46.25,2026-06-02T13:51:46.250000,we,1,54.08464431762695,30.679594039916992,0.5672514708563501,2928074.0,942178.8125,0.8942698157282054,1.003081072375539,158.96091736086058,158.96091736086058,158.96091736086058,338.96091736086055,3272.91374487925,597.339125324558,5.479155150101612,0,low_snr;single_channel_detection
/home/s_grudinin/code/university/vlf_analyzing/new_test_raw_data/Broadband_Data_2026.06.02_13.51.00.bin,46.404000014066696,2026-06-02T13:51:46.404000,ns,1,62.799808502197266,31.17247200012207,0.49637845629785476,3947759.75,972694.6875,1.2102313243111908,1.0571330394474987,159.70018326611958,159.70018326611958,159.70018326611958,339.70018326611955,4419.374392250742,501.07993588005905,8.819699364910464,0,low_snr;single_channel_detection
/home/s_grudinin/code/university/vlf_analyzing/new_test_raw_data/Broadband_Data_2026.06.02_13.51.00.bin,46.46399998664856,2026-06-02T13:51:46.464000,we,1,54.84389877319336,29.996692657470703,0.5469467584994515,3010861.0,900701.3125,0.9397603429834942,0.9853205277215267,157.4902075148626,157.4902075148626,157.4902075148626,337.4902075148626,3448.399716964288,463.16259977705283,7.445332845579924,0,low_snr;single_channel_detection
/home/s_grudinin/code/university/vlf_analyzing/new_test_raw_data/Broadband_Data_2026.06.02_13.51.00.bin,46.635999977588654,2026-06-02T13:51:46.636000,we,1,55.94462203979492,30.725814819335938,0.5492183823760447,3132930.5,945019.75,0.9333578837644837,1.0200312820207769,157.39169241049854,157.39169241049854,157.39169241049854,337.39169241049854,3591.944142633739,486.0062691430334,7.39073623261557,0,low_snr;single_channel_detection
/home/s_grudinin/code/university/vlf_analyzing/new_test_raw_data/Broadband_Data_2026.06.02_13.51.00.bin,46.82200002670288,2026-06-02T13:51:46.822000,we,1,57.936180114746094,29.88304328918457,0.515792432811395,3359957.5,893889.25,0.9668513617886791,0.9448841663932701,159.09951450315828,159.09951450315828,159.09951450315828,339.0995145031583,3780.971169013451,472.8756950574509,7.995697830386657,0,low_snr;single_channel_detection
/home/s_grudinin/code/university/vlf_analyzing/new_test_raw_data/Broadband_Data_2026.06.02_13.51.00.bin,46.8759999871254,2026-06-02T13:51:46.876000,ns|we,2,58.18657302856445,30.516767501831055,0.5244640801727488,3389063.25,932204.375,0.9933775237665169,1.00789079569448,159.45732632620403,159.45732632620403,159.45732632620403,339.457326326204,3790.430910156385,530.8366699531015,7.140484304694429,0,low_snr
/home/s_grudinin/code/university/vlf_analyzing/new_test_raw_data/Broadband_Data_2026.06.02_13.51.00.bin,46.944000005722046,2026-06-02T13:51:46.944000,we,1,56.876014709472656,29.677940368652344,0.521800631078833,3238116.0,881660.875,0.9541682737412319,0.9435536479653992,159.08560041296136,159.08560041296136,159.08560041296136,339.08560041296136,3641.103033123201,478.67388497349066,7.606646502816506,0,low_snr;single_channel_detection
/home/s_grudinin/code/university/vlf_analyzing/new_test_raw_data/Broadband_Data_2026.06.02_13.51.00.bin,46.99800002574921,2026-06-02T13:51:46.998000,ns|we,2,58.605655670166016,54.19661331176758,0.9247676302230359,3438057.5,2940210.25,1.0198531225166467,3.098073635665206,141.23643619200493,141.23643619200493,141.23643619200493,321.23643619200493,4341.679224633191,2036.5886539283326,2.1318390516703585,0,weak_linearity
/home/s_grudinin/code/university/vlf_analyzing/new_test_raw_data/Broadband_Data_2026.06.02_13.51.00.bin,47.055999994277954,2026-06-02T13:51:47.056000,we,1,59.88809585571289,30.46660614013672,0.508725577342428,3590170.5,929142.25,1.070012124326865,0.9849534785216224,159.57114082867804,159.57114082867804,159.57114082867804,339.57114082867804,4018.812676506692,500.49988818222727,8.02959755116563,0,low_snr;single_channel_detection
/home/s_grudinin/code/university/vlf_analyzing/new_test_raw_data/Broadband_Data_2026.06.02_13.51.00.bin,47.2039999961853,2026-06-02T13:51:47.204000,we,1,57.00190353393555,61.500003814697266,1.0789114047407686,3252466.25,3786032.75,1.018246863633821,4.29961451640813,122.83292994217958,122.83292994217959,122.83292994217959,302.8329299421796,4166.691971960005,2871.8071663399182,1.4508954573264052,0,weak_linearity;single_channel_detection
/home/s_grudinin/code/university/vlf_analyzing/new_test_raw_data/Broadband_Data_2026.06.02_13.51.00.bin,47.62600004673004,2026-06-02T13:51:47.626000,we,1,57.538700103759766,30.949596405029297,0.5378918249668002,3314012.5,958835.375,1.0201949263477825,1.0242323689581163,158.11064350770818,158.11064350770818,158.11064350770818,338.1106435077082,3767.393989977073,505.4539460769812,7.45348615678487,0,low_snr;single_channel_detection
/home/s_grudinin/code/university/vlf_analyzing/new_test_raw_data/Broadband_Data_2026.06.02_13.51.00.bin,47.67200005054474,2026-06-02T13:51:47.672000,we,1,58.54349136352539,33.162418365478516,0.5664578178222435,3430767.75,1100845.875,1.0182494323368354,1.1943510295290696,156.80450765712163,156.80450765712163,156.80450765712163,336.80450765712163,3954.8081822954146,576.805349178384,6.856399976055589,0,low_snr;single_channel_detection
/home/s_grudinin/code/university/vlf_analyzing/new_test_raw_data/Broadband_Data_2026.06.02_13.51.00.bin,48.2960000038147,2026-06-02T13:51:48.296000,we,1,57.15022277832031,29.913230895996094,0.523414073327865,3269414.0,895696.1875,1.04081154742403,0.9686133467340763,159.44539751032963,159.44539751032963,159.44539751032963,339.4453975103296,3657.771613387405,507.3388581374378,7.209720987696373,0,low_snr;single_channel_detection
/home/s_grudinin/code/university/vlf_analyzing/new_test_raw_data/Broadband_Data_2026.06.02_13.51.00.bin,48.53200000524521,2026-06-02T13:51:48.532000,we,2,58.05248260498047,29.660913467407227,0.5109327308055905,3373461.0,880649.625,1.0105560151394244,0.9953473138571632,158.86501289382812,158.86501289382812,158.86501289382812,338.8650128938281,3811.4243075252143,442.6861940941869,8.609765469022689,0,low_snr;single_channel_detection
/home/s_grudinin/code/university/vlf_analyzing/new_test_raw_data/Broadband_Data_2026.06.02_13.51.00.bin,48.762000024318695,2026-06-02T13:51:48.762000,we,1,59.601463317871094,31.451295852661133,0.5276933501602493,3555886.75,990173.125,0.9998433274177978,1.0825191958114695,159.30203412932116,159.30203412932116,159.30203412932116,339.30203412932116,3983.145460953352,562.9144433254386,7.075934021914167,0,low_snr;single_channel_detection
/home/s_grudinin/code/university/vlf_analyzing/new_test_raw_data/Broadband_Data_2026.06.02_13.51.00.bin,48.91200000047684,2026-06-02T13:51:48.912000,we,1,57.703956604003906,31.20464324951172,0.5407712934427442,3333076.5,974703.5,0.9600718210805583,1.037029147614052,158.4191342347909,158.4191342347909,158.4191342347909,338.41913423479093,3770.485656478808,537.2941496851106,7.017544595802041,0,low_snr;single_channel_detection
/home/s_grudinin/code/university/vlf_analyzing/new_test_raw_data/Broadband_Data_2026.06.02_13.51.00.bin,48.983000010252,2026-06-02T13:51:48.983000,we,2,57.417137145996094,29.45587921142578,0.5130154632497091,3300024.5,868516.5,0.9800106351578401,0.7364238364624196,158.84708069417948,158.84708069417948,158.84708069417948,338.84708069417945,3728.1532675776816,440.38774844079114,8.465615314634286,0,low_snr;single_channel_detection
/home/s_grudinin/code/university/vlf_analyzing/new_test_raw_data/Broadband_Data_2026.06.02_13.51.00.bin,49.218000054359436,2026-06-02T13:51:49.218000,we,1,58.081417083740234,33.9095344543457,0.5838276019583899,3376824.5,1151006.25,1.0658806763921511,1.2917096425242836,156.1709599068548,156.1709599068548,156.1709599068548,336.1709599068548,3916.2103771539273,611.6203145394179,6.403008997670446,0,low_snr;single_channel_detection
/home/s_grudinin/code/university/vlf_analyzing/new_test_raw_data/Broadband_Data_2026.06.02_13.51.00.bin,49.651999950408936,2026-06-02T13:51:49.652000,we,1,63.124324798583984,33.78547286987305,0.5352211366644256,3988665.0,1142599.75,1.1201382468585857,1.2656166856075062,158.53005678917262,158.53005678917262,158.53005678917262,338.5300567891726,4509.4830765072375,621.7816168177947,7.252519139414631,0,low_snr;single_channel_detection
/home/s_grudinin/code/university/vlf_analyzing/new_test_raw_data/Broadband_Data_2026.06.02_13.51.00.bin,50.17800000309944,2026-06-02T13:51:50.178000,we,1,57.6353645324707,31.171464920043945,0.5408392082344161,3325157.0,972631.875,1.0074917845607496,1.0317974992019925,157.26496588390097,157.26496588390097,157.26496588390097,337.26496588390097,3826.1980554032507,471.59073794283864,8.113386772805988,0,low_snr;single_channel_detection
/home/s_grudinin/code/university/vlf_analyzing/new_test_raw_data/Broadband_Data_2026.06.02_13.51.00.bin,50.291999995708466,2026-06-02T13:51:50.292000,we,1,61.0228157043457,34.27572250366211,0.5616870035910293,3727508.0,1176000.0,1.087613349062631,1.248469827421257,157.09429469229818,157.09429469229818,157.09429469229818,337.09429469229815,4282.045513256257,621.462469358401,6.890272099097219,0,low_snr;single_channel_detection
/home/s_grudinin/code/university/vlf_analyzing/new_test_raw_data/Broadband_Data_2026.06.02_13.51.00.bin,50.40599998831749,2026-06-02T13:51:50.406000,we,1,55.81732177734375,30.83498764038086,0.5524268570853614,3118689.0,951747.25,0.9111386644232435,1.026430952049303,157.16221810807846,157.16221810807846,157.16221810807846,337.1622181080785,3585.868412714245,484.5681301952242,7.400132590786671,0,low_snr;single_channel_detection
/home/s_grudinin/code/university/vlf_analyzing/new_test_raw_data/Broadband_Data_2026.06.02_13.51.00.bin,50.89999997615814,2026-06-02T13:51:50.900000,ns,1,71.32471466064453,30.497028350830078,0.42758009612700587,5092302.5,930998.875,1.5355960687059689,0.9996816264408147,164.53770679234842,164.53770679234842,164.53770679234842,344.53770679234844,5437.092165249128,586.2088229582273,9.275009096266299,0,low_snr;single_channel_detection
/home/s_grudinin/code/university/vlf_analyzing/new_test_raw_data/Broadband_Data_2026.06.02_13.51.00.bin,50.94999998807907,2026-06-02T13:51:50.950000,ns,1,56.22439956665039,30.04832649230957,0.5344357027181533,3164344.25,903804.875,0.910902836817814,0.794058655518929,157.76361248465773,157.76361248465773,157.76361248465773,337.76361248465776,3618.0096449113244,450.13958650975326,8.037528254211706,0,low_snr;single_channel_detection
/home/s_grudinin/code/university/vlf_analyzing/new_test_raw_data/Broadband_Data_2026.06.02_13.51.00.bin,51.0,2026-06-02T13:51:51,we,1,57.50847625732422,55.48166275024414,0.9647562648328226,3310532.0,3081293.0,1.0139357101374684,3.334633814905583,138.1215705993103,138.1215705993103,138.1215705993103,318.1215705993103,4249.907230458796,2141.917867396879,1.9841597547453125,0,weak_linearity;single_channel_detection
/home/s_grudinin/code/university/vlf_analyzing/new_test_raw_data/Broadband_Data_2026.06.02_13.51.00.bin,51.06099998950958,2026-06-02T13:51:51.061000,ns|we,2,60.04454040527344,39.92333221435547,0.6648952918098865,3608952.0,1595466.25,1.1471490656027106,1.7546550186017962,152.495156902799,152.495156902799,152.495156902799,332.495156902799,4357.835635474497,846.5824942263228,5.147561714534439,0,low_snr
/home/s_grudinin/code/university/vlf_analyzing/new_test_raw_data/Broadband_Data_2026.06.02_13.51.00.bin,51.16800004243851,2026-06-02T13:51:51.168000,ns|we,2,62.013694763183594,31.550891876220703,0.5087729734005687,3849544.0,996454.25,1.1622469940323348,1.0307869737918927,158.06841648593428,158.06841648593428,158.06841648593428,338.0684164859343,4401.5723564651025,444.4258712105107,9.903951685972405,0,low_snr
/home/s_grudinin/code/university/vlf_analyzing/new_test_raw_data/Broadband_Data_2026.06.02_13.51.00.bin,51.50800001621246,2026-06-02T13:51:51.508000,ns,1,63.91438293457031,30.929826736450195,0.48392592271621915,4089133.5,957610.875,1.205216403816936,1.0307862243999721,162.2669160464911,162.2669160464911,162.2669160464911,342.26691604649113,4445.829502005038,600.9147932567932,7.3984357714175335,0,low_snr;single_channel_detection
/home/s_grudinin/code/university/vlf_analyzing/new_test_raw_data/Broadband_Data_2026.06.02_13.51.00.bin,51.93800002336502,2026-06-02T13:51:51.938000,ns|we,2,62.5610237121582,33.166648864746094,0.5301487555150077,3917795.75,1101126.5,1.1439817268456278,1.1756814928624446,157.9224969593359,157.9224969593359,157.9224969593359,337.9224969593359,4472.412077071568,546.5100942081564,8.183585489947225,0,low_snr
/home/s_grudinin/code/university/vlf_analyzing/new_test_raw_data/Broadband_Data_2026.06.02_13.51.00.bin,52.14800000190735,2026-06-02T13:51:52.148000,we,1,57.66122817993164,31.090896606445312,0.5391993474267622,3328142.0,967610.5,1.011773569631869,1.0324043764969044,157.3154034835968,157.3154034835968,157.3154034835968,337.3154034835968,3827.8844409393078,467.8682275298199,8.181543895701544,0,low_snr;single_channel_detection
/home/s_grudinin/code/university/vlf_analyzing/new_test_raw_data/Broadband_Data_2026.06.02_13.51.00.bin,52.425999999046326,2026-06-02T13:51:52.426000,we,1,57.757022857666016,32.60193634033203,0.5644670505381538,3339209.5,1063949.25,1.0458664558156194,1.169113720639614,156.1383593203732,156.1383593203732,156.1383593203732,336.1383593203732,3892.6896359165876,510.46903186847845,7.625711635567983,0,low_snr;single_channel_detection
/home/s_grudinin/code/university/vlf_analyzing/new_test_raw_data/Broadband_Data_2026.06.02_13.51.00.bin,52.71399998664856,2026-06-02T13:51:52.714000,we,1,56.26654052734375,31.899168014526367,0.5669296124403422,3169089.5,1018574.5,0.9758470091090228,1.085245419507639,157.68791787140492,157.68791787140492,157.68791787140492,337.6879178714049,3604.5982801523414,583.0657171485648,6.1821475249485225,0,low_snr;single_channel_detection
/home/s_grudinin/code/university/vlf_analyzing/new_test_raw_data/Broadband_Data_2026.06.02_13.51.00.bin,52.955999970436096,2026-06-02T13:51:52.956000,we,1,61.46078109741211,35.17728042602539,0.5723532925862214,3781205.0,1238678.5,1.121720181243111,1.045586401448146,160.73839458689736,160.73839458689736,160.73839458689736,340.73839458689736,4134.858388079243,885.025034347809,4.672024211299616,0,low_snr;single_channel_detection
/home/s_grudinin/code/university/vlf_analyzing/new_test_raw_data/Broadband_Data_2026.06.02_13.51.00.bin,53.0,2026-06-02T13:51:53,we,1,58.19240188598633,55.69290542602539,0.9570477179330208,3389741.75,3104801.5,0.9850856996474486,3.1325877410625367,138.1675238403698,138.1675238403698,138.1675238403698,318.16752384036977,4538.436823630135,1956.1063515902445,2.320138074261937,0,weak_linearity;single_channel_detection
/home/s_grudinin/code/university/vlf_analyzing/new_test_raw_data/Broadband_Data_2026.06.02_13.51.00.bin,53.10000002384186,2026-06-02T13:51:53.100000,we,1,57.19411849975586,31.54475975036621,0.5515385249009531,3274438.5,996067.0,1.0380300586869224,1.0836322475026592,158.45746238300276,158.45746238300276,158.45746238300276,338.45746238300273,3695.054161411441,575.4512415912825,6.42114204357885,0,low_snr;single_channel_detection
/home/s_grudinin/code/university/vlf_analyzing/new_test_raw_data/Broadband_Data_2026.06.02_13.51.00.bin,53.41100001335144,2026-06-02T13:51:53.411000,ns|we,2,58.33835983276367,33.543155670166016,0.574975980920998,3406767.5,1126268.375,1.0681509021812445,1.2028575192615727,155.84835466289064,155.84835466289064,155.84835466289064,335.84835466289064,3980.6958155010634,552.3402356548386,7.2069633145259795,0,low_snr
/home/s_grudinin/code/university/vlf_analyzing/new_test_raw_data/Broadband_Data_2026.06.02_13.51.00.bin,53.544000029563904,2026-06-02T13:51:53.544000,we,1,57.068443298339844,30.968910217285156,0.5426626069925674,3260064.25,960032.5,0.9657443702907782,1.005363466697547,156.7531886505122,156.7531886505122,156.7531886505122,336.7531886505122,3780.5262661736306,439.5705825674227,8.600498796103475,0,low_snr;single_channel_detection
/home/s_grudinin/code/university/vlf_analyzing/new_test_raw_data/Broadband_Data_2026.06.02_13.51.00.bin,53.60000002384186,2026-06-02T13:51:53.600000,we,1,57.99721145629883,31.582731246948242,0.5445560304351087,3367040.5,998466.375,1.023232428257382,1.069477315998878,157.3875679989254,157.3875679989254,157.3875679989254,337.3875679989254,3864.20024524591,501.3065675564631,7.708257771449743,0,low_snr;single_channel_detection
/home/s_grudinin/code/university/vlf_analyzing/new_test_raw_data/Broadband_Data_2026.06.02_13.51.00.bin,53.700000047683716,2026-06-02T13:51:53.700000,we,1,57.8618278503418,31.98211669921875,0.5527325680401795,3351339.0,1023878.625,0.9970964070090786,1.064959436653621,157.20641965806797,157.20641965806797,157.20641965806797,337.20641965806794,3850.5000376868866,524.7176531412806,7.3382323133887954,0,low_snr;single_channel_detection
/home/s_grudinin/code/university/vlf_analyzing/new_test_raw_data/Broadband_Data_2026.06.02_13.51.00.bin,53.812000036239624,2026-06-02T13:51:53.812000,we,1,56.09241485595703,30.352975845336914,0.5411244269529408,3149505.5,922224.375,0.9493803514349928,0.9810736855418941,157.75072427044134,157.75072427044134,157.75072427044134,337.7507242704413,3597.18583643807,474.5439318558114,7.58030098998517,0,low_snr;single_channel_detection
/home/s_grudinin/code/university/vlf_analyzing/new_test_raw_data/Broadband_Data_2026.06.02_13.51.00.bin,53.96000003814697,2026-06-02T13:51:53.960000,we,1,57.66490936279297,30.110443115234375,0.5221623245047874,3328567.0,907545.375,1.0140410715152537,0.7727814248228868,158.5979775335866,158.5979775335866,158.5979775335866,338.5979775335866,3767.9685809536727,468.1438231102954,8.048741422923625,0,low_snr;single_channel_detection
/home/s_grudinin/code/university/vlf_analyzing/new_test_raw_data/Broadband_Data_2026.06.02_13.51.00.bin,54.13400000333786,2026-06-02T13:51:54.134000,we,1,56.50358581542969,30.726224899291992,0.5437924771652439,3195848.0,945045.0,0.9914150149863288,1.0261294977811843,157.02622191320293,157.02622191320293,157.02622191320293,337.0262219132029,3688.992256822314,451.9008778514466,8.163277474391162,0,low_snr;single_channel_detection
/home/s_grudinin/code/university/vlf_analyzing/new_test_raw_data/Broadband_Data_2026.06.02_13.51.00.bin,54.270000010728836,2026-06-02T13:51:54.270000,we,1,58.23904037475586,34.285621643066406,0.58870512670616,3395177.5,1176679.375,1.1088926657020917,1.294524724944373,154.31290000865852,154.31290000865852,154.31290000865852,334.3129000086585,4062.912009846507,508.9448872749474,7.983009774595871,0,low_snr;single_channel_detection
/home/s_grudinin/code/university/vlf_analyzing/new_test_raw_data/Broadband_Data_2026.06.02_13.51.00.bin,54.40866666038831,2026-06-02T13:51:54.408667,ns|we,3,57.16071319580078,31.04198455810547,0.5430650323023851,3270614.5,964568.375,0.9850786543451485,0.8769660731906143,157.36065465313064,157.36065465313064,157.36065465313064,337.3606546531306,3756.2018860626704,478.9809527589513,7.842069427660484,0,low_snr
/home/s_grudinin/code/university/vlf_analyzing/new_test_raw_data/Broadband_Data_2026.06.02_13.51.00.bin,54.57599997520447,2026-06-02T13:51:54.576000,we,1,57.48250198364258,31.881715774536133,0.5546334045029555,3307542.25,1017460.25,1.0091431741407673,1.1086217910482723,157.63477065100136,157.63477065100136,157.63477065100136,337.63477065100136,3774.269191555327,550.7332613446713,6.853170956735131,0,low_snr;single_channel_detection
/home/s_grudinin/code/university/vlf_analyzing/new_test_raw_data/Broadband_Data_2026.06.02_13.51.00.bin,54.657999992370605,2026-06-02T13:51:54.658000,we,1,59.966957092285156,35.94382095336914,0.5993937777775415,3599632.0,1293250.25,1.0790961896513347,1.3892861226176954,159.06061317766066,159.06061317766066,159.06061317766066,339.0606131776607,3995.265188074396,897.6170673919842,4.450968384193705,0,low_snr;single_channel_detection
/home/s_grudinin/code/university/vlf_analyzing/new_test_raw_data/Broadband_Data_2026.06.02_13.51.00.bin,54.73400002717972,2026-06-02T13:51:54.734000,we,1,58.20331954956055,30.504377365112305,0.5241003022024728,3391014.0,931447.625,0.9882271381831845,0.9943230240594643,157.65633354007383,157.65633354007383,157.65633354007383,337.65633354007383,3890.993477336644,431.46832706354655,9.018028052760336,0,low_snr;single_channel_detection
/home/s_grudinin/code/university/vlf_analyzing/new_test_raw_data/Broadband_Data_2026.06.02_13.51.00.bin,54.86599999666214,2026-06-02T13:51:54.866000,we,1,59.06743240356445,31.707490921020508,0.5368015779725439,3492450.5,1006370.375,1.052280905112088,1.0627760431069524,157.43374600506354,157.43374600506354,157.43374600506354,337.43374600506354,4011.4142645584216,487.4065629126467,8.23011951375251,0,low_snr;single_channel_detection
/home/s_grudinin/code/university/vlf_analyzing/new_test_raw_data/Broadband_Data_2026.06.02_13.51.00.bin,54.99000000953674,2026-06-02T13:51:54.990000,ns|we,2,57.02702713012695,29.803014755249023,0.5226121061377192,3255334.0,889107.9375,0.9197638013132075,0.7901226095311226,158.16447670538705,158.16447670538705,158.16447670538705,338.1644767053871,3707.8997273907016,436.5420561856521,8.49379727531636,0,low_snr
/home/s_grudinin/code/university/vlf_analyzing/new_test_raw_data/Broadband_Data_2026.06.02_13.51.00.bin,55.07599997520447,2026-06-02T13:51:55.076000,ns,1,58.2569465637207,29.820295333862305,0.5118753572373508,3397265.75,890139.25,1.0996779984882814,0.9894872171887685,159.62128650906607,159.62128650906607,159.62128650906607,339.62128650906607,3798.614437481626,488.79063378500024,7.771455046236583,0,low_snr;single_channel_detection
/home/s_grudinin/code/university/vlf_analyzing/new_test_raw_data/Broadband_Data_2026.06.02_13.51.00.bin,56.20400000363588,2026-06-02T13:51:56.204000,ns|we,2,60.342220306396484,31.758480072021484,0.5263061238178279,3644824.5,1009609.625,1.180382832717075,1.1080990265176593,159.36087107642612,159.36087107642612,159.36087107642612,339.3608710764261,4080.4864611470784,573.947657694807,7.109509737413797,0,low_snr
/home/s_grudinin/code/university/vlf_analyzing/new_test_raw_data/Broadband_Data_2026.06.02_13.51.00.bin,56.46399998664856,2026-06-02T13:51:56.464000,we,1,55.34421157836914,29.784425735473633,0.5381669534364477,3066045.0,887999.1875,0.9175841552064705,0.9516470802763178,157.21516708984635,157.21516708984635,157.21516708984635,337.2151670898463,3532.676883185637,421.3673217348916,8.383841605562985,0,low_snr;single_channel_detection
/home/s_grudinin/code/university/vlf_analyzing/new_test_raw_data/Broadband_Data_2026.06.02_13.51.00.bin,56.7039999961853,2026-06-02T13:51:56.704000,we,1,55.58753204345703,31.664600372314453,0.5696349380569592,3093063.5,1003649.625,0.9427044365205447,1.064753476234951,158.31270883962893,158.31270883962893,158.31270883962893,338.31270883962895,3485.6055723439217,611.1073354387961,5.703753449205664,0,low_snr;single_channel_detection
/home/s_grudinin/code/university/vlf_analyzing/new_test_raw_data/Broadband_Data_2026.06.02_13.51.00.bin,56.75400000810623,2026-06-02T13:51:56.754000,we,1,59.476470947265625,31.516263961791992,0.5298946534627975,3540988.0,994268.125,1.0584854729059174,1.0261089498726765,158.63670826317124,158.63670826317124,158.63670826317124,338.6367082631713,4001.0339896774562,534.2219720679763,7.489459810478074,0,low_snr;single_channel_detection
/home/s_grudinin/code/university/vlf_analyzing/new_test_raw_data/Broadband_Data_2026.06.02_13.51.00.bin,56.81800001859665,2026-06-02T13:51:56.818000,we,1,62.07664108276367,33.58179473876953,0.5409731285878704,3857363.0,1128864.5,1.1462273707968629,1.2123382550786488,157.75334982195616,157.75334982195616,157.75334982195616,337.75334982195614,4405.615181536739,580.6122006080889,7.587879098859147,0,low_snr;single_channel_detection
/home/s_grudinin/code/university/vlf_analyzing/new_test_raw_data/Broadband_Data_2026.06.02_13.51.00.bin,56.88800001144409,2026-06-02T13:51:56.888000,we,1,58.511138916015625,30.950037002563477,0.5289597429813715,3426977.0,958862.6875,1.0109006380993195,1.0192623373492524,158.43177319715596,158.43177319715596,158.43177319715596,338.43177319715596,3884.0406676926377,501.79910125860613,7.7402304188085,0,low_snr;single_channel_detection
/home/s_grudinin/code/university/vlf_analyzing/new_test_raw_data/Broadband_Data_2026.06.02_13.51.00.bin,57.0,2026-06-02T13:51:57,we,1,55.31410217285156,54.20432662963867,0.9799368425117717,3062709.5,2941047.0,0.9551533918000246,3.2134613778638705,136.64180658374462,136.64180658374462,136.64180658374462,316.6418065837446,4063.9036938604722,1939.8530929866279,2.0949543594580256,0,weak_linearity;single_channel_detection
/home/s_grudinin/code/university/vlf_analyzing/new_test_raw_data/Broadband_Data_2026.06.02_13.51.00.bin,57.074000000953674,2026-06-02T13:51:57.074000,we,1,58.4580078125,32.79545593261719,0.56100878493509,3420756.0,1076617.5,1.1202783764813409,1.2117319678878995,155.90243931547877,155.90243931547877,155.90243931547877,335.9024393154788,4006.977171264917,490.3963073352414,8.17089588834462,0,low_snr;single_channel_detection
/home/s_grudinin/code/university/vlf_analyzing/new_test_raw_data/Broadband_Data_2026.06.02_13.51.00.bin,57.24000000953674,2026-06-02T13:51:57.240000,we,1,55.75264358520508,32.549922943115234,0.5838274357944945,3111465.5,1060557.0,1.0211239602555182,1.174722698019839,157.39389308919058,157.39389308919058,157.39389308919058,337.39389308919056,3541.623652819776,630.3986828451418,5.618069563273143,0,low_snr;single_channel_detection
/home/s_grudinin/code/university/vlf_analyzing/new_test_raw_data/Broadband_Data_2026.06.02_13.51.00.bin,57.466000020504,2026-06-02T13:51:57.466000,we,2,56.70853805541992,30.219921112060547,0.5328989628074488,3219074.25,914156.875,0.9828343287161357,0.9244467005176492,158.3525207483858,158.3525207483858,158.3525207483858,338.3525207483858,3650.0262657645562,483.2048891874675,7.553785873115326,0,low_snr;single_channel_detection
/home/s_grudinin/code/university/vlf_analyzing/new_test_raw_data/Broadband_Data_2026.06.02_13.51.00.bin,57.5900000333786,2026-06-02T13:51:57.590000,we,1,60.8260383605957,37.996124267578125,0.6246687322019008,3703506.75,1445149.25,1.1363823762753396,1.58749103609488,153.74588126982698,153.74588126982698,153.74588126982698,333.745881269827,4429.554236503048,719.1015499194498,6.159845208231324,0,low_snr;single_channel_detection
/home/s_grudinin/code/university/vlf_analyzing/new_test_raw_data/Broadband_Data_2026.06.02_13.51.00.bin,57.68599998950958,2026-06-02T13:51:57.686000,we,1,58.02569580078125,30.053070068359375,0.517926922781583,3370348.5,904090.25,1.0117835390233987,0.9652764287644181,159.05394990838326,159.05394990838326,159.05394990838326,339.0539499083833,3793.7522341290096,480.6864081155611,7.892364273418256,0,low_snr;single_channel_detection
/home/s_grudinin/code/university/vlf_analyzing/new_test_raw_data/Broadband_Data_2026.06.02_13.51.00.bin,57.7849999666214,2026-06-02T13:51:57.785000,we,2,55.76875305175781,30.079740524291992,0.5393654847612439,3113264.0,905695.625,0.9114682662592414,0.9447099601209216,158.44331384584459,158.44331384584459,158.44331384584459,338.4433138458446,3521.5072686922554,497.45246970909545,7.079082893590991,0,low_snr;single_channel_detection
/home/s_grudinin/code/university/vlf_analyzing/new_test_raw_data/Broadband_Data_2026.06.02_13.51.00.bin,57.86800003051758,2026-06-02T13:51:57.868000,ns|we,2,86.2384033203125,55.78157043457031,0.6468298146404914,7444499.0,3114695.25,2.204443491779562,3.3754241031273633,152.1866672860181,152.1866672860181,152.1866672860181,332.18666728601806,9114.112191660533,1445.0816644385811,6.306987636716981,0,good
/home/s_grudinin/code/university/vlf_analyzing/new_test_raw_data/Broadband_Data_2026.06.02_13.51.00.bin,58.092000000178814,2026-06-02T13:51:58.092000,we,1,58.01191711425781,30.98357582092285,0.5340898450209528,3368748.0,960941.9375,1.0700687984193733,1.057170372776145,158.7932157904046,158.7932157904046,158.7932157904046,338.7932157904046,3795.4966176953762,534.1932424256559,7.105100394869917,0,low_snr;single_channel_detection
/home/s_grudinin/code/university/vlf_analyzing/new_test_raw_data/Broadband_Data_2026.06.02_13.51.00.bin,58.136000007390976,2026-06-02T13:51:58.136000,we,1,56.645263671875,30.104888916015625,0.5314634792840147,3211894.75,907210.625,1.0292835046132929,1.0018019615331903,158.46573588066784,158.46573588066784,158.46573588066784,338.4657358806678,3636.942137748912,482.1632797725191,7.542967891426294,0,low_snr;single_channel_detection
/home/s_grudinin/code/university/vlf_analyzing/new_test_raw_data/Broadband_Data_2026.06.02_13.51.00.bin,58.56199997663498,2026-06-02T13:51:58.562000,ns|we,2,109.42450714111328,74.74032592773438,0.6830309578762731,11985696.0,5591703.0,3.6329433279463785,6.073828360125581,149.81802601046746,149.81802601046746,149.81802601046746,329.81802601046746,15253.952242285231,2323.4454622469,6.565229307140186,0,good
/home/s_grudinin/code/university/vlf_analyzing/new_test_raw_data/Broadband_Data_2026.06.02_13.51.00.bin,59.0,2026-06-02T13:51:59,we,1,57.73658752441406,56.556007385253906,0.979552304876662,3336847.0,3201780.5,0.9696762907283759,3.358630921385428,136.61165059815434,136.61165059815434,136.61165059815434,316.61165059815437,4470.384825097953,2068.2429150056914,2.1614408987764615,0,weak_linearity;single_channel_detection
/home/s_grudinin/code/university/vlf_analyzing/new_test_raw_data/Broadband_Data_2026.06.02_13.51.00.bin,59.085999965667725,2026-06-02T13:51:59.086000,we,1,56.00321960449219,30.253103256225586,0.5402029288651532,3139497.0,916165.5,0.9852351240538708,0.9929802850954611,157.6583342072143,157.6583342072143,157.6583342072143,337.6583342072143,3591.346742811931,464.3158284125851,7.7347066868043495,0,low_snr;single_channel_detection
/home/s_grudinin/code/university/vlf_analyzing/new_test_raw_data/Broadband_Data_2026.06.02_13.51.00.bin,59.19500005245209,2026-06-02T13:51:59.195000,ns|we,2,58.06149673461914,31.38019371032715,0.5404647739922313,3374508.5,985701.25,1.0746146286401628,1.085428978880698,157.2322480601772,157.2322480601772,157.2322480601772,337.2322480601772,3885.25811596344,474.95191738486864,8.180318835969839,0,low_snr
