source_file,event_time_s,event_datetime_utc_if_available,detected_channels,merged_detection_count,A_ns,A_we,ratio_we_ns,energy_ns,energy_we,snr_ns,snr_we,magnetic_axis_deg,arrival_axis_deg,azimuth_candidate_1,azimuth_candidate_2,pca_lambda1,pca_lambda2,pca_linearity,is_saturated,quality_flag
/home/s_grudinin/code/university/vlf_analyzing/raw_vlf_data/raw_data/Broadband_Data_2026.03.25_16.32.00.bin,0.19200000166893005,2026-03-25T16:32:00.192000,ns,1,22.55101776123047,23.46717071533203,1.0406257918733746,509056.9375,551258.75,1.5466867123219474,0.8732083736171623,131.57305932599945,41.57305932599945,41.57305932599945,221.57305932599945,706.9747577899175,353.3409361138433,2.000828903566765,0,low_snr;weak_linearity;single_channel_detection
/home/s_grudinin/code/university/vlf_analyzing/raw_vlf_data/raw_data/Broadband_Data_2026.03.25_16.32.00.bin,0.5339999794960022,2026-03-25T16:32:00.534000,ns,1,31.371538162231445,26.41813850402832,0.8421052983571133,985157.5625,698616.0,2.8021968941343056,1.1238542592282614,147.74804444408153,57.74804444408153,57.74804444408153,237.74804444408153,1174.7268514130496,509.04676432764575,2.3076992797796065,0,low_snr;weak_linearity;single_channel_detection
/home/s_grudinin/code/university/vlf_analyzing/raw_vlf_data/raw_data/Broadband_Data_2026.03.25_16.32.00.bin,0.7160000205039978,2026-03-25T16:32:00.716000,ns,1,23.460458755493164,26.24150276184082,1.1185417572320648,550943.5,689305.125,1.6963548739600236,1.11521033455441,126.92424680665023,36.92424680665022,36.92424680665022,216.92424680665022,868.8167029450029,371.4319227762811,2.339100787167132,0,low_snr;weak_linearity;single_channel_detection
/home/s_grudinin/code/university/vlf_analyzing/raw_vlf_data/raw_data/Broadband_Data_2026.03.25_16.32.00.bin,0.986500009894371,2026-03-25T16:32:00.986500,ns|we,4,17.621490478515625,25.490144729614258,1.4465373834688255,310827.4375,650397.25,0.7436143011357054,0.7200901138869875,108.72144614939023,18.721446149390232,18.721446149390232,198.72144614939023,694.4581475604509,266.76657303174204,2.6032427513990517,0,low_snr;weak_linearity
/home/s_grudinin/code/university/vlf_analyzing/raw_vlf_data/raw_data/Broadband_Data_2026.03.25_16.32.00.bin,1.4605000019073486,2026-03-25T16:32:01.460500,ns|we,4,24.48816680908203,30.95551300048828,1.2641008713239579,600270.0,959202.0,0.6754030489587166,1.379517816624665,121.20413010639318,31.204130106393166,31.204130106393166,211.20413010639317,1167.210737606491,392.2612277672597,2.975595483270727,0,low_snr;weak_linearity
/home/s_grudinin/code/university/vlf_analyzing/raw_vlf_data/raw_data/Broadband_Data_2026.03.25_16.32.00.bin,1.637000024318695,2026-03-25T16:32:01.637000,ns|we,2,27.15114402770996,33.63572311401367,1.2388326281826074,737921.8125,1132493.25,2.3328742475472506,1.8274609212136264,64.135097875024,154.135097875024,154.135097875024,334.13509787502403,1253.7337374269473,616.6814790648126,2.0330329027040213,0,low_snr;weak_linearity
/home/s_grudinin/code/university/vlf_analyzing/raw_vlf_data/raw_data/Broadband_Data_2026.03.25_16.32.00.bin,1.7049999833106995,2026-03-25T16:32:01.705000,ns|we,2,27.434022903442383,28.700397491455078,1.046160732331121,753378.25,824536.5,2.307501492828335,1.3036893481867189,132.46740472851744,42.46740472851744,42.46740472851744,222.46740472851744,1191.9414949513764,385.9733020449264,3.08814492773553,0,low_snr
/home/s_grudinin/code/university/vlf_analyzing/raw_vlf_data/raw_data/Broadband_Data_2026.03.25_16.32.00.bin,3.0,2026-03-25T16:32:03,we,1,19.43311882019043,50.96672439575195,2.6226734302059858,378023.75,2600204.5,1.1956427912826029,4.222896990116679,95.73980350987877,5.7398035098787545,5.7398035098787545,185.73980350987875,2622.8850706897874,355.34332774864555,7.381270072826849,0,single_channel_detection
/home/s_grudinin/code/university/vlf_analyzing/raw_vlf_data/raw_data/Broadband_Data_2026.03.25_16.32.00.bin,3.0460000038146973,2026-03-25T16:32:03.046000,ns,1,17.317758560180664,24.15140151977539,1.3946032008614655,300204.65625,583873.4375,0.9115595304660175,0.6927135813345481,115.74279686698988,25.742796866989863,25.742796866989863,205.74279686698986,669.8081374613463,214.2699656710272,3.1260010490210863,0,low_snr;single_channel_detection
/home/s_grudinin/code/university/vlf_analyzing/raw_vlf_data/raw_data/Broadband_Data_2026.03.25_16.32.00.bin,3.222000002861023,2026-03-25T16:32:03.222000,ns,1,20.853229522705078,24.13132667541504,1.1571985360416046,435292.03125,582903.25,1.3946953343274378,0.9461078046204118,122.4603297957523,32.4603297957523,32.4603297957523,212.4603297957523,683.2196859020984,334.97561283268294,2.0396102275163472,0,low_snr;weak_linearity;single_channel_detection
/home/s_grudinin/code/university/vlf_analyzing/raw_vlf_data/raw_data/Broadband_Data_2026.03.25_16.32.00.bin,3.659999966621399,2026-03-25T16:32:03.660000,ns,1,17.398710250854492,23.47254180908203,1.3490966554792698,303017.875,551511.1875,0.9303520658926154,0.9310602790520157,115.59898438037987,25.598984380379875,25.598984380379875,205.59898438037987,625.5415711184651,228.98747294811125,2.7317720182021077,0,low_snr;weak_linearity;single_channel_detection
/home/s_grudinin/code/university/vlf_analyzing/raw_vlf_data/raw_data/Broadband_Data_2026.03.25_16.32.00.bin,3.7760000228881836,2026-03-25T16:32:03.776000,ns,1,21.620283126831055,25.71451759338379,1.1893700671047434,467904.125,661897.6875,1.4661934288500613,1.0708738797841846,118.75495584021989,28.754955840219907,28.754955840219907,208.7549558402199,745.4763914219088,384.3254660588155,1.9397007413186156,0,low_snr;weak_linearity;single_channel_detection
/home/s_grudinin/code/university/vlf_analyzing/raw_vlf_data/raw_data/Broadband_Data_2026.03.25_16.32.00.bin,4.2460000067949295,2026-03-25T16:32:04.246000,ns,1,23.70689582824707,25.65403175354004,1.0821337360824714,562578.9375,658787.4375,1.7391896844791825,1.0532711771146475,129.65068372588462,39.65068372588462,39.65068372588462,219.65068372588462,869.8051630167924,351.56126941105003,2.4741211239620435,0,low_snr;weak_linearity;single_channel_detection
/home/s_grudinin/code/university/vlf_analyzing/raw_vlf_data/raw_data/Broadband_Data_2026.03.25_16.32.00.bin,4.356000006198883,2026-03-25T16:32:04.356000,ns,1,22.32278060913086,25.89704132080078,1.1601171813786835,498804.8125,671327.375,1.5630247033116607,1.081792914597248,123.55921197640798,33.559211976407994,33.559211976407994,213.559211976408,806.9156096378634,363.2165501624637,2.221582714986238,0,low_snr;weak_linearity;single_channel_detection
/home/s_grudinin/code/university/vlf_analyzing/raw_vlf_data/raw_data/Broadband_Data_2026.03.25_16.32.00.bin,4.495999991893768,2026-03-25T16:32:04.496000,ns,1,22.218996047973633,26.55498695373535,1.195147921913239,494177.5,705872.5,1.4936022298458906,1.1263886623516628,120.9255139570585,30.925513957058513,30.925513957058513,210.9255139570585,824.3895512363101,375.66047877653205,2.1945070024965547,0,low_snr;weak_linearity;single_channel_detection
/home/s_grudinin/code/university/vlf_analyzing/raw_vlf_data/raw_data/Broadband_Data_2026.03.25_16.32.00.bin,4.608999997377396,2026-03-25T16:32:04.609000,ns,2,17.000568389892578,26.08732795715332,1.5344973979023901,289308.375,681229.25,0.7272514911956546,1.0658773580153027,104.5649939177002,14.564993917700207,14.564993917700207,194.5649939177002,709.6036256748869,260.93396128142103,2.7194759248282225,0,low_snr;weak_linearity;single_channel_detection
/home/s_grudinin/code/university/vlf_analyzing/raw_vlf_data/raw_data/Broadband_Data_2026.03.25_16.32.00.bin,5.0,2026-03-25T16:32:05,we,1,18.63030242919922,49.639366149902344,2.6644423158745965,347435.25,2466530.75,1.0307597927928436,4.0210382239620985,96.86217145589083,6.862171455890831,6.862171455890831,186.86217145589083,2497.671701110974,316.2943702047882,7.896668219209281,0,single_channel_detection
/home/s_grudinin/code/university/vlf_analyzing/raw_vlf_data/raw_data/Broadband_Data_2026.03.25_16.32.00.bin,5.628000020980835,2026-03-25T16:32:05.628000,ns,1,23.163860321044922,27.028244018554688,1.1668281384859551,537101.0,731256.4375,1.7777053391085138,1.1585905795800244,124.02352628214061,34.02352628214061,34.02352628214061,214.0235262821406,893.8524043266654,374.50504971263973,2.3867566138628087,0,low_snr;weak_linearity;single_channel_detection
/home/s_grudinin/code/university/vlf_analyzing/raw_vlf_data/raw_data/Broadband_Data_2026.03.25_16.32.00.bin,5.677999973297119,2026-03-25T16:32:05.678000,ns,1,21.526418685913086,24.02485466003418,1.1160637080684006,463850.0625,577770.8125,1.3636443645765517,0.9130721207771653,125.90747101371474,35.90747101371474,35.90747101371474,215.90747101371474,703.3247949178284,338.29611740616076,2.0790211850803164,0,low_snr;weak_linearity;single_channel_detection
/home/s_grudinin/code/university/vlf_analyzing/raw_vlf_data/raw_data/Broadband_Data_2026.03.25_16.32.00.bin,5.927999973297119,2026-03-25T16:32:05.928000,ns,1,17.205636978149414,24.844547271728516,1.4439771862720818,296330.0,617868.75,0.8596311038676919,0.9926138813527381,110.75348824565839,20.75348824565839,20.75348824565839,200.7534882456584,671.7805360654671,242.41816656956914,2.771164164681845,0,low_snr;weak_linearity;single_channel_detection
/home/s_grudinin/code/university/vlf_analyzing/raw_vlf_data/raw_data/Broadband_Data_2026.03.25_16.32.00.bin,6.404000014066696,2026-03-25T16:32:06.404000,ns,1,26.01602554321289,25.052631378173828,0.9629692028307777,677510.4375,628262.0,2.018232675363915,1.0202861419767983,138.5418825101899,48.54188251018991,48.54188251018991,228.5418825101899,852.5632845287457,453.2092183080199,1.8811693365630224,0,low_snr;weak_linearity;single_channel_detection
/home/s_grudinin/code/university/vlf_analyzing/raw_vlf_data/raw_data/Broadband_Data_2026.03.25_16.32.00.bin,7.0,2026-03-25T16:32:07,we,1,17.583559036254883,52.733943939208984,2.999048362761819,309490.75,2783649.5,0.9158002600078687,4.52619099513363,93.85683702854014,3.8568370285401556,3.8568370285401556,183.85683702854016,2794.9460521508126,298.1944479917775,9.372897687980668,0,single_channel_detection
/home/s_grudinin/code/university/vlf_analyzing/raw_vlf_data/raw_data/Broadband_Data_2026.03.25_16.32.00.bin,7.7360000014305115,2026-03-25T16:32:07.736000,ns|we,2,35.18561935424805,25.02495574951172,0.7112268082468663,1239265.875,626874.6875,2.7587632259165678,0.9712859493611317,158.02836249633046,68.02836249633046,68.02836249633046,248.02836249633046,1358.3257924890586,507.8147021105248,2.6748453458391976,0,low_snr;weak_linearity
/home/s_grudinin/code/university/vlf_analyzing/raw_vlf_data/raw_data/Broadband_Data_2026.03.25_16.32.00.bin,7.953999996185303,2026-03-25T16:32:07.954000,ns|we,2,46.89955520629883,28.40749740600586,0.6057093138953692,2201767.75,807792.875,6.589914909938369,0.9817448781170194,162.23977664744285,72.23977664744285,72.23977664744285,252.23977664744285,2361.1270958184705,648.4338243879747,3.641276884417651,0,good
/home/s_grudinin/code/university/vlf_analyzing/raw_vlf_data/raw_data/Broadband_Data_2026.03.25_16.32.00.bin,8.07099999859929,2026-03-25T16:32:08.071000,ns|we,2,51.437156677246094,29.637481689453125,0.576188179984744,2648427.0,879258.75,7.2053205220956995,1.3966062916545783,158.1243964216022,68.1243964216022,68.1243964216022,248.1243964216022,2988.4361378601507,539.249732878484,5.541840738442364,0,good
/home/s_grudinin/code/university/vlf_analyzing/raw_vlf_data/raw_data/Broadband_Data_2026.03.25_16.32.00.bin,8.140000004321337,2026-03-25T16:32:08.140000,ns|we,2,17.558208465576172,23.602087020874023,1.3442195464956384,308598.96875,557615.5,0.7626606695061006,0.8831076469975222,113.82360135129227,23.823601351292268,23.823601351292268,203.82360135129227,617.9215342142086,248.29289365150441,2.4886799018964276,0,low_snr;weak_linearity
/home/s_grudinin/code/university/vlf_analyzing/raw_vlf_data/raw_data/Broadband_Data_2026.03.25_16.32.00.bin,9.0,2026-03-25T16:32:09,we,1,18.089963912963867,50.722286224365234,2.803890956798049,327574.03125,2575323.25,0.9796900578373271,4.364771632011729,95.32536057245247,5.3253605724524675,5.3253605724524675,185.32536057245247,2595.0247024102573,307.8726623363326,8.428889667298028,0,single_channel_detection
/home/s_grudinin/code/university/vlf_analyzing/raw_vlf_data/raw_data/Broadband_Data_2026.03.25_16.32.00.bin,10.238000005483627,2026-03-25T16:32:10.238000,ns,1,22.4883975982666,28.254365921020508,1.2563974732996135,506233.75,799107.5,1.4652564626051194,1.263323528033962,107.44984814639591,17.449848146395908,17.449848146395908,197.4498481463959,831.2184220010158,474.12282266105376,1.7531710819903827,0,low_snr;weak_linearity;single_channel_detection
/home/s_grudinin/code/university/vlf_analyzing/raw_vlf_data/raw_data/Broadband_Data_2026.03.25_16.32.00.bin,10.414000004529953,2026-03-25T16:32:10.414000,ns,1,20.14945411682129,26.517860412597656,1.3160585025704763,406406.53125,703900.125,1.189837363799434,1.1242452860199348,117.35159958131261,27.3515995813126,27.3515995813126,207.3515995813126,812.5844335872625,297.7222012974637,2.7293377183362315,0,low_snr;weak_linearity;single_channel_detection
/home/s_grudinin/code/university/vlf_analyzing/raw_vlf_data/raw_data/Broadband_Data_2026.03.25_16.32.00.bin,10.896000027656555,2026-03-25T16:32:10.896000,ns,1,28.23366355895996,25.24624252319336,0.8941893945314994,797936.875,638010.125,2.5539776882756984,1.048951712751955,142.76154266773568,52.76154266773568,52.76154266773568,232.76154266773568,1016.7606805575332,419.1863421533453,2.4255577491729987,0,low_snr;weak_linearity;single_channel_detection
/home/s_grudinin/code/university/vlf_analyzing/raw_vlf_data/raw_data/Broadband_Data_2026.03.25_16.32.00.bin,11.0,2026-03-25T16:32:11,we,1,18.20844841003418,53.74464416503906,2.951632283803979,331879.15625,2891375.0,1.0442635036741879,4.864871999543572,91.32607646450873,1.3260764645087306,1.3260764645087306,181.32607646450873,2892.747336702966,330.50690411254465,8.752456607435695,0,single_channel_detection
/home/s_grudinin/code/university/vlf_analyzing/raw_vlf_data/raw_data/Broadband_Data_2026.03.25_16.32.00.bin,11.194000005722046,2026-03-25T16:32:11.194000,ns,1,16.3864688873291,24.6058349609375,1.5015947078117944,268784.875,606052.5,0.7771180948279448,0.9798518651979805,108.51303031673373,18.513030316733733,18.513030316733733,198.51303031673373,648.6435393292941,226.19387233709887,2.867644170141849,0,low_snr;weak_linearity;single_channel_detection
/home/s_grudinin/code/university/vlf_analyzing/raw_vlf_data/raw_data/Broadband_Data_2026.03.25_16.32.00.bin,12.301999986171722,2026-03-25T16:32:12.302000,ns,1,17.20878791809082,24.125682830810547,1.401939691838895,296438.5,582630.625,0.8382088955587829,0.9555646606719179,112.23925138451233,22.23925138451233,22.23925138451233,202.23925138451233,640.085875205367,238.9832256590113,2.6783715611850463,0,low_snr;weak_linearity;single_channel_detection
/home/s_grudinin/code/university/vlf_analyzing/raw_vlf_data/raw_data/Broadband_Data_2026.03.25_16.32.00.bin,13.0,2026-03-25T16:32:13,we,1,17.76389503479004,54.14717483520508,3.0481589048548456,315871.53125,2934848.5,0.9866918610076955,4.654990683045325,90.18458812211335,0.18458812211335385,0.18458812211335385,180.18458812211335,2934.8756791722235,315.8443494624585,9.29215825506182,0,single_channel_detection
/home/s_grudinin/code/university/vlf_analyzing/raw_vlf_data/raw_data/Broadband_Data_2026.03.25_16.32.00.bin,13.101999998092651,2026-03-25T16:32:13.102000,ns,1,21.247392654418945,26.591066360473633,1.2514978563707242,451903.1875,707791.875,1.3827391679899845,1.217839472020772,118.97663230206679,28.976632302066776,28.976632302066776,208.97663230206678,820.9740051953127,338.7210114968362,2.423746910672468,0,low_snr;weak_linearity;single_channel_detection
/home/s_grudinin/code/university/vlf_analyzing/raw_vlf_data/raw_data/Broadband_Data_2026.03.25_16.32.00.bin,13.164000034332275,2026-03-25T16:32:13.164000,ns,1,23.31520652770996,26.071266174316406,1.1182086739540467,544142.5,680390.5625,1.617113397812759,1.0614316768318557,127.36020745659565,37.360207456595646,37.360207456595646,217.36020745659565,870.7730242925309,353.76005639661827,2.461479210406561,0,low_snr;weak_linearity;single_channel_detection
/home/s_grudinin/code/university/vlf_analyzing/raw_vlf_data/raw_data/Broadband_Data_2026.03.25_16.32.00.bin,13.302000045776367,2026-03-25T16:32:13.302000,ns,2,18.65367889404297,24.006637573242188,1.286965306393657,348307.6875,576895.0,0.945396727793554,0.9318298312100444,116.44849068925983,26.448490689259813,26.448490689259813,206.4484906892598,652.0644862722634,273.13819146239734,2.3873061573010745,0,low_snr;weak_linearity;single_channel_detection
/home/s_grudinin/code/university/vlf_analyzing/raw_vlf_data/raw_data/Broadband_Data_2026.03.25_16.32.00.bin,13.564000010490417,2026-03-25T16:32:13.564000,ns,1,24.035329818725586,25.2945499420166,1.0523903825238514,578274.75,640454.0,1.763970419681939,1.0613600802374707,128.42767632053915,38.42767632053915,38.42767632053915,218.42767632053915,746.0759258284453,472.6528265292436,1.5784861190971489,0,low_snr;weak_linearity;single_channel_detection
/home/s_grudinin/code/university/vlf_analyzing/raw_vlf_data/raw_data/Broadband_Data_2026.03.25_16.32.00.bin,13.70200002193451,2026-03-25T16:32:13.702000,ns,1,22.744125366210938,25.140323638916016,1.1053546018640843,517812.5,632667.875,1.658096940791267,1.01051907293119,127.4409060139443,37.4409060139443,37.4409060139443,217.4409060139443,795.4291684398513,355.05121160129596,2.2403223604066294,0,low_snr;weak_linearity;single_channel_detection
/home/s_grudinin/code/university/vlf_analyzing/raw_vlf_data/raw_data/Broadband_Data_2026.03.25_16.32.00.bin,14.175999999046326,2026-03-25T16:32:14.176000,ns,1,17.990745544433594,25.018253326416016,1.3906179299031536,323990.5625,626538.875,1.0017236090138042,0.9664719107053562,110.26787725360094,20.267877253600943,20.267877253600943,200.26787725360094,674.3094481089141,276.2199398575108,2.4412048183659625,0,low_snr;weak_linearity;single_channel_detection
/home/s_grudinin/code/university/vlf_analyzing/raw_vlf_data/raw_data/Broadband_Data_2026.03.25_16.32.00.bin,14.598000019788742,2026-03-25T16:32:14.598000,ns|we,2,47.71243667602539,29.241891860961914,0.6128777714606809,2278753.0,855943.375,5.889131406694397,1.346526566615154,154.91619017748803,64.91619017748803,64.91619017748803,244.91619017748803,2677.9744950473787,456.7218258663006,5.863469498020694,0,good
/home/s_grudinin/code/university/vlf_analyzing/raw_vlf_data/raw_data/Broadband_Data_2026.03.25_16.32.00.bin,15.0,2026-03-25T16:32:15,we,1,17.59504508972168,53.222900390625,3.024880022712341,309895.21875,2835510.0,0.9208155931096892,4.532217203849545,92.40583631865485,2.405836318654849,2.405836318654849,182.40583631865485,2839.9763521348814,305.42909192912424,9.29831645766703,0,single_channel_detection
/home/s_grudinin/code/university/vlf_analyzing/raw_vlf_data/raw_data/Broadband_Data_2026.03.25_16.32.00.bin,15.04200005531311,2026-03-25T16:32:15.042000,ns,1,20.37116813659668,26.374980926513672,1.2947210856862885,415399.5,696335.25,1.2578024524451155,0.8154369508297767,113.93335640975604,23.933356409756044,23.933356409756044,203.93335640975604,765.2529139598544,346.48183235196103,2.208637921259022,0,low_snr;weak_linearity;single_channel_detection
/home/s_grudinin/code/university/vlf_analyzing/raw_vlf_data/raw_data/Broadband_Data_2026.03.25_16.32.00.bin,15.509999990463257,2026-03-25T16:32:15.510000,ns,1,22.30630111694336,25.150100708007812,1.127488621988665,498068.625,633160.125,1.489135809550283,1.009751196818395,125.66295642418801,35.662956424187996,35.662956424187996,215.662956424188,776.5731295160524,354.6555609510729,2.189654456378829,0,low_snr;weak_linearity;single_channel_detection
/home/s_grudinin/code/university/vlf_analyzing/raw_vlf_data/raw_data/Broadband_Data_2026.03.25_16.32.00.bin,15.555999994277954,2026-03-25T16:32:15.556000,ns,1,18.111780166625977,22.873950958251953,1.2629322323820948,328364.625,523740.78125,0.8894493485005215,0.8353420436673039,119.93468485910829,29.9346848591083,29.9346848591083,209.9346848591083,620.6608730283881,231.44456526631424,2.68168264099965,0,low_snr;weak_linearity;single_channel_detection
/home/s_grudinin/code/university/vlf_analyzing/raw_vlf_data/raw_data/Broadband_Data_2026.03.25_16.32.00.bin,15.800500005483627,2026-03-25T16:32:15.800500,ns|we,4,18.049901962280273,25.63583755493164,1.4202757227436822,326124.75,657853.375,0.9288117585328481,0.9692530573210781,109.61094065626726,19.610940656267246,19.610940656267246,199.61094065626725,706.0895193974688,277.888548417758,2.5409090206048406,0,low_snr;weak_linearity
/home/s_grudinin/code/university/vlf_analyzing/raw_vlf_data/raw_data/Broadband_Data_2026.03.25_16.32.00.bin,15.953999996185303,2026-03-25T16:32:15.954000,ns,1,17.435163497924805,22.83184051513672,1.3095283286476171,304288.90625,521814.1875,0.907936610371006,0.6042425283480667,118.2968332191855,28.296833219185487,28.296833219185487,208.2968332191855,610.5959616381183,215.50709809859976,2.8332986106970495,0,low_snr;weak_linearity;single_channel_detection
/home/s_grudinin/code/university/vlf_analyzing/raw_vlf_data/raw_data/Broadband_Data_2026.03.25_16.32.00.bin,16.27199999988079,2026-03-25T16:32:16.272000,ns|we,2,41.21193313598633,27.426918029785156,0.6655091363776687,1700122.0,752988.0625,5.379452026856093,1.2388626690029998,156.4803031856972,66.48030318569721,66.48030318569721,246.4803031856972,1921.448878487928,531.6611520914108,3.6140479155369265,0,good
/home/s_grudinin/code/university/vlf_analyzing/raw_vlf_data/raw_data/Broadband_Data_2026.03.25_16.32.00.bin,16.316000014543533,2026-03-25T16:32:16.316000,ns,1,18.015804290771484,23.340280532836914,1.2955447426119953,324893.75,545313.4375,0.6529189924250703,0.8225692500773667,118.02142479269087,28.02142479269088,28.02142479269088,208.02142479269088,632.4097674887183,237.79743305807267,2.6594474101588577,0,low_snr;weak_linearity;single_channel_detection
/home/s_grudinin/code/university/vlf_analyzing/raw_vlf_data/raw_data/Broadband_Data_2026.03.25_16.32.00.bin,16.386000007390976,2026-03-25T16:32:16.386000,ns,1,26.464866638183594,26.38564109802246,0.9970063880825373,701089.5625,696898.25,2.185284737281855,1.1034216635677403,135.22332179744893,45.22332179744893,45.22332179744893,225.22332179744893,967.8294234893526,430.1583136355451,2.249937738758552,0,low_snr;weak_linearity;single_channel_detection
/home/s_grudinin/code/university/vlf_analyzing/raw_vlf_data/raw_data/Broadband_Data_2026.03.25_16.32.00.bin,16.479000002145767,2026-03-25T16:32:16.479000,ns|we,2,24.897920608520508,24.169864654541016,0.97075836310076,620526.375,584766.5,1.7176545437848851,0.8483640312001406,137.60852788797143,47.608527887971434,47.608527887971434,227.60852788797143,799.2825423116844,406.01038130756143,1.9686258753719132,0,low_snr;weak_linearity
/home/s_grudinin/code/university/vlf_analyzing/raw_vlf_data/raw_data/Broadband_Data_2026.03.25_16.32.00.bin,16.703999996185303,2026-03-25T16:32:16.704000,ns,1,21.934322357177734,24.763818740844727,1.1289985775530442,481595.65625,613860.0,1.4486723579504608,0.9951592210579117,124.34175669496572,34.34175669496574,34.34175669496574,214.34175669496574,729.6499556101908,365.805704575765,1.994637990832822,0,low_snr;weak_linearity;single_channel_detection
/home/s_grudinin/code/university/vlf_analyzing/raw_vlf_data/raw_data/Broadband_Data_2026.03.25_16.32.00.bin,17.0,2026-03-25T16:32:17,we,1,18.689407348632812,50.026222229003906,2.676715280255305,349643.28125,2505125.75,1.0730386050202319,4.220806696142908,97.33111091906997,7.331110919069971,7.331110919069971,187.33111091906997,2541.4041153197304,313.36505903448386,8.11004303782336,0,single_channel_detection
/home/s_grudinin/code/university/vlf_analyzing/raw_vlf_data/raw_data/Broadband_Data_2026.03.25_16.32.00.bin,17.396000027656555,2026-03-25T16:32:17.396000,ns|we,2,60.033870697021484,41.08627700805664,0.6843849402183292,3607669.5,1689770.375,11.382572670417577,2.687003829175292,150.55082755490199,60.550827554901986,60.550827554901986,240.55082755490199,4505.142275875554,792.2980670103516,5.686170979660724,0,good
/home/s_grudinin/code/university/vlf_analyzing/raw_vlf_data/raw_data/Broadband_Data_2026.03.25_16.32.00.bin,17.48800003528595,2026-03-25T16:32:17.488000,ns,1,22.561920166015625,26.935012817382812,1.1938262620906293,509549.28125,726220.4375,1.5407662822932888,1.1249891159171839,122.14072328795535,32.14072328795535,32.14072328795535,212.14072328795535,867.5342474273532,368.2354770858763,2.355922504514775,0,low_snr;weak_linearity;single_channel_detection
/home/s_grudinin/code/university/vlf_analyzing/raw_vlf_data/raw_data/Broadband_Data_2026.03.25_16.32.00.bin,17.75900000333786,2026-03-25T16:32:17.759000,ns|we,2,18.2841796875,24.770965576171875,1.354775877263185,334645.5625,614214.375,0.978369558373494,0.9667378040073132,115.13576499473342,25.13576499473342,25.13576499473342,205.13576499473342,693.1335222631335,255.72636058356647,2.710450032141399,0,low_snr;weak_linearity
/home/s_grudinin/code/university/vlf_analyzing/raw_vlf_data/raw_data/Broadband_Data_2026.03.25_16.32.00.bin,17.94599997997284,2026-03-25T16:32:17.946000,ns|we,2,29.447994232177734,29.904754638671875,1.0155107476214467,868051.5,895188.625,2.6590075191909825,1.4762784259645556,133.7531543770819,43.7531543770819,43.7531543770819,223.7531543770819,1193.472795102456,569.7672768608171,2.0946671449402943,0,low_snr;weak_linearity
/home/s_grudinin/code/university/vlf_analyzing/raw_vlf_data/raw_data/Broadband_Data_2026.03.25_16.32.00.bin,18.123999997973442,2026-03-25T16:32:18.124000,ns,1,22.362428665161133,27.518817901611328,1.2305827025166638,500578.3125,758042.625,1.5213800575720264,1.152431255079529,119.68181882097831,29.68181882097832,29.68181882097832,209.68181882097832,881.9306519791253,376.6902572554866,2.3412621775905444,0,low_snr;weak_linearity;single_channel_detection
/home/s_grudinin/code/university/vlf_analyzing/raw_vlf_data/raw_data/Broadband_Data_2026.03.25_16.32.00.bin,18.171000003814697,2026-03-25T16:32:18.171000,ns|we,2,22.042682647705078,31.94141960144043,1.4490713363676944,486365.71875,1021274.5625,1.3528178864504825,1.5765441545336738,114.6234837932997,24.623483793299698,24.623483793299698,204.6234837932997,1163.5237463023425,344.11656651153555,3.381190734574341,0,low_snr
/home/s_grudinin/code/university/vlf_analyzing/raw_vlf_data/raw_data/Broadband_Data_2026.03.25_16.32.00.bin,18.758000016212463,2026-03-25T16:32:18.758000,we,1,18.673677444458008,30.028032302856445,1.6080406439582466,349054.90625,902584.375,1.0899301691058352,1.5054519911726245,100.48039823887285,10.480398238872851,10.480398238872851,190.48039823887285,922.196974048552,329.4422438289029,2.799267523589038,0,low_snr;weak_linearity;single_channel_detection
/home/s_grudinin/code/university/vlf_analyzing/raw_vlf_data/raw_data/Broadband_Data_2026.03.25_16.32.00.bin,19.0,2026-03-25T16:32:19,we,1,18.563114166259766,53.12617111206055,2.8619212614993006,344933.8125,2825212.5,1.0923574353345453,4.672895571858761,91.7153955306885,1.715395530688511,1.715395530688511,181.7153955306885,2827.4386828934857,342.7072428297457,8.250303260436567,0,single_channel_detection
/home/s_grudinin/code/university/vlf_analyzing/raw_vlf_data/raw_data/Broadband_Data_2026.03.25_16.32.00.bin,20.238000005483627,2026-03-25T16:32:20.238000,ns,1,27.685945510864258,25.76259422302246,0.930529687451419,767278.125,664375.0,2.4308090889251086,1.0974624303731633,139.43500381246997,49.43500381246997,49.43500381246997,229.43500381246997,1049.5090416269695,382.1441234292574,2.746369700020396,0,low_snr;weak_linearity;single_channel_detection
/home/s_grudinin/code/university/vlf_analyzing/raw_vlf_data/raw_data/Broadband_Data_2026.03.25_16.32.00.bin,20.39800000190735,2026-03-25T16:32:20.398000,ns,1,20.68315887451172,24.36528778076172,1.1780254616129449,428220.875,594260.875,1.2379308374588314,0.96030157357199,119.57182323320069,29.57182323320069,29.57182323320069,209.5718232332007,673.1087995650693,349.3730033290371,1.9266193814384052,0,low_snr;weak_linearity;single_channel_detection
/home/s_grudinin/code/university/vlf_analyzing/raw_vlf_data/raw_data/Broadband_Data_2026.03.25_16.32.00.bin,20.6099999944369,2026-03-25T16:32:20.610000,ns|we,3,18.365747451782227,25.388181686401367,1.382365828183938,337638.0,645204.3125,0.548770380903628,0.9701271912789408,110.64374147803052,20.643741478030506,20.643741478030506,200.6437414780305,696.0810673024137,286.7612485343457,2.4273888848654552,0,low_snr;weak_linearity
/home/s_grudinin/code/university/vlf_analyzing/raw_vlf_data/raw_data/Broadband_Data_2026.03.25_16.32.00.bin,20.755999982357025,2026-03-25T16:32:20.756000,ns,1,18.02682113647461,24.296947479248047,1.3478220755230892,325291.25,590931.9375,0.9413310516604747,0.9574288621708876,111.57057290026464,21.570572900264636,21.570572900264636,201.57057290026464,640.139207828342,276.0839750687013,2.3186394924553158,0,low_snr;weak_linearity;single_channel_detection
/home/s_grudinin/code/university/vlf_analyzing/raw_vlf_data/raw_data/Broadband_Data_2026.03.25_16.32.00.bin,21.0,2026-03-25T16:32:21,ns|we,2,58.433815002441406,59.303653717041016,1.0148858792560822,3417925.25,3520440.25,8.837032059417172,5.822541894699391,133.79190659864375,43.79190659864375,43.79190659864375,223.79190659864375,4685.029221174029,2253.3355973847333,2.0791528907684973,0,weak_linearity
/home/s_grudinin/code/university/vlf_analyzing/raw_vlf_data/raw_data/Broadband_Data_2026.03.25_16.32.00.bin,21.07200002670288,2026-03-25T16:32:21.072000,ns,2,17.963638305664062,23.411771774291992,1.3032867493724138,323015.0,548659.125,0.8138265784483495,0.8660539393792674,117.38597578320372,27.38597578320372,27.38597578320372,207.38597578320372,631.4260637942434,240.24805445497162,2.6282255031230046,0,low_snr;weak_linearity;single_channel_detection
/home/s_grudinin/code/university/vlf_analyzing/raw_vlf_data/raw_data/Broadband_Data_2026.03.25_16.32.00.bin,21.144999980926514,2026-03-25T16:32:21.145000,ns|we,2,36.234222412109375,29.857040405273438,0.8240011353270954,1314231.875,892334.25,3.771294466307868,1.3927846855658692,155.86441276016632,65.86441276016632,65.86441276016632,245.86441276016632,1420.2105157474864,786.3555312212468,1.8060666700491461,0,weak_linearity
/home/s_grudinin/code/university/vlf_analyzing/raw_vlf_data/raw_data/Broadband_Data_2026.03.25_16.32.00.bin,21.52400004863739,2026-03-25T16:32:21.524000,ns,1,17.664371490478516,25.343097686767578,1.4347013535367863,312342.0625,642914.875,0.9507565993923073,1.0610721321743897,108.00719118660288,18.00719118660288,18.00719118660288,198.00719118660288,681.9709880899667,273.2859590561221,2.495448322502051,0,low_snr;weak_linearity;single_channel_detection
/home/s_grudinin/code/university/vlf_analyzing/raw_vlf_data/raw_data/Broadband_Data_2026.03.25_16.32.00.bin,21.89800000190735,2026-03-25T16:32:21.898000,ns,1,28.326168060302734,25.25107765197754,0.8914399433845194,803174.125,638254.5,2.468114742225752,0.9897914256350925,141.9136777328972,51.91367773289721,51.91367773289721,231.9136777328972,1065.7385970677713,375.6900030946048,2.8367499488651506,0,low_snr;weak_linearity;single_channel_detection
/home/s_grudinin/code/university/vlf_analyzing/raw_vlf_data/raw_data/Broadband_Data_2026.03.25_16.32.00.bin,22.097999997437,2026-03-25T16:32:22.098000,ns,1,17.029319763183594,24.305173873901367,1.4272545358180615,290287.75,591332.25,0.8669405983527032,0.9647581079646504,111.38691015382479,21.386910153824772,21.386910153824772,201.38691015382477,645.8699397645482,235.75007540516066,2.7396383167833642,0,low_snr;weak_linearity;single_channel_detection
/home/s_grudinin/code/university/vlf_analyzing/raw_vlf_data/raw_data/Broadband_Data_2026.03.25_16.32.00.bin,22.483999997377396,2026-03-25T16:32:22.484000,ns,1,19.976829528808594,28.151966094970703,1.4092309319840435,399472.78125,793325.75,1.1989583600749585,1.269952472863465,100.78104489148238,10.781044891482395,10.781044891482395,190.7810448914824,808.1436761815498,384.6548687065006,2.1009578766002246,0,low_snr;weak_linearity;single_channel_detection
/home/s_grudinin/code/university/vlf_analyzing/raw_vlf_data/raw_data/Broadband_Data_2026.03.25_16.32.00.bin,23.0,2026-03-25T16:32:23,we,1,17.95047378540039,55.30987548828125,3.0812487820384553,322541.6875,3062241.25,1.0355683333171468,5.147729455202756,92.53637529691157,2.536375296911558,2.536375296911558,182.53637529691156,3067.62781677459,317.15519202159186,9.672324130092553,0,single_channel_detection
/home/s_grudinin/code/university/vlf_analyzing/raw_vlf_data/raw_data/Broadband_Data_2026.03.25_16.32.00.bin,23.814000010490417,2026-03-25T16:32:23.814000,ns,1,18.595754623413086,23.035905838012695,1.2387723060729128,346147.875,531183.625,1.0365318682605338,0.8426877828940207,118.90249650477976,28.902496504779776,28.902496504779776,208.90249650477978,612.3095242246612,265.02197424164376,2.3104103951258117,0,low_snr;weak_linearity;single_channel_detection
/home/s_grudinin/code/university/vlf_analyzing/raw_vlf_data/raw_data/Broadband_Data_2026.03.25_16.32.00.bin,23.942000031471252,2026-03-25T16:32:23.942000,ns,1,19.38882064819336,25.26491355895996,1.3030660305433706,376302.25,638954.1875,1.1135150702584462,0.9924721176538007,116.51818071514717,26.518180715147167,26.518180715147167,206.51818071514717,726.0286685404265,289.2277105651075,2.5102320490725902,0,low_snr;weak_linearity;single_channel_detection
/home/s_grudinin/code/university/vlf_analyzing/raw_vlf_data/raw_data/Broadband_Data_2026.03.25_16.32.00.bin,24.230999998748302,2026-03-25T16:32:24.231000,ns|we,2,20.10272979736328,28.7269287109375,1.429006358862962,404523.875,826061.625,1.2084473251338594,1.2878792684714537,99.18625149147148,9.186251491471467,9.186251491471467,189.18625149147147,837.3821158820599,393.20336705314327,2.129641264666184,0,low_snr;weak_linearity
/home/s_grudinin/code/university/vlf_analyzing/raw_vlf_data/raw_data/Broadband_Data_2026.03.25_16.32.00.bin,25.0,2026-03-25T16:32:25,we,1,17.8533878326416,52.0950927734375,2.917938783483345,319062.21875,2716612.5,0.9716991295575117,4.5661537779031,93.79483420439774,3.7948342043977448,3.7948342043977448,183.79483420439774,2727.2073158439457,308.46739558146845,8.841152598001761,0,single_channel_detection
/home/s_grudinin/code/university/vlf_analyzing/raw_vlf_data/raw_data/Broadband_Data_2026.03.25_16.32.00.bin,25.082000017166138,2026-03-25T16:32:25.082000,ns|we,2,49.41961669921875,53.896114349365234,1.0905813915431715,2444741.0,2907696.0,7.983512090352281,4.809276491992228,61.4748798448989,151.4748798448989,151.4748798448989,331.4748798448989,3101.8036489351043,2250.633433438393,1.3781914028515696,0,weak_linearity
/home/s_grudinin/code/university/vlf_analyzing/raw_vlf_data/raw_data/Broadband_Data_2026.03.25_16.32.00.bin,25.611999988555908,2026-03-25T16:32:25.612000,ns,1,20.42593765258789,24.718463897705078,1.2101507562651417,417636.1875,611613.4375,1.2932500266048605,0.9990077447404118,121.98965733617635,31.98965733617635,31.98965733617635,211.98965733617635,735.7088832169844,293.5407199972862,2.506326492705283,0,low_snr;weak_linearity;single_channel_detection
/home/s_grudinin/code/university/vlf_analyzing/raw_vlf_data/raw_data/Broadband_Data_2026.03.25_16.32.00.bin,25.924000024795532,2026-03-25T16:32:25.924000,ns,1,22.63235855102539,24.67966079711914,1.0904590761708264,512735.90625,609694.6875,1.6567568834755568,0.9835297779344168,127.93522717303473,37.93522717303472,37.93522717303472,217.93522717303472,759.8077122332047,362.62290522681246,2.095310862279811,0,low_snr;weak_linearity;single_channel_detection
/home/s_grudinin/code/university/vlf_analyzing/raw_vlf_data/raw_data/Broadband_Data_2026.03.25_16.32.00.bin,26.019999999552965,2026-03-25T16:32:26.020000,ns,1,23.21293067932129,25.704395294189453,1.107330894546914,539379.0,661376.6875,1.699442919805144,0.7653092497181471,129.16623004976267,39.166230049762675,39.166230049762675,219.16623004976267,902.0052603838406,298.7503901432319,3.0192605269950707,0,low_snr;single_channel_detection
/home/s_grudinin/code/university/vlf_analyzing/raw_vlf_data/raw_data/Broadband_Data_2026.03.25_16.32.00.bin,26.34400001168251,2026-03-25T16:32:26.344000,ns,1,22.06835174560547,24.744287490844727,1.1212567107904199,487499.15625,612892.0,1.4921014082779234,1.033466326806665,126.79087901263048,36.790879012630484,36.790879012630484,216.79087901263048,772.01450824355,328.37663259638714,2.351003182350197,0,low_snr;weak_linearity;single_channel_detection
/home/s_grudinin/code/university/vlf_analyzing/raw_vlf_data/raw_data/Broadband_Data_2026.03.25_16.32.00.bin,26.53200000524521,2026-03-25T16:32:26.532000,ns,1,22.026845932006836,25.028995513916016,1.1362950279479493,485667.09375,627077.0625,1.501705405649455,1.0019798923921,116.17608283024536,26.176082830245377,26.176082830245377,206.17608283024538,672.128797812287,440.61530010528134,1.5254322708532497,0,low_snr;weak_linearity;single_channel_detection
/home/s_grudinin/code/university/vlf_analyzing/raw_vlf_data/raw_data/Broadband_Data_2026.03.25_16.32.00.bin,27.0,2026-03-25T16:32:27,we,1,18.623517990112305,51.675472259521484,2.774742789571472,347182.25,2673024.5,1.066439167961658,4.445349816993285,91.89637907563494,1.8963790756349397,1.8963790756349397,181.89637907563494,2675.576891938991,344.62967697945595,7.763628818589757,0,single_channel_detection
/home/s_grudinin/code/university/vlf_analyzing/raw_vlf_data/raw_data/Broadband_Data_2026.03.25_16.32.00.bin,27.917999982833862,2026-03-25T16:32:27.918000,ns,1,22.11998748779297,26.609670639038086,1.202969515860783,489783.1875,708782.6875,1.4805269925549673,1.184453472214421,116.01154049379424,26.011540493794257,26.011540493794257,206.01154049379426,777.231753204955,421.33412498834264,1.844692150740122,0,low_snr;weak_linearity;single_channel_detection
/home/s_grudinin/code/university/vlf_analyzing/raw_vlf_data/raw_data/Broadband_Data_2026.03.25_16.32.00.bin,28.61599999666214,2026-03-25T16:32:28.616000,ns,1,22.530269622802734,24.98707389831543,1.1090446016245217,508120.65625,624978.25,1.5524641332268783,1.0395693111315474,127.54269099880553,37.54269099880554,37.54269099880554,217.54269099880554,793.5638843803392,339.5350834011638,2.3372073260621904,0,low_snr;weak_linearity;single_channel_detection
/home/s_grudinin/code/university/vlf_analyzing/raw_vlf_data/raw_data/Broadband_Data_2026.03.25_16.32.00.bin,28.805999994277954,2026-03-25T16:32:28.806000,ns|we,2,26.898656845092773,37.26358413696289,1.385332522421455,724261.25,1389963.125,2.0707067407602855,2.2264797409617754,118.33324534689042,28.333245346890408,28.333245346890408,208.3332453468904,1662.8336825289048,451.39067630530883,3.6838015710457515,0,low_snr
/home/s_grudinin/code/university/vlf_analyzing/raw_vlf_data/raw_data/Broadband_Data_2026.03.25_16.32.00.bin,29.0,2026-03-25T16:32:29,we,1,17.733795166015625,50.84920883178711,2.8673619129891468,314801.9375,2588227.5,1.0006717674251417,4.427684554113324,95.65101714126618,5.6510171412661805,5.6510171412661805,185.65101714126618,2610.7068496038,292.3225182547546,8.930912559150164,0,single_channel_detection
/home/s_grudinin/code/university/vlf_analyzing/raw_vlf_data/raw_data/Broadband_Data_2026.03.25_16.32.00.bin,30.48249999433756,2026-03-25T16:32:30.482500,ns|we,4,17.944007873535156,24.16107749938965,1.3464705137040447,322309.375,584341.375,0.6061293680891943,0.9614045376057382,117.5341580795016,27.534158079501594,27.534158079501594,207.5341580795016,682.1346164666982,224.51613767014592,3.038243146106816,0,low_snr
/home/s_grudinin/code/university/vlf_analyzing/raw_vlf_data/raw_data/Broadband_Data_2026.03.25_16.32.00.bin,30.578999996185303,2026-03-25T16:32:30.579000,ns|we,2,42.427825927734375,27.834077835083008,0.6560335635036079,1801920.5,775510.5625,5.269239544167775,1.27684320987058,155.93039060058967,65.93039060058967,65.93039060058967,245.93039060058967,2057.765984358955,519.6651411988535,3.959792222375625,0,good
/home/s_grudinin/code/university/vlf_analyzing/raw_vlf_data/raw_data/Broadband_Data_2026.03.25_16.32.00.bin,30.910000026226044,2026-03-25T16:32:30.910000,ns,1,27.231067657470703,26.750080108642578,0.9823368090124388,742272.625,716282.375,2.3018594022163756,1.1763436846707576,136.45586575557394,46.45586575557394,46.45586575557394,226.45586575557394,985.0996672808323,473.4553420241839,2.0806601591381173,0,low_snr;weak_linearity;single_channel_detection
/home/s_grudinin/code/university/vlf_analyzing/raw_vlf_data/raw_data/Broadband_Data_2026.03.25_16.32.00.bin,31.0,2026-03-25T16:32:31,we,1,18.15557861328125,50.616939544677734,2.7879551857216724,329954.65625,2564636.5,1.018632381148897,4.177376105607716,93.47818853430579,3.4781885343057866,3.4781885343057866,183.4781885343058,2572.922739920099,321.6685049615241,7.998677832098754,0,single_channel_detection
/home/s_grudinin/code/university/vlf_analyzing/raw_vlf_data/raw_data/Broadband_Data_2026.03.25_16.32.00.bin,31.085999965667725,2026-03-25T16:32:31.086000,ns,1,25.185482025146484,23.997407913208008,0.9528270250792423,634942.8125,576451.4375,1.9638022080539648,0.9268133239032617,139.63685016719631,49.636850167196314,49.636850167196314,229.63685016719631,787.1773792264534,424.21686628734204,1.8556013251327428,0,low_snr;weak_linearity;single_channel_detection
/home/s_grudinin/code/university/vlf_analyzing/raw_vlf_data/raw_data/Broadband_Data_2026.03.25_16.32.00.bin,31.182000001271565,2026-03-25T16:32:31.182000,ns|we,3,20.19424819946289,24.484291076660156,1.212438850648085,408215.5,600080.0,0.745745336162501,0.9345010319873732,119.34956240783669,29.349562407836686,29.349562407836686,209.3495624078367,688.799058188579,319.49651223386695,2.155889131222771,0,low_snr;weak_linearity
/home/s_grudinin/code/university/vlf_analyzing/raw_vlf_data/raw_data/Broadband_Data_2026.03.25_16.32.00.bin,31.300999999046326,2026-03-25T16:32:31.301000,ns|we,2,36.28343200683594,26.665712356567383,0.7349280616988692,1317804.0,711771.3125,3.659477530205399,1.1410792856399843,153.10032714689672,63.10032714689672,63.10032714689672,243.10032714689672,1527.8401160875283,501.7352724223983,3.0451120343025737,0,good
/home/s_grudinin/code/university/vlf_analyzing/raw_vlf_data/raw_data/Broadband_Data_2026.03.25_16.32.00.bin,31.350000023841858,2026-03-25T16:32:31.350000,ns,1,25.20903778076172,26.95343589782715,1.0691973304270899,636131.125,727214.1875,1.3775305539885003,1.16898859794622,129.16499847751126,39.16499847751126,39.16499847751126,219.16499847751126,906.8195557723326,456.52575646792394,1.9863491663389747,0,low_snr;weak_linearity;single_channel_detection
/home/s_grudinin/code/university/vlf_analyzing/raw_vlf_data/raw_data/Broadband_Data_2026.03.25_16.32.00.bin,31.447999954223633,2026-03-25T16:32:31.448000,ns,1,22.901805877685547,25.409297943115234,1.109488835894455,525017.1875,646278.0,1.5719668418126191,1.059583670775065,125.44247243390406,35.44247243390407,35.44247243390407,215.44247243390407,770.7977493620617,400.49748166430004,1.9246007394577032,0,low_snr;weak_linearity;single_channel_detection
/home/s_grudinin/code/university/vlf_analyzing/raw_vlf_data/raw_data/Broadband_Data_2026.03.25_16.32.00.bin,31.69599997997284,2026-03-25T16:32:31.696000,ns|we,2,22.624292373657227,25.733722686767578,1.1374376825473536,512370.4375,662886.6875,1.53259152215359,1.1036414651304611,124.06356796325855,34.06356796325855,34.06356796325855,214.06356796325855,789.6376275758137,385.6194875387135,2.0477119364890437,0,low_snr;weak_linearity
/home/s_grudinin/code/university/vlf_analyzing/raw_vlf_data/raw_data/Broadband_Data_2026.03.25_16.32.00.bin,31.824000000953674,2026-03-25T16:32:31.824000,ns,1,24.37228012084961,25.35323143005371,1.0402486474116919,594602.0,643429.125,1.8914733217039787,1.057505637266123,131.37702715482303,41.377027154823026,41.377027154823026,221.37702715482303,812.5761627604858,425.4550388755486,1.909899022251734,0,low_snr;weak_linearity;single_channel_detection
/home/s_grudinin/code/university/vlf_analyzing/raw_vlf_data/raw_data/Broadband_Data_2026.03.25_16.32.00.bin,32.51399999856949,2026-03-25T16:32:32.514000,ns,1,26.36275863647461,26.1586856842041,0.9922590440899781,695690.0,684961.125,2.2426867655301894,1.0965982756187156,135.66298104976818,45.66298104976818,45.66298104976818,225.66298104976818,922.1478389802055,458.5032557701411,2.0112132844755606,0,low_snr;weak_linearity;single_channel_detection
/home/s_grudinin/code/university/vlf_analyzing/raw_vlf_data/raw_data/Broadband_Data_2026.03.25_16.32.00.bin,32.755999982357025,2026-03-25T16:32:32.756000,ns,1,27.442752838134766,24.688007354736328,0.8996184712354619,753857.75,610107.25,2.4303216571982356,1.0115760805977858,142.58482045456927,52.58482045456927,52.58482045456927,232.58482045456927,956.6533160108947,407.31173692844186,2.3487005879699483,0,low_snr;weak_linearity;single_channel_detection
/home/s_grudinin/code/university/vlf_analyzing/raw_vlf_data/raw_data/Broadband_Data_2026.03.25_16.32.00.bin,33.0009999871254,2026-03-25T16:32:33.001000,ns|we,2,19.159025192260742,50.821102142333984,2.652593314761152,367435.3125,2585367.25,1.1100252937650024,4.204818192459403,94.851603180588,4.851603180588,4.851603180588,184.851603180588,2601.4621973624016,351.3402404112621,7.404395791148907,0,good
/home/s_grudinin/code/university/vlf_analyzing/raw_vlf_data/raw_data/Broadband_Data_2026.03.25_16.32.00.bin,33.817999958992004,2026-03-25T16:32:33.818000,ns|we,2,49.434635162353516,30.642345428466797,0.619855802067324,2446227.0,939892.25,7.537453935651501,1.5292353550356712,156.03645610966063,66.03645610966063,66.03645610966063,246.03645610966063,2817.062784776691,569.0563063841504,4.950411326915308,0,good
/home/s_grudinin/code/university/vlf_analyzing/raw_vlf_data/raw_data/Broadband_Data_2026.03.25_16.32.00.bin,34.027000000700355,2026-03-25T16:32:34.027000,ns|we,2,26.545969009399414,36.226016998291016,1.3646522749070762,705393.1875,1313636.5,1.904786698781516,1.5245991541255401,119.81162084206647,29.811620842066475,29.811620842066475,209.81162084206647,1610.9214599672036,408.10818947943585,3.947290207584458,0,low_snr
/home/s_grudinin/code/university/vlf_analyzing/raw_vlf_data/raw_data/Broadband_Data_2026.03.25_16.32.00.bin,34.21400000154972,2026-03-25T16:32:34.214000,ns,1,23.8085994720459,24.705476760864258,1.0376703085736043,567416.25,610970.9375,1.7568178107982846,0.995764677204753,129.8941745114142,39.89417451141421,39.89417451141421,219.8941745114142,712.0318600818912,466.3553286844307,1.5268011670210833,0,low_snr;weak_linearity;single_channel_detection
/home/s_grudinin/code/university/vlf_analyzing/raw_vlf_data/raw_data/Broadband_Data_2026.03.25_16.32.00.bin,34.30799999833107,2026-03-25T16:32:34.308000,ns|we,2,74.12919616699219,31.423542022705078,0.42390237109702733,5500632.5,988426.375,13.293361456907622,1.6010094012864893,165.44488453989527,75.44488453989527,75.44488453989527,255.44488453989527,5826.812783471822,662.2462917457888,8.79855856664956,0,good
/home/s_grudinin/code/university/vlf_analyzing/raw_vlf_data/raw_data/Broadband_Data_2026.03.25_16.32.00.bin,34.45199999213219,2026-03-25T16:32:34.452000,ns,1,20.132570266723633,25.069507598876953,1.245221413199891,405725.6875,629108.625,1.131178517455603,1.002261874182444,117.6160878876674,27.61608788766739,27.61608788766739,207.6160878876674,713.2803819220915,321.55394559532414,2.218229294625895,0,low_snr;weak_linearity;single_channel_detection
/home/s_grudinin/code/university/vlf_analyzing/raw_vlf_data/raw_data/Broadband_Data_2026.03.25_16.32.00.bin,35.0,2026-03-25T16:32:35,we,1,17.809444427490234,50.868282318115234,2.8562531821370754,317493.5,2590169.5,1.0324514034585763,4.2068475800398515,94.25191895317718,4.2519189531771815,4.2519189531771815,184.25191895317718,2602.8012718814753,304.86166503611895,8.537646973662943,0,single_channel_detection
/home/s_grudinin/code/university/vlf_analyzing/raw_vlf_data/raw_data/Broadband_Data_2026.03.25_16.32.00.bin,35.205999970436096,2026-03-25T16:32:35.206000,ns,1,30.11125373840332,28.132198333740234,0.9342752240787646,907594.25,792212.0,2.920231697255515,1.3142765138449886,141.85436809975835,51.85436809975835,51.85436809975835,231.85436809975835,1093.3397503239062,606.4666218029289,1.8028028435820243,0,low_snr;weak_linearity;single_channel_detection
/home/s_grudinin/code/university/vlf_analyzing/raw_vlf_data/raw_data/Broadband_Data_2026.03.25_16.32.00.bin,35.25699996948242,2026-03-25T16:32:35.257000,ns|we,2,26.91239356994629,27.515186309814453,1.022398332511765,725001.25,757842.625,2.301945874013816,1.2544934745872311,133.39243880519473,43.39243880519473,43.39243880519473,223.39243880519473,1034.203712664226,448.6402753389959,2.3051958763237916,0,low_snr;weak_linearity
/home/s_grudinin/code/university/vlf_analyzing/raw_vlf_data/raw_data/Broadband_Data_2026.03.25_16.32.00.bin,35.419999957084656,2026-03-25T16:32:35.420000,ns,1,22.0045108795166,24.208955764770508,1.100181499026405,484682.71875,586659.625,1.4843673445521581,0.9469344738352213,126.15354175188071,36.15354175188071,36.15354175188071,216.1535417518807,703.4432155463224,367.89919779869535,1.9120542250576635,0,low_snr;weak_linearity;single_channel_detection
/home/s_grudinin/code/university/vlf_analyzing/raw_vlf_data/raw_data/Broadband_Data_2026.03.25_16.32.00.bin,35.56999999284744,2026-03-25T16:32:35.570000,ns,2,18.034835815429688,25.300350189208984,1.4028600231315602,325580.5625,640747.8125,0.9515093809857293,1.0176780073489988,105.7041865474265,15.704186547426502,15.704186547426502,195.7041865474265,667.8019108762668,298.52644286092595,2.236994165328839,0,low_snr;weak_linearity;single_channel_detection
/home/s_grudinin/code/university/vlf_analyzing/raw_vlf_data/raw_data/Broadband_Data_2026.03.25_16.32.00.bin,35.65400004386902,2026-03-25T16:32:35.654000,ns,1,23.7679443359375,24.65735626220703,1.0374206500022676,565480.125,608593.1875,1.7722859345186914,0.9982050561060243,131.69865344112097,41.69865344112097,41.69865344112097,221.69865344112097,774.5111378755803,399.5621424004371,1.9383997022905417,0,low_snr;weak_linearity;single_channel_detection
/home/s_grudinin/code/university/vlf_analyzing/raw_vlf_data/raw_data/Broadband_Data_2026.03.25_16.32.00.bin,35.739000022411346,2026-03-25T16:32:35.739000,ns|we,2,50.44063186645508,31.67305564880371,0.6279274163864481,2546801.5,1004185.625,8.250381840143886,1.681774918316534,158.65990764807125,68.65990764807125,68.65990764807125,248.65990764807125,2824.679358545086,726.3078332848387,3.889093892557975,0,good
/home/s_grudinin/code/university/vlf_analyzing/raw_vlf_data/raw_data/Broadband_Data_2026.03.25_16.32.00.bin,35.83200001716614,2026-03-25T16:32:35.832000,ns,1,18.9089298248291,25.06487274169922,1.325557446872826,357905.1875,628876.125,1.0532139008056396,1.0360942480998268,114.65416797904756,24.654167979047543,24.654167979047543,204.65416797904754,701.1942344551585,285.5870353777982,2.455273340848817,0,low_snr;weak_linearity;single_channel_detection
/home/s_grudinin/code/university/vlf_analyzing/raw_vlf_data/raw_data/Broadband_Data_2026.03.25_16.32.00.bin,36.019999999552965,2026-03-25T16:32:36.020000,ns,1,22.368593215942383,24.921144485473633,1.114113178459113,500854.3125,621684.5,1.529002898984297,0.7794795509531117,127.65856455394079,37.65856455394078,37.65856455394078,217.65856455394078,799.6226746333988,322.91618929336545,2.4762545240707916,0,low_snr;weak_linearity;single_channel_detection
/home/s_grudinin/code/university/vlf_analyzing/raw_vlf_data/raw_data/Broadband_Data_2026.03.25_16.32.00.bin,36.11899999901652,2026-03-25T16:32:36.119000,ns|we,2,32.6688117980957,28.25006866455078,0.864741235131075,1068318.5,798864.5,3.472537052922493,1.2983744402689568,144.91906286547666,54.91906286547666,54.91906286547666,234.91906286547666,1330.590238481877,536.5928470183424,2.479701781109264,0,weak_linearity
/home/s_grudinin/code/university/vlf_analyzing/raw_vlf_data/raw_data/Broadband_Data_2026.03.25_16.32.00.bin,37.0,2026-03-25T16:32:37,we,1,18.669384002685547,54.727256774902344,2.931390600087664,348894.4375,2998067.75,1.097627058179511,4.812827544784021,91.86387699416888,1.8638769941688906,1.8638769941688906,181.8638769941689,3000.8760172720267,346.0859980532163,8.670896927793608,0,single_channel_detection
/home/s_grudinin/code/university/vlf_analyzing/raw_vlf_data/raw_data/Broadband_Data_2026.03.25_16.32.00.bin,37.05200004577637,2026-03-25T16:32:37.052000,we,1,18.259824752807617,29.194385528564453,1.5988316385169004,333754.625,853164.5,1.056031742196143,1.428996560612927,97.64510125595703,7.64510125595703,7.64510125595703,187.64510125595703,862.6946863951298,324.22439138233744,2.6607951447360585,0,low_snr;weak_linearity;single_channel_detection
/home/s_grudinin/code/university/vlf_analyzing/raw_vlf_data/raw_data/Broadband_Data_2026.03.25_16.32.00.bin,37.925999999046326,2026-03-25T16:32:37.926000,ns|we,2,26.967540740966797,26.069198608398438,0.9666880216776816,727975.5625,680282.75,2.277657700538381,1.0901308201863695,137.26173918408017,47.26173918408017,47.26173918408017,227.26173918408017,1006.4896497298017,401.76859286611545,2.505147658630449,0,low_snr;weak_linearity
/home/s_grudinin/code/university/vlf_analyzing/raw_vlf_data/raw_data/Broadband_Data_2026.03.25_16.32.00.bin,38.12000000228485,2026-03-25T16:32:38.120000,ns|we,3,17.780033111572266,24.244186401367188,1.3635625000937888,316445.6875,588368.375,0.7572223684598122,0.9209676714444738,111.89120526275067,21.891205262750674,21.891205262750674,201.89120526275067,640.7262543928344,264.08778960221645,2.4261865925642723,0,low_snr;weak_linearity
/home/s_grudinin/code/university/vlf_analyzing/raw_vlf_data/raw_data/Broadband_Data_2026.03.25_16.32.00.bin,38.310000002384186,2026-03-25T16:32:38.310000,ns,1,23.20813751220703,26.11622428894043,1.1253046167622316,539156.25,682739.25,1.5242897699792957,1.1207642096823691,124.91334830282238,34.913348302822385,34.913348302822385,214.91334830282238,819.1229096173691,402.772565781702,2.0337107817351248,0,low_snr;weak_linearity;single_channel_detection
/home/s_grudinin/code/university/vlf_analyzing/raw_vlf_data/raw_data/Broadband_Data_2026.03.25_16.32.00.bin,38.50199997425079,2026-03-25T16:32:38.502000,ns,1,26.7225284576416,26.6568546295166,0.9975423797104344,714807.625,711298.5,2.1596574956152716,1.1165234026641515,135.16887746347948,45.168877463479475,45.168877463479475,225.16887746347948,1010.6914131762146,415.4146923400265,2.4329698294564364,0,low_snr;weak_linearity;single_channel_detection
/home/s_grudinin/code/university/vlf_analyzing/raw_vlf_data/raw_data/Broadband_Data_2026.03.25_16.32.00.bin,38.776000022888184,2026-03-25T16:32:38.776000,ns,1,26.545799255371094,24.409347534179688,0.9195182747884282,705384.125,596412.0625,2.1760230451194955,0.9826318562932099,141.55559266197884,51.555592661978835,51.555592661978835,231.55559266197884,891.092548291016,410.70369663136125,2.1696725780650548,0,low_snr;weak_linearity;single_channel_detection
/home/s_grudinin/code/university/vlf_analyzing/raw_vlf_data/raw_data/Broadband_Data_2026.03.25_16.32.00.bin,39.0,2026-03-25T16:32:39,we,1,17.331693649291992,53.170780181884766,3.067835218980677,300688.0,2829959.0,0.9060898128952453,4.546919934473701,90.33789839045576,0.33789839045576286,0.33789839045576286,180.33789839045576,2830.0469172112535,300.6000216684881,9.414659724583505,0,single_channel_detection
/home/s_grudinin/code/university/vlf_analyzing/raw_vlf_data/raw_data/Broadband_Data_2026.03.25_16.32.00.bin,39.074000000953674,2026-03-25T16:32:39.074000,ns,1,22.105314254760742,25.400339126586914,1.1490603044069092,489133.59375,645822.375,1.4386038176025697,1.009478451211215,122.22624264226484,32.22624264226482,32.22624264226482,212.22624264226482,749.1421225674835,385.81380831632805,1.9417193123198464,0,low_snr;weak_linearity;single_channel_detection
/home/s_grudinin/code/university/vlf_analyzing/raw_vlf_data/raw_data/Broadband_Data_2026.03.25_16.32.00.bin,39.82000005245209,2026-03-25T16:32:39.820000,ns|we,2,60.356483459472656,31.48110580444336,0.5215861494909878,3646548.0,992051.125,7.687955247956154,1.561675571367895,162.0671778851833,72.0671778851833,72.0671778851833,252.0671778851833,3957.08302095435,681.5160271004701,5.806294883173724,0,good
/home/s_grudinin/code/university/vlf_analyzing/raw_vlf_data/raw_data/Broadband_Data_2026.03.25_16.32.00.bin,40.01699999999255,2026-03-25T16:32:40.017000,ns|we,2,54.28326416015625,32.22251510620117,0.5935994381460171,2949619.5,1039328.8125,9.093744231445852,1.1621843914166408,156.3761160190599,66.3761160190599,66.3761160190599,246.3761160190599,3401.521990481435,587.4263937063636,5.790550147090846,0,good
/home/s_grudinin/code/university/vlf_analyzing/raw_vlf_data/raw_data/Broadband_Data_2026.03.25_16.32.00.bin,40.09000000357628,2026-03-25T16:32:40.090000,ns,1,24.503921508789062,25.58978843688965,1.0443140061361225,601042.5625,655492.125,1.8377091653690751,1.032551660526192,128.20783092805644,38.20783092805644,38.20783092805644,218.20783092805644,744.1783575774258,512.356249612473,1.4524627310397655,0,low_snr;weak_linearity;single_channel_detection
/home/s_grudinin/code/university/vlf_analyzing/raw_vlf_data/raw_data/Broadband_Data_2026.03.25_16.32.00.bin,41.0,2026-03-25T16:32:41,we,1,18.027650833129883,53.66367721557617,2.9767426556184495,325321.1875,2882670.0,0.9980078219556208,4.568368896409694,93.4271599643988,3.427159964398811,3.427159964398811,183.4271599643988,2891.874554719269,316.11649660998216,9.148129204681124,0,single_channel_detection
/home/s_grudinin/code/university/vlf_analyzing/raw_vlf_data/raw_data/Broadband_Data_2026.03.25_16.32.00.bin,41.26800000667572,2026-03-25T16:32:41.268000,ns,1,27.146554946899414,27.566179275512695,1.0154577378025713,737672.4375,760654.1875,2.2479872947427832,1.2727591123394897,133.60686551537015,43.606865515370146,43.606865515370146,223.60686551537015,985.5508454952477,512.7757983660194,1.921991733298925,0,low_snr;weak_linearity;single_channel_detection
/home/s_grudinin/code/university/vlf_analyzing/raw_vlf_data/raw_data/Broadband_Data_2026.03.25_16.32.00.bin,42.14199999719858,2026-03-25T16:32:42.142000,ns|we,2,19.273204803466797,24.52993392944336,1.272748055114826,371827.90625,602319.375,1.0339548475501033,0.9662573416034701,114.9939225910425,24.99392259104252,24.99392259104252,204.99392259104252,666.3187996545041,307.828445379644,2.164578386616392,0,low_snr;weak_linearity
/home/s_grudinin/code/university/vlf_analyzing/raw_vlf_data/raw_data/Broadband_Data_2026.03.25_16.32.00.bin,42.20000000298023,2026-03-25T16:32:42.200000,ns,1,18.796133041381836,23.532743453979492,1.2519991959073824,353647.9375,554343.8125,1.0227844399593038,0.886823925109267,115.65163210085383,25.651632100853817,25.651632100853817,205.65163210085382,614.501642859564,293.4900871752908,2.0937730768826364,0,low_snr;weak_linearity;single_channel_detection
/home/s_grudinin/code/university/vlf_analyzing/raw_vlf_data/raw_data/Broadband_Data_2026.03.25_16.32.00.bin,42.985000014305115,2026-03-25T16:32:42.985000,ns|we,2,17.489065170288086,26.510313034057617,1.515822188088937,306173.25,703499.5,0.9162470068757839,0.8507027079981162,102.75853524867605,12.758535248676054,12.758535248676054,192.75853524867605,724.9722247745741,284.700521312922,2.546437995375973,0,low_snr;weak_linearity
/home/s_grudinin/code/university/vlf_analyzing/raw_vlf_data/raw_data/Broadband_Data_2026.03.25_16.32.00.bin,43.230000019073486,2026-03-25T16:32:43.230000,ns,1,20.257349014282227,25.182931900024414,1.2431504182639208,410770.5625,634814.25,1.2631096864770768,1.0099037654719893,114.12307046968532,24.12307046968533,24.12307046968533,204.12307046968533,691.0106149737234,354.57422691795676,1.9488461442337461,0,low_snr;weak_linearity;single_channel_detection
/home/s_grudinin/code/university/vlf_analyzing/raw_vlf_data/raw_data/Broadband_Data_2026.03.25_16.32.00.bin,45.0,2026-03-25T16:32:45,we,1,17.697341918945312,51.278587341308594,2.8975304639625614,313509.125,2632123.0,0.9757932476822179,4.239711017677388,94.91015324685745,4.910153246857448,4.910153246857448,184.91015324685745,2649.3626758576725,296.2698031006705,8.94239861143536,0,single_channel_detection
/home/s_grudinin/code/university/vlf_analyzing/raw_vlf_data/raw_data/Broadband_Data_2026.03.25_16.32.00.bin,45.223999977111816,2026-03-25T16:32:45.224000,ns,1,22.671306610107422,26.266433715820312,1.158576087719132,514502.15625,690615.4375,1.5191382752155043,1.0973797417331526,121.97998944048769,31.979989440487685,31.979989440487685,211.97998944048769,803.1439266051882,401.97364255171095,1.9980014647399862,0,low_snr;weak_linearity;single_channel_detection
/home/s_grudinin/code/university/vlf_analyzing/raw_vlf_data/raw_data/Broadband_Data_2026.03.25_16.32.00.bin,47.0,2026-03-25T16:32:47,we,1,18.29421043395996,54.58832931518555,2.9839128347320747,335012.8125,2982865.5,1.038576081030412,5.028332027563594,92.63827481798643,2.638274817986428,2.638274817986428,182.63827481798643,2988.499657216995,329.3787033539535,9.073141726487142,0,single_channel_detection
/home/s_grudinin/code/university/vlf_analyzing/raw_vlf_data/raw_data/Broadband_Data_2026.03.25_16.32.00.bin,47.324000000953674,2026-03-25T16:32:47.324000,ns,1,26.421850204467773,26.032682418823242,0.985270986602607,698812.3125,678378.25,2.0680880085769,1.0734396379048652,136.1036760401669,46.1036760401669,46.1036760401669,226.1036760401669,953.8628286194921,423.3276651288001,2.253249449995835,0,low_snr;weak_linearity;single_channel_detection
/home/s_grudinin/code/university/vlf_analyzing/raw_vlf_data/raw_data/Broadband_Data_2026.03.25_16.32.00.bin,47.53400003910065,2026-03-25T16:32:47.534000,ns,1,21.35650062561035,24.024328231811523,1.1249187614098555,456556.1875,577745.5,1.3806210550353244,0.956480233625593,124.60217875239545,34.602178752395446,34.602178752395446,214.60217875239545,687.822785459167,346.4789476549565,1.985179157678977,0,low_snr;weak_linearity;single_channel_detection
/home/s_grudinin/code/university/vlf_analyzing/raw_vlf_data/raw_data/Broadband_Data_2026.03.25_16.32.00.bin,47.657999992370605,2026-03-25T16:32:47.658000,ns,1,26.745376586914062,25.462343215942383,0.9520278442592432,716030.4375,648979.25,2.09040818860065,1.0571062572386942,138.43284273274023,48.43284273274023,48.43284273274023,228.43284273274023,962.9546362472056,402.0550962687448,2.3950812840923112,0,low_snr;weak_linearity;single_channel_detection
/home/s_grudinin/code/university/vlf_analyzing/raw_vlf_data/raw_data/Broadband_Data_2026.03.25_16.32.00.bin,47.853999972343445,2026-03-25T16:32:47.854000,we,1,18.397323608398438,31.896203994750977,1.7337415307620356,338799.96875,1018385.25,1.0643506248414698,1.6448508498162406,91.38334024723734,1.3833402472373564,1.3833402472373564,181.38334024723736,1018.781808035724,338.4034360050743,3.0105539709131217,0,low_snr;single_channel_detection
/home/s_grudinin/code/university/vlf_analyzing/raw_vlf_data/raw_data/Broadband_Data_2026.03.25_16.32.00.bin,48.67400002479553,2026-03-25T16:32:48.674000,ns,1,20.295488357543945,24.571435928344727,1.2106846356919605,412318.78125,604359.25,1.1927888811779386,0.9785242479767329,108.2648219895929,18.264821989592917,18.264821989592917,198.26482198959292,627.8342085816266,388.8438509503284,1.6146178139302134,0,low_snr;weak_linearity;single_channel_detection
/home/s_grudinin/code/university/vlf_analyzing/raw_vlf_data/raw_data/Broadband_Data_2026.03.25_16.32.00.bin,49.0,2026-03-25T16:32:49,we,1,18.752830505371094,54.86980438232422,2.925947865129254,352020.3125,3013706.25,1.0320580307272358,4.7877142677997275,90.91741820023466,0.917418200234664,0.917418200234664,180.91741820023466,3014.389310916342,351.3375853732013,8.57975188653488,0,single_channel_detection
/home/s_grudinin/code/university/vlf_analyzing/raw_vlf_data/raw_data/Broadband_Data_2026.03.25_16.32.00.bin,49.48399996757507,2026-03-25T16:32:49.484000,ns,1,22.882488250732422,26.606725692749023,1.1627549155147598,524131.875,708625.75,1.5984939257570638,1.12384352947218,121.18688251347675,31.186882513476746,31.186882513476746,211.18688251347675,815.3147211454684,417.44287201788524,1.953116883285851,0,low_snr;weak_linearity;single_channel_detection
/home/s_grudinin/code/university/vlf_analyzing/raw_vlf_data/raw_data/Broadband_Data_2026.03.25_16.32.00.bin,49.52799999713898,2026-03-25T16:32:49.528000,ns,1,20.137243270874023,24.990819931030273,1.2410248808572073,405914.09375,625165.625,1.123245734902032,0.9767999906066637,118.48161548790657,28.481615487906566,28.481615487906566,208.48161548790657,716.6227231575543,314.4570334644726,2.2789209554713814,0,low_snr;weak_linearity;single_channel_detection
/home/s_grudinin/code/university/vlf_analyzing/raw_vlf_data/raw_data/Broadband_Data_2026.03.25_16.32.00.bin,49.776000022888184,2026-03-25T16:32:49.776000,ns,1,18.16362953186035,25.00347137451172,1.3765680108511575,330247.375,625798.75,0.9920181461826981,1.0079807151251352,108.44013907839468,18.44013907839468,18.44013907839468,198.44013907839468,662.7677365704616,293.2783604262439,2.2598589804144025,0,low_snr;weak_linearity;single_channel_detection
/home/s_grudinin/code/university/vlf_analyzing/raw_vlf_data/raw_data/Broadband_Data_2026.03.25_16.32.00.bin,49.87999999523163,2026-03-25T16:32:49.880000,ns,1,18.69098472595215,24.18856430053711,1.294130012687366,349702.28125,585671.6875,1.068635453471924,0.9504258696675308,113.93223076483154,23.93223076483156,23.93223076483156,203.93223076483156,643.5508118462262,291.8231698330253,2.2052766139660855,0,low_snr;weak_linearity;single_channel_detection
/home/s_grudinin/code/university/vlf_analyzing/raw_vlf_data/raw_data/Broadband_Data_2026.03.25_16.32.00.bin,50.03500000014901,2026-03-25T16:32:50.035000,ns,2,18.89361572265625,25.272951126098633,1.3376450276688583,357325.6875,639360.75,0.9516847825069926,0.7407816246222578,116.47927023408488,26.47927023408488,26.47927023408488,206.47927023408488,732.4388156612736,264.2475780748332,2.7717900803384046,0,low_snr;weak_linearity;single_channel_detection
/home/s_grudinin/code/university/vlf_analyzing/raw_vlf_data/raw_data/Broadband_Data_2026.03.25_16.32.00.bin,50.574000000953674,2026-03-25T16:32:50.574000,ns|we,2,19.20519256591797,28.349428176879883,1.4761335029354528,369208.25,804493.75,1.0507838018628708,1.271729410520529,109.33535287722785,19.335352877227848,19.335352877227848,199.33535287722785,865.6120588062018,308.0898503583438,2.809609137721976,0,low_snr;weak_linearity
/home/s_grudinin/code/university/vlf_analyzing/raw_vlf_data/raw_data/Broadband_Data_2026.03.25_16.32.00.bin,50.8740000128746,2026-03-25T16:32:50.874000,ns,1,21.341005325317383,25.804950714111328,1.2091722166198537,455893.90625,666561.3125,1.4214210450169715,1.0748913387452774,120.51390475018637,30.513904750186384,30.513904750186384,210.51390475018638,778.6862431919551,343.7689564409092,2.265144157441691,0,low_snr;weak_linearity;single_channel_detection
/home/s_grudinin/code/university/vlf_analyzing/raw_vlf_data/raw_data/Broadband_Data_2026.03.25_16.32.00.bin,50.93800002336502,2026-03-25T16:32:50.938000,ns,1,25.130477905273438,25.943620681762695,1.032356836967179,632172.4375,673744.5,1.92523376832275,1.0926260929875387,132.41519165177894,42.41519165177894,42.41519165177894,222.41519165177894,883.6464408883187,422.27052256224374,2.0926074487192388,0,low_snr;weak_linearity;single_channel_detection
/home/s_grudinin/code/university/vlf_analyzing/raw_vlf_data/raw_data/Broadband_Data_2026.03.25_16.32.00.bin,51.0,2026-03-25T16:32:51,we,1,16.815649032592773,56.66950607299805,3.3700457212894697,283048.8125,3214644.5,0.8624629954587382,5.307977180673171,91.35352768450136,1.3535276845013584,1.3535276845013584,181.35352768450136,3216.2819390409195,281.41122614250264,11.429117392112241,0,single_channel_detection
/home/s_grudinin/code/university/vlf_analyzing/raw_vlf_data/raw_data/Broadband_Data_2026.03.25_16.32.00.bin,51.12600004673004,2026-03-25T16:32:51.126000,ns,1,19.875144958496094,26.258346557617188,1.3211650336362013,395416.4375,690190.25,1.1502400572558003,1.0954074123203668,113.19900018961025,23.199000189610246,23.199000189610246,203.19900018961025,756.5175752411644,329.0891240066347,2.29882278098595,0,low_snr;weak_linearity;single_channel_detection
/home/s_grudinin/code/university/vlf_analyzing/raw_vlf_data/raw_data/Broadband_Data_2026.03.25_16.32.00.bin,51.20200002193451,2026-03-25T16:32:51.202000,ns,1,18.514822006225586,24.28021240234375,1.3113932391128713,343141.4375,590118.25,1.0765007825427992,0.9181531572295272,115.84073201569214,25.84073201569214,25.84073201569214,205.84073201569214,665.7941660844021,267.46555177359727,2.4892707179277327,0,low_snr;weak_linearity;single_channel_detection
/home/s_grudinin/code/university/vlf_analyzing/raw_vlf_data/raw_data/Broadband_Data_2026.03.25_16.32.00.bin,53.0,2026-03-25T16:32:53,we,1,17.616390228271484,53.00288391113281,3.0087255802308848,310647.53125,2812115.0,0.9190036315952829,4.752041814308689,92.35370746598927,2.3537074659892596,2.3537074659892596,182.35370746598926,2816.3483769822096,306.41423237953666,9.191310583425384,0,single_channel_detection
/home/s_grudinin/code/university/vlf_analyzing/raw_vlf_data/raw_data/Broadband_Data_2026.03.25_16.32.00.bin,53.151999950408936,2026-03-25T16:32:53.152000,ns,1,35.09382247924805,29.67180061340332,0.845499250785469,1232808.0,881296.125,3.8996326413748865,1.4519298092334971,145.06679130256404,55.06679130256404,55.06679130256404,235.06679130256404,1567.6587160319853,546.4454430234821,2.868829333369729,0,weak_linearity;single_channel_detection
/home/s_grudinin/code/university/vlf_analyzing/raw_vlf_data/raw_data/Broadband_Data_2026.03.25_16.32.00.bin,54.88800001144409,2026-03-25T16:32:54.888000,ns,1,21.201231002807617,25.122392654418945,1.1849497159429505,449941.6875,631765.75,1.3685138386215885,1.0299002958277532,122.98853592843736,32.98853592843736,32.98853592843736,212.98853592843736,764.1687679694812,317.5387428344345,2.406537108348754,0,low_snr;weak_linearity;single_channel_detection
/home/s_grudinin/code/university/vlf_analyzing/raw_vlf_data/raw_data/Broadband_Data_2026.03.25_16.32.00.bin,55.0,2026-03-25T16:32:55,we,1,18.557048797607422,52.327545166015625,2.8198204217019383,344708.40625,2740910.25,1.0646349315014176,4.620699734729698,94.91624245821636,4.916242458216345,4.916242458216345,184.91624245821635,2758.771188202206,326.8474288809279,8.440547314836707,0,single_channel_detection
/home/s_grudinin/code/university/vlf_analyzing/raw_vlf_data/raw_data/Broadband_Data_2026.03.25_16.32.00.bin,55.45899999141693,2026-03-25T16:32:55.459000,ns,2,18.007883071899414,25.152000427246094,1.396721664996448,324608.125,633255.75,0.8959026582665647,1.034062651550544,110.33521608720977,20.335216087209773,20.335216087209773,200.33521608720977,682.3989661840204,275.4648974690846,2.477262883415494,0,low_snr;weak_linearity;single_channel_detection
/home/s_grudinin/code/university/vlf_analyzing/raw_vlf_data/raw_data/Broadband_Data_2026.03.25_16.32.00.bin,55.53400003910065,2026-03-25T16:32:55.534000,ns,1,35.921573638916016,27.626575469970703,0.7690803233642413,1291649.75,763990.875,3.9375875207076536,1.2660077610380238,154.11203887053026,64.11203887053026,64.11203887053026,244.11203887053026,1454.2190592916024,601.4214742133609,2.4179699622360005,0,weak_linearity;single_channel_detection
/home/s_grudinin/code/university/vlf_analyzing/raw_vlf_data/raw_data/Broadband_Data_2026.03.25_16.32.00.bin,55.81266665458679,2026-03-25T16:32:55.812667,ns|we,3,16.682863235473633,24.844898223876953,1.489246652280076,278596.25,617886.25,0.48114857478035983,0.9799133619788365,108.54308602685975,18.543086026859754,18.543086026859754,198.54308602685975,660.9011071633425,235.58144738577892,2.8054038825946854,0,low_snr;weak_linearity
/home/s_grudinin/code/university/vlf_analyzing/raw_vlf_data/raw_data/Broadband_Data_2026.03.25_16.32.00.bin,56.75199997425079,2026-03-25T16:32:56.752000,ns,1,25.76570701599121,26.985769271850586,1.0473521745435168,664535.5625,728960.0,2.0846340166688258,1.2125294294774325,131.2324031798665,41.23240317986651,41.23240317986651,221.2324031798665,942.3887272176967,451.1068155662892,2.0890589428020125,0,low_snr;weak_linearity;single_channel_detection
/home/s_grudinin/code/university/vlf_analyzing/raw_vlf_data/raw_data/Broadband_Data_2026.03.25_16.32.00.bin,57.0,2026-03-25T16:32:57,we,1,17.118324279785156,52.301971435546875,3.055320753404973,293330.0625,2738231.5,0.899717938548024,4.408192651918512,93.7161034212808,3.7161034212808204,3.7161034212808204,183.71610342128082,2748.5887940589982,282.9727817712097,9.713262091338835,0,single_channel_detection
/home/s_grudinin/code/university/vlf_analyzing/raw_vlf_data/raw_data/Broadband_Data_2026.03.25_16.32.00.bin,57.49099999666214,2026-03-25T16:32:57.491000,ns|we,2,21.525390625,28.64544677734375,1.3307747708918718,463805.8125,821382.125,1.4489840948510209,1.3045338488300435,87.72674813441624,177.72674813441625,177.72674813441625,357.72674813441625,821.9464918559313,463.24141773176365,1.774337225459126,0,low_snr;weak_linearity
/home/s_grudinin/code/university/vlf_analyzing/raw_vlf_data/raw_data/Broadband_Data_2026.03.25_16.32.00.bin,57.69799995422363,2026-03-25T16:32:57.698000,ns,1,25.30964469909668,24.66800880432129,0.9746485617477173,641218.6875,609119.125,1.913060216226615,0.9362294375977431,136.76010289238064,46.760102892380644,46.760102892380644,226.76010289238064,886.5637760137333,363.7740145818604,2.4371278334236997,0,low_snr;weak_linearity;single_channel_detection
/home/s_grudinin/code/university/vlf_analyzing/raw_vlf_data/raw_data/Broadband_Data_2026.03.25_16.32.00.bin,57.962000012397766,2026-03-25T16:32:57.962000,ns,1,25.02168846130371,24.63886260986328,0.9847002390732561,626711.0,607680.625,1.7288365406330954,0.6925913293963692,137.5661659895866,47.56616598958661,47.56616598958661,227.5661659895866,723.5623897792495,510.8292890511397,1.416446561087478,0,low_snr;weak_linearity;single_channel_detection
/home/s_grudinin/code/university/vlf_analyzing/raw_vlf_data/raw_data/Broadband_Data_2026.03.25_16.32.00.bin,58.053999999538064,2026-03-25T16:32:58.054000,ns,2,16.984968185424805,24.7508602142334,1.4572214645342245,288777.625,613217.625,0.7658379604879229,0.9664100304849529,107.70970745346857,17.70970745346858,17.70970745346858,197.70970745346858,650.0573341282923,251.93793594488602,2.580228069624641,0,low_snr;weak_linearity;single_channel_detection
/home/s_grudinin/code/university/vlf_analyzing/raw_vlf_data/raw_data/Broadband_Data_2026.03.25_16.32.00.bin,58.1879999935627,2026-03-25T16:32:58.188000,ns|we,2,47.205867767333984,33.43605041503906,0.7083028444649372,2230622.5,1119087.5,6.373013757572407,1.78215840405235,156.19198292778898,66.19198292778898,66.19198292778898,246.19198292778898,2499.3190993998373,850.391176597413,2.939022849931387,0,weak_linearity
/home/s_grudinin/code/university/vlf_analyzing/raw_vlf_data/raw_data/Broadband_Data_2026.03.25_16.32.00.bin,58.31400001049042,2026-03-25T16:32:58.314000,ns,1,24.58090591430664,24.42594337463379,0.993695816573479,604825.1875,597223.3125,1.9377107660809005,0.9369948264205761,135.64092124329278,45.64092124329278,45.64092124329278,225.64092124329278,770.9331051779398,431.1153590161714,1.7882292733370693,0,low_snr;weak_linearity;single_channel_detection
/home/s_grudinin/code/university/vlf_analyzing/raw_vlf_data/raw_data/Broadband_Data_2026.03.25_16.32.00.bin,58.39399999380112,2026-03-25T16:32:58.394000,ns,1,22.559036254882812,26.030771255493164,1.1538955370869515,509419.0,678278.625,1.5329781258761783,1.0996294557426913,123.06057358384653,33.06057358384652,33.06057358384652,213.06057358384652,802.4183588486095,385.27929768992584,2.0826926431287167,0,low_snr;weak_linearity;single_channel_detection
/home/s_grudinin/code/university/vlf_analyzing/raw_vlf_data/raw_data/Broadband_Data_2026.03.25_16.32.00.bin,58.46000000834465,2026-03-25T16:32:58.460000,ns,1,26.832242965698242,24.924030303955078,0.92888359485327,720689.25,621828.5,2.106141451528159,0.9985278918145176,140.16398521197272,50.163985211972715,50.163985211972715,230.16398521197272,946.9708356192455,395.54687467035353,2.394079934036751,0,low_snr;weak_linearity;single_channel_detection
/home/s_grudinin/code/university/vlf_analyzing/raw_vlf_data/raw_data/Broadband_Data_2026.03.25_16.32.00.bin,58.574000000953674,2026-03-25T16:32:58.574000,ns|we,3,18.821975708007812,23.513023376464844,1.249232479163172,354621.0625,553415.125,0.8207514993759828,0.8666895599926963,114.97066400900833,24.970664009008317,24.970664009008317,204.97066400900832,608.4639962632028,299.5721519267899,2.0311100092237497,0,low_snr;weak_linearity
/home/s_grudinin/code/university/vlf_analyzing/raw_vlf_data/raw_data/Broadband_Data_2026.03.25_16.32.00.bin,58.675999999046326,2026-03-25T16:32:58.676000,ns,1,17.21373176574707,24.783340454101562,1.43974245627642,296608.875,614828.125,0.8098715283352877,1.0200298550337097,112.04272436910938,22.04272436910938,22.04272436910938,202.04272436910938,677.2261735501655,234.21083767189094,2.891523638623836,0,low_snr;weak_linearity;single_channel_detection
/home/s_grudinin/code/university/vlf_analyzing/raw_vlf_data/raw_data/Broadband_Data_2026.03.25_16.32.00.bin,59.0,2026-03-25T16:32:59,we,1,19.62346839904785,53.480445861816406,2.725330954461068,385465.5625,2863018.0,1.1954157176828275,4.514041832079062,90.02685033476213,0.02685033476211629,0.02685033476211629,180.02685033476212,2863.018639345556,385.4650452787015,7.4274403721237805,0,single_channel_detection
/home/s_grudinin/code/university/vlf_analyzing/raw_vlf_data/raw_data/Broadband_Data_2026.03.25_16.32.00.bin,59.574000000953674,2026-03-25T16:32:59.574000,ns,1,19.374032974243164,25.497285842895508,1.3160546323417328,375728.46875,650761.6875,1.146069724282343,1.0479710605924486,112.05910304246851,22.059103042468507,22.059103042468507,202.0591030424685,704.7976883405272,321.6924602462653,2.1909052136347276,0,low_snr;weak_linearity;single_channel_detection
/home/s_grudinin/code/university/vlf_analyzing/raw_vlf_data/raw_data/Broadband_Data_2026.03.25_16.32.00.bin,59.63499999046326,2026-03-25T16:32:59.635000,ns|we,2,48.53944778442383,32.55764389038086,0.6707460710096468,2358434.25,1061060.25,6.548885084170884,1.7263694890537766,152.89708860519963,62.89708860519963,62.89708860519963,242.89708860519963,2818.850209512024,600.6442806050917,4.693044286831961,0,good
/home/s_grudinin/code/university/vlf_analyzing/raw_vlf_data/raw_data/Broadband_Data_2026.03.25_16.32.00.bin,59.87600004673004,2026-03-25T16:32:59.876000,ns,1,26.418296813964844,25.09867286682129,0.9500488636176219,698624.375,630573.375,2.062739063078372,1.0228816024396137,140.8183611151141,50.8183611151141,50.8183611151141,230.8183611151141,833.2876733250005,495.9100923872818,1.6803200542130556,0,low_snr;weak_linearity;single_channel_detection
/home/s_grudinin/code/university/vlf_analyzing/raw_vlf_data/raw_data/Broadband_Data_2026.03.25_16.33.00.bin,0.9120000004768372,2026-03-25T16:33:00.912000,ns,1,20.98019027709961,24.562807083129883,1.1707618834105435,440608.5625,603934.8125,1.3504655514405157,0.9740609632154121,118.89375423586763,28.89375423586762,28.89375423586762,208.89375423586762,675.468388896963,369.0750152746152,1.8301655786544364,0,low_snr;weak_linearity;single_channel_detection
/home/s_grudinin/code/university/vlf_analyzing/raw_vlf_data/raw_data/Broadband_Data_2026.03.25_16.33.00.bin,1.0,2026-03-25T16:33:01,ns,1,19.92643165588379,54.934295654296875,2.7568556479641133,397459.71875,3020794.75,1.2212406599737635,5.088718496201561,90.53716805521705,0.5371680552170517,0.5371680552170517,180.53716805521705,3021.0254815995186,397.2290907197857,7.605247330011411,0,single_channel_detection
/home/s_grudinin/code/university/vlf_analyzing/raw_vlf_data/raw_data/Broadband_Data_2026.03.25_16.33.00.bin,1.2059999704360962,2026-03-25T16:33:01.206000,ns,1,21.944360733032227,25.171478271484375,1.1470590817254163,482036.53125,634236.9375,1.4989342853299708,1.0602345639533648,123.45364361050967,33.45364361050969,33.45364361050969,213.4536436105097,752.160921225813,364.11256796887244,2.0657373224483484,0,low_snr;weak_linearity;single_channel_detection
/home/s_grudinin/code/university/vlf_analyzing/raw_vlf_data/raw_data/Broadband_Data_2026.03.25_16.33.00.bin,1.4040000438690186,2026-03-25T16:33:01.404000,ns,1,20.890275955200195,25.26190948486328,1.2092664328148166,436840.03125,638802.25,1.375179012761206,1.0441427451528646,119.51920391785147,29.519203917851485,29.519203917851485,209.51920391785148,734.1054452113631,341.5367941391115,2.1494183285925907,0,low_snr;weak_linearity;single_channel_detection
/home/s_grudinin/code/university/vlf_analyzing/raw_vlf_data/raw_data/Broadband_Data_2026.03.25_16.33.00.bin,1.7239999771118164,2026-03-25T16:33:01.724000,ns,2,18.685178756713867,23.534854888916016,1.2595466811072562,349485.0625,554443.3125,0.8560384135408727,0.8722440581420158,118.95318538321283,28.953185383212826,28.953185383212826,208.95318538321283,644.8462879157943,259.0820787163732,2.4889652387795183,0,low_snr;weak_linearity;single_channel_detection
/home/s_grudinin/code/university/vlf_analyzing/raw_vlf_data/raw_data/Broadband_Data_2026.03.25_16.33.00.bin,2.0299999993294477,2026-03-25T16:33:02.030000,ns,1,18.824176788330078,24.93034553527832,1.3243790586758832,354704.0,622143.625,1.1086767466725804,0.7078567230455503,111.07258652694746,21.072586526947475,21.072586526947475,201.07258652694748,668.7735515898357,308.07404101820765,2.1708208500121824,0,low_snr;weak_linearity;single_channel_detection
/home/s_grudinin/code/university/vlf_analyzing/raw_vlf_data/raw_data/Broadband_Data_2026.03.25_16.33.00.bin,2.277999997138977,2026-03-25T16:33:02.278000,ns,1,26.857906341552734,27.700172424316406,1.0313600796745481,722068.4375,768066.875,1.9528192575551468,1.1940374094684405,132.90032371315226,42.90032371315226,42.90032371315226,222.90032371315226,1059.1491714218125,430.9861755912793,2.4575014963501793,0,low_snr;weak_linearity;single_channel_detection
/home/s_grudinin/code/university/vlf_analyzing/raw_vlf_data/raw_data/Broadband_Data_2026.03.25_16.33.00.bin,3.0019999742507935,2026-03-25T16:33:03.002000,ns,1,22.709054946899414,53.62544250488281,2.3614123366328026,516216.84375,2878564.0,1.6573598771208315,4.767705473595366,93.03768565357986,3.0376856535798424,3.0376856535798424,183.03768565357984,2885.2353153135755,509.5453219193227,5.662372297807877,0,single_channel_detection
/home/s_grudinin/code/university/vlf_analyzing/raw_vlf_data/raw_data/Broadband_Data_2026.03.25_16.33.00.bin,3.7139999866485596,2026-03-25T16:33:03.714000,ns,1,27.937786102294922,26.681621551513672,0.9550370760881794,781300.4375,712620.875,2.292441571192614,1.1990113019759034,138.40982093312783,48.40982093312783,48.40982093312783,228.40982093312783,1036.1512933643073,457.7699613586809,2.2634759395067414,0,low_snr;weak_linearity;single_channel_detection
/home/s_grudinin/code/university/vlf_analyzing/raw_vlf_data/raw_data/Broadband_Data_2026.03.25_16.33.00.bin,4.540000021457672,2026-03-25T16:33:04.540000,ns,1,20.601455688476562,25.626089096069336,1.243897008229475,424844.4375,657353.1875,1.2514173313723185,1.0522913538198928,114.99950379437935,24.999503794379336,24.999503794379336,204.99950379437934,721.9547677401606,360.2428243697477,2.004078135361151,0,low_snr;weak_linearity;single_channel_detection
/home/s_grudinin/code/university/vlf_analyzing/raw_vlf_data/raw_data/Broadband_Data_2026.03.25_16.33.00.bin,4.7360000014305115,2026-03-25T16:33:04.736000,ns,1,17.6964111328125,26.171384811401367,1.4789091762720852,313476.15625,685626.3125,0.9204330582275142,1.1654064884707382,107.53624764686663,17.536247646866627,17.536247646866627,197.53624764686663,726.9085757013272,272.1938929846657,2.670554316008389,0,low_snr;weak_linearity;single_channel_detection
/home/s_grudinin/code/university/vlf_analyzing/raw_vlf_data/raw_data/Broadband_Data_2026.03.25_16.33.00.bin,5.146000027656555,2026-03-25T16:33:05.146000,ns,1,19.026222229003906,24.53822135925293,1.289705389956244,362359.15625,602726.375,1.0963349346224454,0.973485910402662,111.20310577484902,21.203105774849007,21.203105774849007,201.203105774849,645.3089237090014,319.7766323360497,2.0179989982221445,0,low_snr;weak_linearity;single_channel_detection
/home/s_grudinin/code/university/vlf_analyzing/raw_vlf_data/raw_data/Broadband_Data_2026.03.25_16.33.00.bin,6.165999993681908,2026-03-25T16:33:06.166000,ns,1,22.31689453125,24.203012466430664,1.084515250656335,498541.84375,586371.625,1.5337723345230745,0.9164411335377957,128.53655378009944,38.53655378009944,38.53655378009944,218.53655378009944,738.7617015263688,346.1517884413516,2.1342131579121824,0,low_snr;weak_linearity;single_channel_detection
/home/s_grudinin/code/university/vlf_analyzing/raw_vlf_data/raw_data/Broadband_Data_2026.03.25_16.33.00.bin,6.393999993801117,2026-03-25T16:33:06.394000,ns,1,21.551233291625977,25.729639053344727,1.1938824430684036,464920.15625,662676.375,1.413735898551777,1.05773922205219,117.28905878009627,27.28905878009627,27.28905878009627,207.28905878009627,734.3976238706812,393.1989085683728,1.8677509216508312,0,low_snr;weak_linearity;single_channel_detection
/home/s_grudinin/code/university/vlf_analyzing/raw_vlf_data/raw_data/Broadband_Data_2026.03.25_16.33.00.bin,6.9700000286102295,2026-03-25T16:33:06.970000,ns,1,21.59998321533203,29.445585250854492,1.3632225987079545,467025.78125,867909.5,1.4602933823020172,0.977988076711377,90.56229138991883,0.562291389918812,0.562291389918812,180.5622913899188,867.9481049588886,466.98718060803463,1.858612272458499,0,low_snr;weak_linearity;single_channel_detection
/home/s_grudinin/code/university/vlf_analyzing/raw_vlf_data/raw_data/Broadband_Data_2026.03.25_16.33.00.bin,7.620000004768372,2026-03-25T16:33:07.620000,ns,1,21.16276741027832,24.09337615966797,1.1384794669134424,448310.625,581071.25,1.2849485497584614,0.9451758398199226,124.7860918175204,34.7860918175204,34.7860918175204,214.7860918175204,704.8777531822986,324.50415172277854,2.172168674699941,0,low_snr;weak_linearity;single_channel_detection
/home/s_grudinin/code/university/vlf_analyzing/raw_vlf_data/raw_data/Broadband_Data_2026.03.25_16.33.00.bin,7.911999940872192,2026-03-25T16:33:07.912000,ns,1,18.34620475769043,25.343252182006836,1.3813893672685615,336919.8125,642922.75,1.0196355361667218,1.0306790678413558,110.82773158304941,20.8277315830494,20.8277315830494,200.8277315830494,694.7000570255823,285.1425470063578,2.436325495156954,0,low_snr;weak_linearity;single_channel_detection
/home/s_grudinin/code/university/vlf_analyzing/raw_vlf_data/raw_data/Broadband_Data_2026.03.25_16.33.00.bin,8.225999996066093,2026-03-25T16:33:08.226000,ns,1,35.329132080078125,49.13481140136719,1.3907732375082207,1249395.875,2416644.0,3.659588091587169,3.9035863590397297,119.46137893957115,29.461378939571148,29.461378939571148,209.46137893957115,2963.651071370876,702.3887430704401,4.219388622909148,0,single_channel_detection
/home/s_grudinin/code/university/vlf_analyzing/raw_vlf_data/raw_data/Broadband_Data_2026.03.25_16.33.00.bin,8.657999992370605,2026-03-25T16:33:08.658000,ns,1,21.779176712036133,44.31132888793945,2.034573183083134,474806.875,1965457.25,1.4441513739198386,3.098952209299968,79.46618127205488,169.46618127205488,169.46618127205488,349.4661812720549,2018.8458866122137,421.4182311211897,4.790599308532614,0,single_channel_detection
/home/s_grudinin/code/university/vlf_analyzing/raw_vlf_data/raw_data/Broadband_Data_2026.03.25_16.33.00.bin,11.046000003814697,2026-03-25T16:33:11.046000,ns,1,20.49642562866211,26.48158836364746,1.2920100725569652,420523.5625,701975.75,1.2345929796910204,0.798074856637742,112.94505919371073,22.945059193710733,22.945059193710733,202.94505919371073,763.4316385218499,359.067640643608,2.1261499286135632,0,low_snr;weak_linearity;single_channel_detection
/home/s_grudinin/code/university/vlf_analyzing/raw_vlf_data/raw_data/Broadband_Data_2026.03.25_16.33.00.bin,12.990000009536743,2026-03-25T16:33:12.990000,ns,1,24.568761825561523,25.90504264831543,1.0543894247598011,604227.625,671742.3125,1.9336530808982262,0.7845735554187526,130.62873496705652,40.628734967056516,40.628734967056516,220.62873496705652,860.0805910327998,415.8893345665878,2.0680515693654815,0,low_snr;weak_linearity;single_channel_detection
/home/s_grudinin/code/university/vlf_analyzing/raw_vlf_data/raw_data/Broadband_Data_2026.03.25_16.33.00.bin,13.769999980926514,2026-03-25T16:33:13.770000,ns,1,24.937610626220703,27.735462188720703,1.1121940511637103,622506.3125,770025.125,1.8848802654420598,1.2072889342550617,127.00123452344542,37.00123452344542,37.00123452344542,217.00123452344542,963.9017709889513,428.62965096169506,2.248798627967735,0,low_snr;weak_linearity;single_channel_detection
/home/s_grudinin/code/university/vlf_analyzing/raw_vlf_data/raw_data/Broadband_Data_2026.03.25_16.33.00.bin,14.363999992609024,2026-03-25T16:33:14.364000,ns,1,20.38195037841797,25.502058029174805,1.251207934260166,415839.3125,651005.25,1.2072198658407083,1.0762267092602174,118.0490162107382,28.049016210738216,28.049016210738216,208.04901621073822,744.2299333516264,322.614603445541,2.306869947619262,0,low_snr;weak_linearity;single_channel_detection
/home/s_grudinin/code/university/vlf_analyzing/raw_vlf_data/raw_data/Broadband_Data_2026.03.25_16.33.00.bin,14.691999971866608,2026-03-25T16:33:14.692000,ns,1,22.258302688598633,24.524778366088867,1.1018260785288938,495927.5,602066.25,1.4301284835244172,0.9643103180353353,122.2359001595748,32.23590015957478,32.23590015957478,212.23590015957478,672.1404712356481,425.85329318850324,1.5783380849379145,0,low_snr;weak_linearity;single_channel_detection
/home/s_grudinin/code/university/vlf_analyzing/raw_vlf_data/raw_data/Broadband_Data_2026.03.25_16.33.00.bin,15.139999985694885,2026-03-25T16:33:15.140000,ns,1,33.650936126708984,26.370088577270508,0.7836361068225854,1133517.75,696076.9375,2.7920086229761614,1.1669869109065447,150.4742341241613,60.47423412416131,60.47423412416131,240.4742341241613,1340.1025081729617,489.49208760680153,2.7377408993982235,0,low_snr;weak_linearity;single_channel_detection
/home/s_grudinin/code/university/vlf_analyzing/raw_vlf_data/raw_data/Broadband_Data_2026.03.25_16.33.00.bin,15.187999963760376,2026-03-25T16:33:15.188000,ns,1,32.456600189208984,26.319990158081055,0.8109287480711238,1054484.375,693434.625,2.530815784792968,1.1392719625792962,148.17165061796513,58.17165061796513,58.17165061796513,238.17165061796513,1280.7774441561946,467.14161087518175,2.7417327301600842,0,low_snr;weak_linearity;single_channel_detection
/home/s_grudinin/code/university/vlf_analyzing/raw_vlf_data/raw_data/Broadband_Data_2026.03.25_16.33.00.bin,15.269999980926514,2026-03-25T16:33:15.270000,ns,1,39.325626373291016,27.530160903930664,0.7000565138519386,1548051.25,758667.6875,4.47267061920117,1.1760391566222252,152.97758522122476,62.97758522122476,62.97758522122476,242.97758522122476,1825.5733437144968,481.1455834184267,3.794222386380899,0,single_channel_detection
/home/s_grudinin/code/university/vlf_analyzing/raw_vlf_data/raw_data/Broadband_Data_2026.03.25_16.33.00.bin,15.320000052452087,2026-03-25T16:33:15.320000,ns,1,25.64401626586914,26.019941329956055,1.0146593677132485,658273.125,677714.375,1.402124820966542,1.0236598688635858,133.98198869490142,43.98198869490142,43.98198869490142,223.98198869490142,941.5998856883018,394.387685790364,2.3874981892533147,0,low_snr;weak_linearity;single_channel_detection
/home/s_grudinin/code/university/vlf_analyzing/raw_vlf_data/raw_data/Broadband_Data_2026.03.25_16.33.00.bin,15.363999962806702,2026-03-25T16:33:15.364000,ns,1,22.827966690063477,26.04800796508789,1.1410568588408223,521637.1875,679177.1875,1.455159667680972,1.077401804378971,124.823883125561,34.823883125561,34.823883125561,214.823883125561,826.8940787055161,373.9202879579062,2.211418062447044,0,low_snr;weak_linearity;single_channel_detection
/home/s_grudinin/code/university/vlf_analyzing/raw_vlf_data/raw_data/Broadband_Data_2026.03.25_16.33.00.bin,15.468000054359436,2026-03-25T16:33:15.468000,ns,1,21.947826385498047,24.890586853027344,1.1340798134558137,482188.8125,620160.875,1.429234563537124,0.9886995496651158,124.42937735012202,34.429377350122024,34.429377350122024,214.42937735012202,742.4475812507158,359.9020869353184,2.0629154656281457,0,low_snr;weak_linearity;single_channel_detection
/home/s_grudinin/code/university/vlf_analyzing/raw_vlf_data/raw_data/Broadband_Data_2026.03.25_16.33.00.bin,15.901999950408936,2026-03-25T16:33:15.902000,ns,1,22.954904556274414,26.382667541503906,1.1493259524048602,527454.5625,696741.125,1.5343145239366547,1.1440001251939458,122.26933184669859,32.269331846698606,32.269331846698606,212.2693318466986,808.9874872153667,415.2081462817387,1.948390209729719,0,low_snr;weak_linearity;single_channel_detection
/home/s_grudinin/code/university/vlf_analyzing/raw_vlf_data/raw_data/Broadband_Data_2026.03.25_16.33.00.bin,17.276000022888184,2026-03-25T16:33:17.276000,ns,1,24.281482696533203,30.544530868530273,1.2579351619615067,590180.0,933901.375,1.7873650007183748,1.546715276765908,73.372623070984,163.372623070984,163.372623070984,343.372623070984,967.5565812793168,556.5248408073169,1.738568542377622,0,low_snr;weak_linearity;single_channel_detection
/home/s_grudinin/code/university/vlf_analyzing/raw_vlf_data/raw_data/Broadband_Data_2026.03.25_16.33.00.bin,17.80400002002716,2026-03-25T16:33:17.804000,ns,1,20.826488494873047,26.618331909179688,1.2780998542183992,434176.3125,709244.125,1.2812277284130646,1.1421276392274167,110.85357400671613,20.853574006716144,20.853574006716144,200.85357400671614,755.9349179851372,387.4855540826802,1.9508725164598952,0,low_snr;weak_linearity;single_channel_detection
/home/s_grudinin/code/university/vlf_analyzing/raw_vlf_data/raw_data/Broadband_Data_2026.03.25_16.33.00.bin,18.74599999189377,2026-03-25T16:33:18.746000,ns,1,68.84239196777344,63.8310546875,0.9272056484815305,4744014.5,4078477.75,14.262568189528594,6.830143683129728,39.138777809084246,129.13877780908425,129.13877780908425,309.1387778090842,6049.122182159608,2773.3707681966375,2.1811444223496306,0,weak_linearity;single_channel_detection
/home/s_grudinin/code/university/vlf_analyzing/raw_vlf_data/raw_data/Broadband_Data_2026.03.25_16.33.00.bin,19.062000036239624,2026-03-25T16:33:19.062000,ns,1,24.088760375976562,25.54186248779297,1.06032282646078,580848.625,653039.125,1.6353935965676203,1.0264088906045774,130.66504083539593,40.66504083539593,40.66504083539593,220.66504083539593,856.3946200775157,377.4931578099042,2.2686361391185046,0,low_snr;weak_linearity;single_channel_detection
/home/s_grudinin/code/university/vlf_analyzing/raw_vlf_data/raw_data/Broadband_Data_2026.03.25_16.33.00.bin,19.45200002193451,2026-03-25T16:33:19.452000,ns,1,21.464614868164062,24.907569885253906,1.160401434558009,461190.4375,621007.5,1.3850275616722534,0.9597185169168844,120.86349441406742,30.863494414067418,30.863494414067418,210.86349441406742,709.7986030083857,372.39937017793176,1.9060145098238035,0,low_snr;weak_linearity;single_channel_detection
/home/s_grudinin/code/university/vlf_analyzing/raw_vlf_data/raw_data/Broadband_Data_2026.03.25_16.33.00.bin,20.15199999511242,2026-03-25T16:33:20.152000,ns,1,35.2044792175293,27.45854949951172,0.7799731769881872,1240594.75,754725.875,3.5285364260045635,1.2467462474712976,148.90413840488438,58.90413840488438,58.90413840488438,238.90413840488438,1518.403935269349,476.91664747122354,3.183793107916125,0,single_channel_detection
/home/s_grudinin/code/university/vlf_analyzing/raw_vlf_data/raw_data/Broadband_Data_2026.03.25_16.33.00.bin,20.259999997913837,2026-03-25T16:33:20.260000,ns,2,18.495258331298828,24.51061248779297,1.32523763922309,342416.65625,601370.875,0.26889322052568915,0.8075474834310696,114.56289654536951,24.56289654536951,24.56289654536951,204.5628965453695,669.7498678524295,274.03767251293664,2.4440065546856875,0,low_snr;weak_linearity;single_channel_detection
/home/s_grudinin/code/university/vlf_analyzing/raw_vlf_data/raw_data/Broadband_Data_2026.03.25_16.33.00.bin,20.360000014305115,2026-03-25T16:33:20.360000,ns,1,17.734085083007812,25.789142608642578,1.4542133122701317,314812.28125,665745.0,0.8896280589464092,1.1128619477176938,108.1584591951217,18.15845919512168,18.15845919512168,198.15845919512168,708.0454254794154,272.51182344644826,2.598219103027476,0,low_snr;weak_linearity;single_channel_detection
/home/s_grudinin/code/university/vlf_analyzing/raw_vlf_data/raw_data/Broadband_Data_2026.03.25_16.33.00.bin,20.727999985218048,2026-03-25T16:33:20.728000,ns,1,225.0957794189453,67.34231567382812,0.2991718274223667,50718776.0,4539523.0,135.55536987561356,7.102693386240972,166.33097002880103,76.33097002880106,76.33097002880106,256.33097002880106,53621.84200949439,1636.4614379566915,32.7669450472645,0,single_channel_detection
/home/s_grudinin/code/university/vlf_analyzing/raw_vlf_data/raw_data/Broadband_Data_2026.03.25_16.33.00.bin,21.582000017166138,2026-03-25T16:33:21.582000,ns,1,37.83748245239258,31.440168380737305,0.8309265401125654,1433106.875,989472.625,4.283238372185904,1.567006347240496,144.40072534747478,54.400725347474776,54.400725347474776,234.40072534747478,1899.5436928361355,523.0359045960604,3.631765383875789,0,single_channel_detection
/home/s_grudinin/code/university/vlf_analyzing/raw_vlf_data/raw_data/Broadband_Data_2026.03.25_16.33.00.bin,21.728999972343445,2026-03-25T16:33:21.729000,ns,2,17.730995178222656,25.065088272094727,1.413631215854057,314702.5625,628886.875,0.2784896987808042,0.902667402827706,105.39055666954386,15.390556669543855,15.390556669543855,195.39055666954386,654.6452706637987,288.94416304695955,2.2656462887516526,0,low_snr;weak_linearity;single_channel_detection
/home/s_grudinin/code/university/vlf_analyzing/raw_vlf_data/raw_data/Broadband_Data_2026.03.25_16.33.00.bin,22.014000000432134,2026-03-25T16:33:22.014000,ns,1,24.647249221801758,26.088428497314453,1.0584722158056017,608094.4375,681286.75,1.7831806137859336,0.7940487277796785,127.76221793718344,37.762217937183436,37.762217937183436,217.76221793718344,791.0943815155363,498.2867291539169,1.5876288394410998,0,low_snr;weak_linearity;single_channel_detection
/home/s_grudinin/code/university/vlf_analyzing/raw_vlf_data/raw_data/Broadband_Data_2026.03.25_16.33.00.bin,22.34400001168251,2026-03-25T16:33:22.344000,ns,1,18.461711883544922,26.644454956054688,1.4432277528825306,341175.6875,710636.875,0.9913035636589798,1.0940477453560924,106.5109018879154,16.510901887915395,16.510901887915395,196.5109018879154,746.2267392358946,305.5858258215161,2.441954685659215,0,low_snr;weak_linearity;single_channel_detection
/home/s_grudinin/code/university/vlf_analyzing/raw_vlf_data/raw_data/Broadband_Data_2026.03.25_16.33.00.bin,22.526000022888184,2026-03-25T16:33:22.526000,ns,1,21.451723098754883,25.007169723510742,1.1657417732080022,460636.5625,625983.875,1.4027256994251398,1.0011624023424697,122.74094875764528,32.7409487576453,32.7409487576453,212.7409487576453,742.5331163963126,344.08731539672374,2.1579787547244775,0,low_snr;weak_linearity;single_channel_detection
/home/s_grudinin/code/university/vlf_analyzing/raw_vlf_data/raw_data/Broadband_Data_2026.03.25_16.33.00.bin,23.14800000190735,2026-03-25T16:33:23.148000,ns,1,20.687747955322266,25.36050796508789,1.2258708884048568,428410.875,643798.5625,1.332989412138079,1.1047432912328776,116.99464286210463,26.994642862104627,26.994642862104627,206.99464286210463,719.2772903372953,352.9321371286663,2.038004518911438,0,low_snr;weak_linearity;single_channel_detection
/home/s_grudinin/code/university/vlf_analyzing/raw_vlf_data/raw_data/Broadband_Data_2026.03.25_16.33.00.bin,24.632000029087067,2026-03-25T16:33:24.632000,ns,1,23.507545471191406,24.737104415893555,1.0523048629729517,553157.25,612536.25,1.737632821638754,1.005115117718284,131.52386166564884,41.52386166564884,41.52386166564884,221.52386166564884,828.1281013180728,337.56539542632294,2.453237543120197,0,low_snr;weak_linearity;single_channel_detection
/home/s_grudinin/code/university/vlf_analyzing/raw_vlf_data/raw_data/Broadband_Data_2026.03.25_16.33.00.bin,24.790000021457672,2026-03-25T16:33:24.790000,ns,1,18.974796295166016,25.26025390625,1.3312529691127133,360402.90625,638718.5,1.1113431010900616,1.040123354534146,114.68461401957359,24.684614019573587,24.684614019573587,204.6846140195736,713.2610068333164,285.8603467952695,2.49513797499219,0,low_snr;weak_linearity;single_channel_detection
/home/s_grudinin/code/university/vlf_analyzing/raw_vlf_data/raw_data/Broadband_Data_2026.03.25_16.33.00.bin,26.22400000691414,2026-03-25T16:33:26.224000,ns,1,21.31392478942871,25.91258430480957,1.2157584565401343,454737.6875,672133.5,1.4084829397199579,1.1291653058329607,119.95360047815602,29.953600478156034,29.953600478156034,209.95360047815603,780.2235147832084,346.647653629409,2.250768198238897,0,low_snr;weak_linearity;single_channel_detection
/home/s_grudinin/code/university/vlf_analyzing/raw_vlf_data/raw_data/Broadband_Data_2026.03.25_16.33.00.bin,26.34799998998642,2026-03-25T16:33:26.348000,ns,1,19.567230224609375,25.10595703125,1.2830613604000725,383259.40625,630939.375,1.1022138547006,1.0293486934816702,112.30660570440365,22.306605704403637,22.306605704403637,202.30660570440364,681.0651149142531,333.1336550363162,2.0444200236688945,0,low_snr;weak_linearity;single_channel_detection
/home/s_grudinin/code/university/vlf_analyzing/raw_vlf_data/raw_data/Broadband_Data_2026.03.25_16.33.00.bin,26.596000015735626,2026-03-25T16:33:26.596000,ns,1,24.266849517822266,23.846107482910156,0.9826618599746916,589468.875,569205.5,1.7383083158171482,0.9090694069333248,136.8198616415454,46.8198616415454,46.8198616415454,226.8198616415454,738.9355669041895,419.7388089803151,1.7604652014411235,0,low_snr;weak_linearity;single_channel_detection
/home/s_grudinin/code/university/vlf_analyzing/raw_vlf_data/raw_data/Broadband_Data_2026.03.25_16.33.00.bin,26.948000013828278,2026-03-25T16:33:26.948000,ns,1,19.483482360839844,26.500104904174805,1.3601318498091708,379985.65625,702957.8125,1.1757357013903948,1.1534002926567437,98.46079537076412,8.460795370764117,8.460795370764117,188.46079537076412,710.2659347752056,372.6775446261707,1.9058458042801174,0,low_snr;weak_linearity;single_channel_detection
/home/s_grudinin/code/university/vlf_analyzing/raw_vlf_data/raw_data/Broadband_Data_2026.03.25_16.33.00.bin,27.240000009536743,2026-03-25T16:33:27.240000,ns,1,19.9559383392334,24.751707077026367,1.2403178771284957,398637.75,613259.625,1.14709286789215,0.9393553999697148,116.15243876516897,26.152438765168966,26.152438765168966,206.15243876516897,681.4482037141939,330.4491325682232,2.0621879029248253,0,low_snr;weak_linearity;single_channel_detection
