verification_id,source_file,channel,segment_index,segment_start_s,segment_end_s,peak_threshold,max_heatmap,mean_heatmap,predicted_event_count,predicted_event_times_inside_s_json,predicted_event_times_absolute_s_json,review_status,corrected_event_count,corrected_event_times_inside_s_json,corrected_event_times_absolute_s_json,quality_flag,comment
Broadband_Data_2026.03.26_21.48.00_ns_seg000,/home/s_grudinin/code/university/vlf_analyzing/new_test_raw_data/raw_v2/Broadband_Data_2026.03.26_21.48.00.bin,ns,0,0.0,2.0,0.25,0.2951667606830597,0.037389546632766724,1,[1.486],[1.486],model_verified,1,[1.486],[1.486],,
Broadband_Data_2026.03.26_21.48.00_ns_seg001,/home/s_grudinin/code/university/vlf_analyzing/new_test_raw_data/raw_v2/Broadband_Data_2026.03.26_21.48.00.bin,ns,1,2.0,4.0,0.25,0.2479924112558365,0.03816160187125206,0,[],[],model_verified,0,[],[],,
Broadband_Data_2026.03.26_21.48.00_ns_seg002,/home/s_grudinin/code/university/vlf_analyzing/new_test_raw_data/raw_v2/Broadband_Data_2026.03.26_21.48.00.bin,ns,2,4.0,6.0,0.25,0.5888299345970154,0.04966317117214203,4,"[0.156, 0.506, 0.54, 1.548]","[4.156, 4.506, 4.54, 5.548]",manual_corrected,2,"[0.15105, 1.545974]","[4.15105, 5.545974]",,
Broadband_Data_2026.03.26_21.48.00_ns_seg003,/home/s_grudinin/code/university/vlf_analyzing/new_test_raw_data/raw_v2/Broadband_Data_2026.03.26_21.48.00.bin,ns,3,6.0,8.0,0.25,0.3876686990261078,0.04380583390593529,3,"[0.41, 1.186, 1.408]","[6.41, 7.186, 7.408]",manual_corrected,0,[],[],,
Broadband_Data_2026.03.26_21.48.00_ns_seg004,/home/s_grudinin/code/university/vlf_analyzing/new_test_raw_data/raw_v2/Broadband_Data_2026.03.26_21.48.00.bin,ns,4,8.0,10.0,0.25,0.2117093950510025,0.03822266682982445,0,[],[],model_verified,0,[],[],,
Broadband_Data_2026.03.26_21.48.00_ns_seg005,/home/s_grudinin/code/university/vlf_analyzing/new_test_raw_data/raw_v2/Broadband_Data_2026.03.26_21.48.00.bin,ns,5,10.0,12.0,0.25,0.9783191084861755,0.05560341477394104,2,"[0.232, 0.906]","[10.232, 10.906]",manual_corrected,2,"[0.232, 0.906]","[10.232, 10.906]",,
Broadband_Data_2026.03.26_21.48.00_ns_seg006,/home/s_grudinin/code/university/vlf_analyzing/new_test_raw_data/raw_v2/Broadband_Data_2026.03.26_21.48.00.bin,ns,6,12.0,14.0,0.25,0.9034971594810486,0.046988118439912796,2,"[0.994, 1.31]","[12.994, 13.31]",manual_corrected,1,[1.305225],[13.305225],,
Broadband_Data_2026.03.26_21.48.00_ns_seg007,/home/s_grudinin/code/university/vlf_analyzing/new_test_raw_data/raw_v2/Broadband_Data_2026.03.26_21.48.00.bin,ns,7,14.0,16.0,0.25,0.9376800060272217,0.04862077534198761,2,"[0.382, 1.624]","[14.382, 15.624]",manual_corrected,2,"[0.381177, 1.627403]","[14.381177, 15.627403]",,
Broadband_Data_2026.03.26_21.48.00_ns_seg008,/home/s_grudinin/code/university/vlf_analyzing/new_test_raw_data/raw_v2/Broadband_Data_2026.03.26_21.48.00.bin,ns,8,16.0,18.0,0.25,0.6322686672210693,0.050769686698913574,3,"[0.17, 1.122, 1.184]","[16.17, 17.122, 17.184]",manual_corrected,2,"[0.172293, 1.121124]","[16.172293, 17.121124]",,
Broadband_Data_2026.03.26_21.48.00_ns_seg009,/home/s_grudinin/code/university/vlf_analyzing/new_test_raw_data/raw_v2/Broadband_Data_2026.03.26_21.48.00.bin,ns,9,18.0,20.0,0.25,0.9986419081687927,0.057033758610486984,3,"[0.06, 0.22, 0.372]","[18.06, 18.22, 18.372]",manual_corrected,3,"[0.06254, 0.218318, 0.370556]","[18.06254, 18.218318, 18.370556]",,
Broadband_Data_2026.03.26_21.48.00_ns_seg010,/home/s_grudinin/code/university/vlf_analyzing/new_test_raw_data/raw_v2/Broadband_Data_2026.03.26_21.48.00.bin,ns,10,20.0,22.0,0.25,0.9852724671363831,0.05285995081067085,3,"[1.244, 1.58, 1.776]","[21.244, 21.58, 21.776]",model_verified,3,"[1.244, 1.58, 1.776]","[21.244, 21.58, 21.776]",,
Broadband_Data_2026.03.26_21.48.00_ns_seg011,/home/s_grudinin/code/university/vlf_analyzing/new_test_raw_data/raw_v2/Broadband_Data_2026.03.26_21.48.00.bin,ns,11,22.0,24.0,0.25,0.9986304044723511,0.045900337398052216,2,"[1.02, 1.852]","[23.02, 23.852]",manual_corrected,1,[1.846909],[23.846909],,
Broadband_Data_2026.03.26_21.48.00_ns_seg012,/home/s_grudinin/code/university/vlf_analyzing/new_test_raw_data/raw_v2/Broadband_Data_2026.03.26_21.48.00.bin,ns,12,24.0,26.0,0.25,0.9778978228569031,0.05113285407423973,2,"[0.708, 1.434]","[24.708, 25.434]",manual_corrected,2,"[0.710436, 1.42914]","[24.710436, 25.42914]",,
Broadband_Data_2026.03.26_21.48.00_ns_seg013,/home/s_grudinin/code/university/vlf_analyzing/new_test_raw_data/raw_v2/Broadband_Data_2026.03.26_21.48.00.bin,ns,13,26.0,28.0,0.25,0.8843992352485657,0.05069660022854805,2,"[0.344, 1.474]","[26.344, 27.474]",manual_corrected,2,"[0.345773, 1.471625]","[26.345773, 27.471625]",,
Broadband_Data_2026.03.26_21.48.00_ns_seg014,/home/s_grudinin/code/university/vlf_analyzing/new_test_raw_data/raw_v2/Broadband_Data_2026.03.26_21.48.00.bin,ns,14,28.0,30.0,0.25,0.3862724006175995,0.03638452664017677,1,[1.98],[29.98],manual_corrected,0,[],[],,
Broadband_Data_2026.03.26_21.48.00_ns_seg015,/home/s_grudinin/code/university/vlf_analyzing/new_test_raw_data/raw_v2/Broadband_Data_2026.03.26_21.48.00.bin,ns,15,30.0,32.0,0.25,0.3919568955898285,0.041474658995866776,2,"[0.178, 1.0]","[30.178, 31.0]",manual_corrected,1,[0.175833],[30.175833],,
Broadband_Data_2026.03.26_21.48.00_ns_seg016,/home/s_grudinin/code/university/vlf_analyzing/new_test_raw_data/raw_v2/Broadband_Data_2026.03.26_21.48.00.bin,ns,16,32.0,34.0,0.25,0.5312202572822571,0.045841362327337265,2,"[1.428, 1.684]","[33.428, 33.684]",manual_corrected,1,[1.414978],[33.414978],,
Broadband_Data_2026.03.26_21.48.00_ns_seg017,/home/s_grudinin/code/university/vlf_analyzing/new_test_raw_data/raw_v2/Broadband_Data_2026.03.26_21.48.00.bin,ns,17,34.0,36.0,0.25,0.3785460293292999,0.03776552155613899,1,[1.384],[35.384],manual_corrected,0,[],[],,
Broadband_Data_2026.03.26_21.48.00_ns_seg018,/home/s_grudinin/code/university/vlf_analyzing/new_test_raw_data/raw_v2/Broadband_Data_2026.03.26_21.48.00.bin,ns,18,36.0,38.0,0.25,0.9754526615142822,0.054380547255277634,4,"[0.228, 1.206, 1.822, 1.954]","[36.228, 37.206, 37.822, 37.954]",manual_corrected,3,"[1.206094, 1.822126, 1.953121]","[37.206094, 37.822126, 37.953121]",,
Broadband_Data_2026.03.26_21.48.00_ns_seg019,/home/s_grudinin/code/university/vlf_analyzing/new_test_raw_data/raw_v2/Broadband_Data_2026.03.26_21.48.00.bin,ns,19,38.0,40.0,0.25,0.37763258814811707,0.04267113283276558,2,"[0.34, 1.58]","[38.34, 39.58]",manual_corrected,1,[1.574297],[39.574297],,
Broadband_Data_2026.03.26_21.48.00_ns_seg020,/home/s_grudinin/code/university/vlf_analyzing/new_test_raw_data/raw_v2/Broadband_Data_2026.03.26_21.48.00.bin,ns,20,40.0,42.0,0.25,0.8302085995674133,0.042248547077178955,1,[0.244],[40.244],manual_corrected,1,[0.239561],[40.239561],,
Broadband_Data_2026.03.26_21.48.00_ns_seg021,/home/s_grudinin/code/university/vlf_analyzing/new_test_raw_data/raw_v2/Broadband_Data_2026.03.26_21.48.00.bin,ns,21,42.0,44.0,0.25,0.42214563488960266,0.03840460255742073,1,[0.544],[42.544],manual_corrected,1,[0.544036],[42.544036],,
Broadband_Data_2026.03.26_21.48.00_ns_seg022,/home/s_grudinin/code/university/vlf_analyzing/new_test_raw_data/raw_v2/Broadband_Data_2026.03.26_21.48.00.bin,ns,22,44.0,46.0,0.25,0.984683096408844,0.04756823554635048,2,"[0.896, 0.948]","[44.896, 44.948]",manual_corrected,2,"[0.890997, 0.944103]","[44.890997, 44.944103]",,
Broadband_Data_2026.03.26_21.48.00_ns_seg023,/home/s_grudinin/code/university/vlf_analyzing/new_test_raw_data/raw_v2/Broadband_Data_2026.03.26_21.48.00.bin,ns,23,46.0,48.0,0.25,0.1674591600894928,0.03244204819202423,0,[],[],model_verified,0,[],[],,
Broadband_Data_2026.03.26_21.48.00_ns_seg024,/home/s_grudinin/code/university/vlf_analyzing/new_test_raw_data/raw_v2/Broadband_Data_2026.03.26_21.48.00.bin,ns,24,48.0,50.0,0.25,0.28607502579689026,0.03460252285003662,1,[0.988],[48.988],model_verified,1,[0.988],[48.988],,
Broadband_Data_2026.03.26_21.48.00_ns_seg025,/home/s_grudinin/code/university/vlf_analyzing/new_test_raw_data/raw_v2/Broadband_Data_2026.03.26_21.48.00.bin,ns,25,50.0,52.0,0.25,0.38560205698013306,0.03668258339166641,2,"[0.256, 1.344]","[50.256, 51.344]",manual_corrected,1,[0.257263],[50.257263],,
Broadband_Data_2026.03.26_21.48.00_ns_seg026,/home/s_grudinin/code/university/vlf_analyzing/new_test_raw_data/raw_v2/Broadband_Data_2026.03.26_21.48.00.bin,ns,26,52.0,54.0,0.25,0.9959107637405396,0.06126168370246887,4,"[1.22, 1.412, 1.466, 1.956]","[53.22, 53.412, 53.466, 53.956]",manual_corrected,4,"[1.220256, 1.407898, 1.461004, 1.956662]","[53.220256, 53.407898, 53.461004, 53.956662]",,
Broadband_Data_2026.03.26_21.48.00_ns_seg027,/home/s_grudinin/code/university/vlf_analyzing/new_test_raw_data/raw_v2/Broadband_Data_2026.03.26_21.48.00.bin,ns,27,54.0,56.0,0.25,0.9990946054458618,0.07320628315210342,5,"[0.434, 0.472, 0.568, 0.702, 0.956]","[54.434, 54.472, 54.568, 54.702, 54.956]",manual_corrected,5,"[0.434284, 0.466147, 0.565279, 0.699815, 0.951184]","[54.434284, 54.466147, 54.565279, 54.699815, 54.951184]",,
Broadband_Data_2026.03.26_21.48.00_ns_seg028,/home/s_grudinin/code/university/vlf_analyzing/new_test_raw_data/raw_v2/Broadband_Data_2026.03.26_21.48.00.bin,ns,28,56.0,58.0,0.25,0.5000044107437134,0.036892324686050415,1,[1.008],[57.008],manual_corrected,1,[1.011371],[57.011371],,
Broadband_Data_2026.03.26_21.48.00_ns_seg029,/home/s_grudinin/code/university/vlf_analyzing/new_test_raw_data/raw_v2/Broadband_Data_2026.03.26_21.48.00.bin,ns,29,58.0,60.0,0.25,0.9511292576789856,0.0653035119175911,7,"[0.056, 0.482, 0.54, 0.652, 0.928, 1.59, 1.72]","[58.056, 58.482, 58.54, 58.652, 58.928, 59.59, 59.72]",manual_corrected,6,"[0.055459, 0.547577, 0.653789, 0.929942, 1.591999, 1.719454]","[58.055459, 58.547577, 58.653789, 58.929942, 59.591999, 59.719454]",,
Broadband_Data_2026.03.26_21.48.00_we_seg000,/home/s_grudinin/code/university/vlf_analyzing/new_test_raw_data/raw_v2/Broadband_Data_2026.03.26_21.48.00.bin,we,0,0.0,2.0,0.25,0.9986189603805542,0.042205508798360825,1,[1.0],[1.0],model_verified,1,[1.0],[1.0],,
Broadband_Data_2026.03.26_21.48.00_we_seg001,/home/s_grudinin/code/university/vlf_analyzing/new_test_raw_data/raw_v2/Broadband_Data_2026.03.26_21.48.00.bin,we,1,2.0,4.0,0.25,0.9987616539001465,0.0437350831925869,2,"[0.256, 1.0]","[2.256, 3.0]",model_verified,2,"[0.256, 1.0]","[2.256, 3.0]",,
Broadband_Data_2026.03.26_21.48.00_we_seg002,/home/s_grudinin/code/university/vlf_analyzing/new_test_raw_data/raw_v2/Broadband_Data_2026.03.26_21.48.00.bin,we,2,4.0,6.0,0.25,0.9984999895095825,0.04140911251306534,1,[1.0],[5.0],model_verified,1,[1.0],[5.0],,
Broadband_Data_2026.03.26_21.48.00_we_seg003,/home/s_grudinin/code/university/vlf_analyzing/new_test_raw_data/raw_v2/Broadband_Data_2026.03.26_21.48.00.bin,we,3,6.0,8.0,0.25,0.9989414811134338,0.046433232724666595,1,[1.0],[7.0],model_verified,1,[1.0],[7.0],,
Broadband_Data_2026.03.26_21.48.00_we_seg004,/home/s_grudinin/code/university/vlf_analyzing/new_test_raw_data/raw_v2/Broadband_Data_2026.03.26_21.48.00.bin,we,4,8.0,10.0,0.25,0.9984219074249268,0.0430300235748291,1,[1.0],[9.0],model_verified,1,[1.0],[9.0],,
Broadband_Data_2026.03.26_21.48.00_we_seg005,/home/s_grudinin/code/university/vlf_analyzing/new_test_raw_data/raw_v2/Broadband_Data_2026.03.26_21.48.00.bin,we,5,10.0,12.0,0.25,0.9987407326698303,0.051946330815553665,2,"[0.232, 1.0]","[10.232, 11.0]",model_verified,2,"[0.232, 1.0]","[10.232, 11.0]",,
Broadband_Data_2026.03.26_21.48.00_we_seg006,/home/s_grudinin/code/university/vlf_analyzing/new_test_raw_data/raw_v2/Broadband_Data_2026.03.26_21.48.00.bin,we,6,12.0,14.0,0.25,0.9985237717628479,0.044870734214782715,1,[1.0],[13.0],model_verified,1,[1.0],[13.0],,
Broadband_Data_2026.03.26_21.48.00_we_seg007,/home/s_grudinin/code/university/vlf_analyzing/new_test_raw_data/raw_v2/Broadband_Data_2026.03.26_21.48.00.bin,we,7,14.0,16.0,0.25,0.9987548589706421,0.05527493357658386,3,"[0.384, 1.0, 1.036]","[14.384, 15.0, 15.036]",model_verified,3,"[0.384, 1.0, 1.036]","[14.384, 15.0, 15.036]",,
Broadband_Data_2026.03.26_21.48.00_we_seg008,/home/s_grudinin/code/university/vlf_analyzing/new_test_raw_data/raw_v2/Broadband_Data_2026.03.26_21.48.00.bin,we,8,16.0,18.0,0.25,0.9984789490699768,0.052001725882291794,2,"[0.174, 1.0]","[16.174, 17.0]",model_verified,2,"[0.174, 1.0]","[16.174, 17.0]",,
Broadband_Data_2026.03.26_21.48.00_we_seg009,/home/s_grudinin/code/university/vlf_analyzing/new_test_raw_data/raw_v2/Broadband_Data_2026.03.26_21.48.00.bin,we,9,18.0,20.0,0.25,0.998666524887085,0.049079909920692444,2,"[0.372, 1.0]","[18.372, 19.0]",model_verified,2,"[0.372, 1.0]","[18.372, 19.0]",,
Broadband_Data_2026.03.26_21.48.00_we_seg010,/home/s_grudinin/code/university/vlf_analyzing/new_test_raw_data/raw_v2/Broadband_Data_2026.03.26_21.48.00.bin,we,10,20.0,22.0,0.25,0.9982712268829346,0.047717589884996414,2,"[1.0, 1.242]","[21.0, 21.242]",model_verified,2,"[1.0, 1.242]","[21.0, 21.242]",,
Broadband_Data_2026.03.26_21.48.00_we_seg011,/home/s_grudinin/code/university/vlf_analyzing/new_test_raw_data/raw_v2/Broadband_Data_2026.03.26_21.48.00.bin,we,11,22.0,24.0,0.25,0.9985669255256653,0.04446448013186455,2,"[1.0, 1.848]","[23.0, 23.848]",model_verified,2,"[1.0, 1.848]","[23.0, 23.848]",,
Broadband_Data_2026.03.26_21.48.00_we_seg012,/home/s_grudinin/code/university/vlf_analyzing/new_test_raw_data/raw_v2/Broadband_Data_2026.03.26_21.48.00.bin,we,12,24.0,26.0,0.25,0.9985681772232056,0.041273511946201324,2,"[1.0, 1.746]","[25.0, 25.746]",model_verified,2,"[1.0, 1.746]","[25.0, 25.746]",,
Broadband_Data_2026.03.26_21.48.00_we_seg013,/home/s_grudinin/code/university/vlf_analyzing/new_test_raw_data/raw_v2/Broadband_Data_2026.03.26_21.48.00.bin,we,13,26.0,28.0,0.25,0.9985840320587158,0.046508122235536575,2,"[1.0, 1.476]","[27.0, 27.476]",model_verified,2,"[1.0, 1.476]","[27.0, 27.476]",,
Broadband_Data_2026.03.26_21.48.00_we_seg014,/home/s_grudinin/code/university/vlf_analyzing/new_test_raw_data/raw_v2/Broadband_Data_2026.03.26_21.48.00.bin,we,14,28.0,30.0,0.25,0.9985839128494263,0.0378807857632637,1,[1.0],[29.0],model_verified,1,[1.0],[29.0],,
Broadband_Data_2026.03.26_21.48.00_we_seg015,/home/s_grudinin/code/university/vlf_analyzing/new_test_raw_data/raw_v2/Broadband_Data_2026.03.26_21.48.00.bin,we,15,30.0,32.0,0.25,0.9981399774551392,0.039237458258867264,1,[1.0],[31.0],model_verified,1,[1.0],[31.0],,
Broadband_Data_2026.03.26_21.48.00_we_seg016,/home/s_grudinin/code/university/vlf_analyzing/new_test_raw_data/raw_v2/Broadband_Data_2026.03.26_21.48.00.bin,we,16,32.0,34.0,0.25,0.9985435009002686,0.062141839414834976,3,"[1.0, 1.434, 1.602]","[33.0, 33.434, 33.602]",model_verified,3,"[1.0, 1.434, 1.602]","[33.0, 33.434, 33.602]",,
Broadband_Data_2026.03.26_21.48.00_we_seg017,/home/s_grudinin/code/university/vlf_analyzing/new_test_raw_data/raw_v2/Broadband_Data_2026.03.26_21.48.00.bin,we,17,34.0,36.0,0.25,0.9983208775520325,0.045027848333120346,3,"[0.372, 0.408, 1.0]","[34.372, 34.408, 35.0]",model_verified,3,"[0.372, 0.408, 1.0]","[34.372, 34.408, 35.0]",,
Broadband_Data_2026.03.26_21.48.00_we_seg018,/home/s_grudinin/code/university/vlf_analyzing/new_test_raw_data/raw_v2/Broadband_Data_2026.03.26_21.48.00.bin,we,18,36.0,38.0,0.25,0.998611330986023,0.04190937057137489,2,"[1.0, 1.298]","[37.0, 37.298]",model_verified,2,"[1.0, 1.298]","[37.0, 37.298]",,
Broadband_Data_2026.03.26_21.48.00_we_seg019,/home/s_grudinin/code/university/vlf_analyzing/new_test_raw_data/raw_v2/Broadband_Data_2026.03.26_21.48.00.bin,we,19,38.0,40.0,0.25,0.9983958601951599,0.04778047278523445,3,"[0.246, 0.34, 1.0]","[38.246, 38.34, 39.0]",model_verified,3,"[0.246, 0.34, 1.0]","[38.246, 38.34, 39.0]",,
Broadband_Data_2026.03.26_21.48.00_we_seg020,/home/s_grudinin/code/university/vlf_analyzing/new_test_raw_data/raw_v2/Broadband_Data_2026.03.26_21.48.00.bin,we,20,40.0,42.0,0.25,0.9980729818344116,0.04766009747982025,2,"[0.244, 1.0]","[40.244, 41.0]",model_verified,2,"[0.244, 1.0]","[40.244, 41.0]",,
Broadband_Data_2026.03.26_21.48.00_we_seg021,/home/s_grudinin/code/university/vlf_analyzing/new_test_raw_data/raw_v2/Broadband_Data_2026.03.26_21.48.00.bin,we,21,42.0,44.0,0.25,0.9985179305076599,0.039247699081897736,1,[1.0],[43.0],model_verified,1,[1.0],[43.0],,
Broadband_Data_2026.03.26_21.48.00_we_seg022,/home/s_grudinin/code/university/vlf_analyzing/new_test_raw_data/raw_v2/Broadband_Data_2026.03.26_21.48.00.bin,we,22,44.0,46.0,0.25,0.9983270764350891,0.03833657503128052,1,[1.0],[45.0],model_verified,1,[1.0],[45.0],,
Broadband_Data_2026.03.26_21.48.00_we_seg023,/home/s_grudinin/code/university/vlf_analyzing/new_test_raw_data/raw_v2/Broadband_Data_2026.03.26_21.48.00.bin,we,23,46.0,48.0,0.25,0.9984758496284485,0.038846373558044434,1,[1.0],[47.0],model_verified,1,[1.0],[47.0],,
Broadband_Data_2026.03.26_21.48.00_we_seg024,/home/s_grudinin/code/university/vlf_analyzing/new_test_raw_data/raw_v2/Broadband_Data_2026.03.26_21.48.00.bin,we,24,48.0,50.0,0.25,0.9984071850776672,0.03826620802283287,1,[1.0],[49.0],model_verified,1,[1.0],[49.0],,
Broadband_Data_2026.03.26_21.48.00_we_seg025,/home/s_grudinin/code/university/vlf_analyzing/new_test_raw_data/raw_v2/Broadband_Data_2026.03.26_21.48.00.bin,we,25,50.0,52.0,0.25,0.9984683394432068,0.04782136529684067,3,"[0.258, 1.0, 1.346]","[50.258, 51.0, 51.346]",model_verified,3,"[0.258, 1.0, 1.346]","[50.258, 51.0, 51.346]",,
Broadband_Data_2026.03.26_21.48.00_we_seg026,/home/s_grudinin/code/university/vlf_analyzing/new_test_raw_data/raw_v2/Broadband_Data_2026.03.26_21.48.00.bin,we,26,52.0,54.0,0.25,0.9985559582710266,0.04320475459098816,2,"[1.0, 1.408]","[53.0, 53.408]",model_verified,2,"[1.0, 1.408]","[53.0, 53.408]",,
Broadband_Data_2026.03.26_21.48.00_we_seg027,/home/s_grudinin/code/university/vlf_analyzing/new_test_raw_data/raw_v2/Broadband_Data_2026.03.26_21.48.00.bin,we,27,54.0,56.0,0.25,0.99856036901474,0.048810407519340515,2,"[0.472, 1.0]","[54.472, 55.0]",model_verified,2,"[0.472, 1.0]","[54.472, 55.0]",,
Broadband_Data_2026.03.26_21.48.00_we_seg028,/home/s_grudinin/code/university/vlf_analyzing/new_test_raw_data/raw_v2/Broadband_Data_2026.03.26_21.48.00.bin,we,28,56.0,58.0,0.25,0.9985097050666809,0.036379165947437286,1,[1.0],[57.0],model_verified,1,[1.0],[57.0],,
Broadband_Data_2026.03.26_21.48.00_we_seg029,/home/s_grudinin/code/university/vlf_analyzing/new_test_raw_data/raw_v2/Broadband_Data_2026.03.26_21.48.00.bin,we,29,58.0,60.0,0.25,0.9985247254371643,0.052394524216651917,4,"[0.538, 1.0, 1.59, 1.72]","[58.538, 59.0, 59.59, 59.72]",model_verified,4,"[0.538, 1.0, 1.59, 1.72]","[58.538, 59.0, 59.59, 59.72]",,
Broadband_Data_2026.03.26_21.49.00_ns_seg000,/home/s_grudinin/code/university/vlf_analyzing/new_test_raw_data/raw_v2/Broadband_Data_2026.03.26_21.49.00.bin,ns,0,0.0,2.0,0.25,0.22098463773727417,0.032357826828956604,0,[],[],model_verified,0,[],[],,
Broadband_Data_2026.03.26_21.49.00_ns_seg001,/home/s_grudinin/code/university/vlf_analyzing/new_test_raw_data/raw_v2/Broadband_Data_2026.03.26_21.49.00.bin,ns,1,2.0,4.0,0.25,0.9398648738861084,0.04925568774342537,3,"[1.068, 1.402, 1.526]","[3.068, 3.402, 3.526]",manual_corrected,2,"[1.404357, 1.531812]","[3.404357, 3.531812]",,
Broadband_Data_2026.03.26_21.49.00_ns_seg002,/home/s_grudinin/code/university/vlf_analyzing/new_test_raw_data/raw_v2/Broadband_Data_2026.03.26_21.49.00.bin,ns,2,4.0,6.0,0.25,0.47894784808158875,0.037800200283527374,2,"[1.432, 1.79]","[5.432, 5.79]",model_verified,2,"[1.432, 1.79]","[5.432, 5.79]",,
Broadband_Data_2026.03.26_21.49.00_ns_seg003,/home/s_grudinin/code/university/vlf_analyzing/new_test_raw_data/raw_v2/Broadband_Data_2026.03.26_21.49.00.bin,ns,3,6.0,8.0,0.25,0.533653736114502,0.04214176908135414,2,"[0.212, 0.402]","[6.212, 6.402]",model_verified,2,"[0.212, 0.402]","[6.212, 6.402]",,
Broadband_Data_2026.03.26_21.49.00_ns_seg004,/home/s_grudinin/code/university/vlf_analyzing/new_test_raw_data/raw_v2/Broadband_Data_2026.03.26_21.49.00.bin,ns,4,8.0,10.0,0.25,0.9956374764442444,0.04500935226678848,2,"[1.506, 1.686]","[9.506, 9.686]",model_verified,2,"[1.506, 1.686]","[9.506, 9.686]",,
Broadband_Data_2026.03.26_21.49.00_ns_seg005,/home/s_grudinin/code/university/vlf_analyzing/new_test_raw_data/raw_v2/Broadband_Data_2026.03.26_21.49.00.bin,ns,5,10.0,12.0,0.25,0.6709424257278442,0.041459064930677414,1,[1.506],[11.506],model_verified,1,[1.506],[11.506],,
Broadband_Data_2026.03.26_21.49.00_ns_seg006,/home/s_grudinin/code/university/vlf_analyzing/new_test_raw_data/raw_v2/Broadband_Data_2026.03.26_21.49.00.bin,ns,6,12.0,14.0,0.25,0.3953001797199249,0.03896191716194153,1,[1.502],[13.502],manual_corrected,0,[],[],,
Broadband_Data_2026.03.26_21.49.00_ns_seg007,/home/s_grudinin/code/university/vlf_analyzing/new_test_raw_data/raw_v2/Broadband_Data_2026.03.26_21.49.00.bin,ns,7,14.0,16.0,0.25,0.2987726330757141,0.041009679436683655,2,"[0.264, 1.422]","[14.264, 15.422]",manual_corrected,0,[],[],,
Broadband_Data_2026.03.26_21.49.00_ns_seg008,/home/s_grudinin/code/university/vlf_analyzing/new_test_raw_data/raw_v2/Broadband_Data_2026.03.26_21.49.00.bin,ns,8,16.0,18.0,0.25,0.4798033833503723,0.04070255160331726,1,[1.156],[17.156],manual_corrected,0,[],[],,
Broadband_Data_2026.03.26_21.49.00_ns_seg009,/home/s_grudinin/code/university/vlf_analyzing/new_test_raw_data/raw_v2/Broadband_Data_2026.03.26_21.49.00.bin,ns,9,18.0,20.0,0.25,0.9983685612678528,0.04064813628792763,2,"[0.076, 0.468]","[18.076, 18.468]",model_verified,2,"[0.076, 0.468]","[18.076, 18.468]",,
Broadband_Data_2026.03.26_21.49.00_ns_seg010,/home/s_grudinin/code/university/vlf_analyzing/new_test_raw_data/raw_v2/Broadband_Data_2026.03.26_21.49.00.bin,ns,10,20.0,22.0,0.25,0.9931039214134216,0.06975303590297699,4,"[0.78, 0.816, 0.928, 1.002]","[20.78, 20.816, 20.928, 21.002]",model_verified,4,"[0.78, 0.816, 0.928, 1.002]","[20.78, 20.816, 20.928, 21.002]",,
Broadband_Data_2026.03.26_21.49.00_ns_seg011,/home/s_grudinin/code/university/vlf_analyzing/new_test_raw_data/raw_v2/Broadband_Data_2026.03.26_21.49.00.bin,ns,11,22.0,24.0,0.25,0.7820033431053162,0.04629204422235489,3,"[0.616, 1.184, 1.948]","[22.616, 23.184, 23.948]",model_verified,3,"[0.616, 1.184, 1.948]","[22.616, 23.184, 23.948]",,
Broadband_Data_2026.03.26_21.49.00_ns_seg012,/home/s_grudinin/code/university/vlf_analyzing/new_test_raw_data/raw_v2/Broadband_Data_2026.03.26_21.49.00.bin,ns,12,24.0,26.0,0.25,0.9850453734397888,0.053470369428396225,4,"[0.14, 0.506, 1.336, 1.624]","[24.14, 24.506, 25.336, 25.624]",manual_corrected,2,"[0.136889, 0.501551]","[24.136889, 24.501551]",,
Broadband_Data_2026.03.26_21.49.00_ns_seg013,/home/s_grudinin/code/university/vlf_analyzing/new_test_raw_data/raw_v2/Broadband_Data_2026.03.26_21.49.00.bin,ns,13,26.0,28.0,0.25,0.5738605260848999,0.040711257606744766,2,"[1.46, 1.9]","[27.46, 27.9]",model_verified,2,"[1.46, 1.9]","[27.46, 27.9]",,
Broadband_Data_2026.03.26_21.49.00_ns_seg014,/home/s_grudinin/code/university/vlf_analyzing/new_test_raw_data/raw_v2/Broadband_Data_2026.03.26_21.49.00.bin,ns,14,28.0,30.0,0.25,0.3120129406452179,0.03610435873270035,1,[0.468],[28.468],model_verified,1,[0.468],[28.468],,
Broadband_Data_2026.03.26_21.49.00_ns_seg015,/home/s_grudinin/code/university/vlf_analyzing/new_test_raw_data/raw_v2/Broadband_Data_2026.03.26_21.49.00.bin,ns,15,30.0,32.0,0.25,0.5714824199676514,0.04451950266957283,2,"[0.844, 1.084]","[30.844, 31.084]",model_verified,2,"[0.844, 1.084]","[30.844, 31.084]",,
Broadband_Data_2026.03.26_21.49.00_ns_seg016,/home/s_grudinin/code/university/vlf_analyzing/new_test_raw_data/raw_v2/Broadband_Data_2026.03.26_21.49.00.bin,ns,16,32.0,34.0,0.25,0.2732333242893219,0.03646720200777054,1,[0.298],[32.298],model_verified,1,[0.298],[32.298],,
Broadband_Data_2026.03.26_21.49.00_ns_seg017,/home/s_grudinin/code/university/vlf_analyzing/new_test_raw_data/raw_v2/Broadband_Data_2026.03.26_21.49.00.bin,ns,17,34.0,36.0,0.25,0.5437710285186768,0.041406258940696716,1,[0.158],[34.158],manual_corrected,0,[],[],,
Broadband_Data_2026.03.26_21.49.00_ns_seg018,/home/s_grudinin/code/university/vlf_analyzing/new_test_raw_data/raw_v2/Broadband_Data_2026.03.26_21.49.00.bin,ns,18,36.0,38.0,0.25,0.30153051018714905,0.03971327841281891,1,[0.094],[36.094],model_verified,1,[0.094],[36.094],,
Broadband_Data_2026.03.26_21.49.00_ns_seg019,/home/s_grudinin/code/university/vlf_analyzing/new_test_raw_data/raw_v2/Broadband_Data_2026.03.26_21.49.00.bin,ns,19,38.0,40.0,0.25,0.9417360424995422,0.04861711710691452,3,"[1.052, 1.254, 1.982]","[39.052, 39.254, 39.982]",model_verified,3,"[1.052, 1.254, 1.982]","[39.052, 39.254, 39.982]",,
Broadband_Data_2026.03.26_21.49.00_ns_seg020,/home/s_grudinin/code/university/vlf_analyzing/new_test_raw_data/raw_v2/Broadband_Data_2026.03.26_21.49.00.bin,ns,20,40.0,42.0,0.25,0.9989748001098633,0.05352827161550522,4,"[0.02, 0.076, 1.332, 1.366]","[40.02, 40.076, 41.332, 41.366]",manual_corrected,2,"[0.073161, 1.326468]","[40.073161, 41.326468]",,
Broadband_Data_2026.03.26_21.49.00_ns_seg021,/home/s_grudinin/code/university/vlf_analyzing/new_test_raw_data/raw_v2/Broadband_Data_2026.03.26_21.49.00.bin,ns,21,42.0,44.0,0.25,0.3072240352630615,0.034264180809259415,1,[0.568],[42.568],manual_corrected,0,[],[],,
Broadband_Data_2026.03.26_21.49.00_ns_seg022,/home/s_grudinin/code/university/vlf_analyzing/new_test_raw_data/raw_v2/Broadband_Data_2026.03.26_21.49.00.bin,ns,22,44.0,46.0,0.25,0.2717333734035492,0.038444001227617264,1,[1.926],[45.926],manual_corrected,0,[],[],,
Broadband_Data_2026.03.26_21.49.00_ns_seg023,/home/s_grudinin/code/university/vlf_analyzing/new_test_raw_data/raw_v2/Broadband_Data_2026.03.26_21.49.00.bin,ns,23,46.0,48.0,0.25,0.5514230728149414,0.0352160781621933,2,"[1.196, 1.98]","[47.196, 47.98]",manual_corrected,0,[],[],,
Broadband_Data_2026.03.26_21.49.00_ns_seg024,/home/s_grudinin/code/university/vlf_analyzing/new_test_raw_data/raw_v2/Broadband_Data_2026.03.26_21.49.00.bin,ns,24,48.0,50.0,0.25,0.8184110522270203,0.06143280491232872,4,"[0.486, 0.632, 1.124, 1.228]","[48.486, 48.632, 49.124, 49.228]",model_verified,4,"[0.486, 0.632, 1.124, 1.228]","[48.486, 48.632, 49.124, 49.228]",,
Broadband_Data_2026.03.26_21.49.00_ns_seg025,/home/s_grudinin/code/university/vlf_analyzing/new_test_raw_data/raw_v2/Broadband_Data_2026.03.26_21.49.00.bin,ns,25,50.0,52.0,0.25,0.7901070713996887,0.05499393865466118,3,"[0.234, 0.618, 1.272]","[50.234, 50.618, 51.272]",model_verified,3,"[0.234, 0.618, 1.272]","[50.234, 50.618, 51.272]",,
Broadband_Data_2026.03.26_21.49.00_ns_seg026,/home/s_grudinin/code/university/vlf_analyzing/new_test_raw_data/raw_v2/Broadband_Data_2026.03.26_21.49.00.bin,ns,26,52.0,54.0,0.25,0.42276832461357117,0.03523227199912071,1,[0.274],[52.274],model_verified,1,[0.274],[52.274],,
Broadband_Data_2026.03.26_21.49.00_ns_seg027,/home/s_grudinin/code/university/vlf_analyzing/new_test_raw_data/raw_v2/Broadband_Data_2026.03.26_21.49.00.bin,ns,27,54.0,56.0,0.25,0.9707909226417542,0.0516047328710556,3,"[0.272, 0.314, 1.96]","[54.272, 54.314, 55.96]",model_verified,3,"[0.272, 0.314, 1.96]","[54.272, 54.314, 55.96]",,
Broadband_Data_2026.03.26_21.49.00_ns_seg028,/home/s_grudinin/code/university/vlf_analyzing/new_test_raw_data/raw_v2/Broadband_Data_2026.03.26_21.49.00.bin,ns,28,56.0,58.0,0.25,0.9450191259384155,0.06448892503976822,5,"[0.096, 0.468, 0.908, 1.052, 1.932]","[56.096, 56.468, 56.908, 57.052, 57.932]",model_verified,5,"[0.096, 0.468, 0.908, 1.052, 1.932]","[56.096, 56.468, 56.908, 57.052, 57.932]",,
Broadband_Data_2026.03.26_21.49.00_ns_seg029,/home/s_grudinin/code/university/vlf_analyzing/new_test_raw_data/raw_v2/Broadband_Data_2026.03.26_21.49.00.bin,ns,29,58.0,60.0,0.25,0.9783287048339844,0.048614777624607086,4,"[0.342, 0.458, 1.408, 1.904]","[58.342, 58.458, 59.408, 59.904]",model_verified,4,"[0.342, 0.458, 1.408, 1.904]","[58.342, 58.458, 59.408, 59.904]",,
Broadband_Data_2026.03.26_21.49.00_we_seg000,/home/s_grudinin/code/university/vlf_analyzing/new_test_raw_data/raw_v2/Broadband_Data_2026.03.26_21.49.00.bin,we,0,0.0,2.0,0.25,0.9986351132392883,0.0398733951151371,1,[1.0],[1.0],manual_corrected,0,[],[],,
Broadband_Data_2026.03.26_21.49.00_we_seg001,/home/s_grudinin/code/university/vlf_analyzing/new_test_raw_data/raw_v2/Broadband_Data_2026.03.26_21.49.00.bin,we,1,2.0,4.0,0.25,0.9985874891281128,0.039772193878889084,1,[1.0],[3.0],manual_corrected,0,[],[],,
Broadband_Data_2026.03.26_21.49.00_we_seg002,/home/s_grudinin/code/university/vlf_analyzing/new_test_raw_data/raw_v2/Broadband_Data_2026.03.26_21.49.00.bin,we,2,4.0,6.0,0.25,0.9986452460289001,0.04031587019562721,1,[1.0],[5.0],model_verified,1,[1.0],[5.0],,
Broadband_Data_2026.03.26_21.49.00_we_seg003,/home/s_grudinin/code/university/vlf_analyzing/new_test_raw_data/raw_v2/Broadband_Data_2026.03.26_21.49.00.bin,we,3,6.0,8.0,0.25,0.9986055493354797,0.044064633548259735,2,"[0.392, 1.0]","[6.392, 7.0]",model_verified,2,"[0.392, 1.0]","[6.392, 7.0]",,
Broadband_Data_2026.03.26_21.49.00_we_seg004,/home/s_grudinin/code/university/vlf_analyzing/new_test_raw_data/raw_v2/Broadband_Data_2026.03.26_21.49.00.bin,we,4,8.0,10.0,0.25,0.9986101388931274,0.04858095198869705,3,"[0.354, 1.0, 1.678]","[8.354, 9.0, 9.678]",model_verified,3,"[0.354, 1.0, 1.678]","[8.354, 9.0, 9.678]",,
Broadband_Data_2026.03.26_21.49.00_we_seg005,/home/s_grudinin/code/university/vlf_analyzing/new_test_raw_data/raw_v2/Broadband_Data_2026.03.26_21.49.00.bin,we,5,10.0,12.0,0.25,0.9985964894294739,0.04201763868331909,1,[1.0],[11.0],model_verified,1,[1.0],[11.0],,
Broadband_Data_2026.03.26_21.49.00_we_seg006,/home/s_grudinin/code/university/vlf_analyzing/new_test_raw_data/raw_v2/Broadband_Data_2026.03.26_21.49.00.bin,we,6,12.0,14.0,0.25,0.9987117052078247,0.04093857482075691,1,[1.0],[13.0],model_verified,1,[1.0],[13.0],,
Broadband_Data_2026.03.26_21.49.00_we_seg007,/home/s_grudinin/code/university/vlf_analyzing/new_test_raw_data/raw_v2/Broadband_Data_2026.03.26_21.49.00.bin,we,7,14.0,16.0,0.25,0.9982646107673645,0.05521363392472267,3,"[1.0, 1.426, 1.67]","[15.0, 15.426, 15.67]",model_verified,3,"[1.0, 1.426, 1.67]","[15.0, 15.426, 15.67]",,
Broadband_Data_2026.03.26_21.49.00_we_seg008,/home/s_grudinin/code/university/vlf_analyzing/new_test_raw_data/raw_v2/Broadband_Data_2026.03.26_21.49.00.bin,we,8,16.0,18.0,0.25,0.9986729621887207,0.040591996163129807,1,[1.0],[17.0],model_verified,1,[1.0],[17.0],,
Broadband_Data_2026.03.26_21.49.00_we_seg009,/home/s_grudinin/code/university/vlf_analyzing/new_test_raw_data/raw_v2/Broadband_Data_2026.03.26_21.49.00.bin,we,9,18.0,20.0,0.25,0.9985007047653198,0.05759407579898834,3,"[0.08, 0.468, 1.0]","[18.08, 18.468, 19.0]",model_verified,3,"[0.08, 0.468, 1.0]","[18.08, 18.468, 19.0]",,
Broadband_Data_2026.03.26_21.49.00_we_seg010,/home/s_grudinin/code/university/vlf_analyzing/new_test_raw_data/raw_v2/Broadband_Data_2026.03.26_21.49.00.bin,we,10,20.0,22.0,0.25,0.9986310601234436,0.0561080276966095,4,"[0.592, 0.774, 0.81, 1.0]","[20.592, 20.774, 20.81, 21.0]",model_verified,4,"[0.592, 0.774, 0.81, 1.0]","[20.592, 20.774, 20.81, 21.0]",,
Broadband_Data_2026.03.26_21.49.00_we_seg011,/home/s_grudinin/code/university/vlf_analyzing/new_test_raw_data/raw_v2/Broadband_Data_2026.03.26_21.49.00.bin,we,11,22.0,24.0,0.25,0.9987334609031677,0.04009344056248665,1,[1.0],[23.0],model_verified,1,[1.0],[23.0],,
Broadband_Data_2026.03.26_21.49.00_we_seg012,/home/s_grudinin/code/university/vlf_analyzing/new_test_raw_data/raw_v2/Broadband_Data_2026.03.26_21.49.00.bin,we,12,24.0,26.0,0.25,0.9986777901649475,0.04384269937872887,2,"[1.0, 1.352]","[25.0, 25.352]",manual_corrected,1,[0.993669],[24.993669],,
Broadband_Data_2026.03.26_21.49.00_we_seg013,/home/s_grudinin/code/university/vlf_analyzing/new_test_raw_data/raw_v2/Broadband_Data_2026.03.26_21.49.00.bin,we,13,26.0,28.0,0.25,0.9986679553985596,0.05264673009514809,3,"[0.642, 1.0, 1.906]","[26.642, 27.0, 27.906]",model_verified,3,"[0.642, 1.0, 1.906]","[26.642, 27.0, 27.906]",,
Broadband_Data_2026.03.26_21.49.00_we_seg014,/home/s_grudinin/code/university/vlf_analyzing/new_test_raw_data/raw_v2/Broadband_Data_2026.03.26_21.49.00.bin,we,14,28.0,30.0,0.25,0.9987370371818542,0.04036025330424309,1,[1.0],[29.0],model_verified,1,[1.0],[29.0],,
Broadband_Data_2026.03.26_21.49.00_we_seg015,/home/s_grudinin/code/university/vlf_analyzing/new_test_raw_data/raw_v2/Broadband_Data_2026.03.26_21.49.00.bin,we,15,30.0,32.0,0.25,0.998816967010498,0.040787145495414734,1,[1.0],[31.0],model_verified,1,[1.0],[31.0],,
Broadband_Data_2026.03.26_21.49.00_we_seg016,/home/s_grudinin/code/university/vlf_analyzing/new_test_raw_data/raw_v2/Broadband_Data_2026.03.26_21.49.00.bin,we,16,32.0,34.0,0.25,0.9985640645027161,0.03829190507531166,1,[1.0],[33.0],model_verified,1,[1.0],[33.0],,
Broadband_Data_2026.03.26_21.49.00_we_seg017,/home/s_grudinin/code/university/vlf_analyzing/new_test_raw_data/raw_v2/Broadband_Data_2026.03.26_21.49.00.bin,we,17,34.0,36.0,0.25,0.9987271428108215,0.051984235644340515,2,"[0.158, 1.0]","[34.158, 35.0]",model_verified,2,"[0.158, 1.0]","[34.158, 35.0]",,
Broadband_Data_2026.03.26_21.49.00_we_seg018,/home/s_grudinin/code/university/vlf_analyzing/new_test_raw_data/raw_v2/Broadband_Data_2026.03.26_21.49.00.bin,we,18,36.0,38.0,0.25,0.9986119270324707,0.04044877737760544,1,[1.0],[37.0],model_verified,1,[1.0],[37.0],,
Broadband_Data_2026.03.26_21.49.00_we_seg019,/home/s_grudinin/code/university/vlf_analyzing/new_test_raw_data/raw_v2/Broadband_Data_2026.03.26_21.49.00.bin,we,19,38.0,40.0,0.25,0.9985561966896057,0.052683260291814804,5,"[0.586, 0.918, 1.0, 1.262, 1.548]","[38.586, 38.918, 39.0, 39.262, 39.548]",model_verified,5,"[0.586, 0.918, 1.0, 1.262, 1.548]","[38.586, 38.918, 39.0, 39.262, 39.548]",,
Broadband_Data_2026.03.26_21.49.00_we_seg020,/home/s_grudinin/code/university/vlf_analyzing/new_test_raw_data/raw_v2/Broadband_Data_2026.03.26_21.49.00.bin,we,20,40.0,42.0,0.25,0.9985257983207703,0.048692505806684494,2,"[0.076, 1.0]","[40.076, 41.0]",model_verified,2,"[0.076, 1.0]","[40.076, 41.0]",,
Broadband_Data_2026.03.26_21.49.00_we_seg021,/home/s_grudinin/code/university/vlf_analyzing/new_test_raw_data/raw_v2/Broadband_Data_2026.03.26_21.49.00.bin,we,21,42.0,44.0,0.25,0.9985963702201843,0.03863201290369034,1,[1.0],[43.0],model_verified,1,[1.0],[43.0],,
Broadband_Data_2026.03.26_21.49.00_we_seg022,/home/s_grudinin/code/university/vlf_analyzing/new_test_raw_data/raw_v2/Broadband_Data_2026.03.26_21.49.00.bin,we,22,44.0,46.0,0.25,0.998576283454895,0.041316721588373184,2,"[1.0, 1.664]","[45.0, 45.664]",model_verified,2,"[1.0, 1.664]","[45.0, 45.664]",,
Broadband_Data_2026.03.26_21.49.00_we_seg023,/home/s_grudinin/code/university/vlf_analyzing/new_test_raw_data/raw_v2/Broadband_Data_2026.03.26_21.49.00.bin,we,23,46.0,48.0,0.25,0.9984959363937378,0.04166664928197861,2,"[1.0, 1.984]","[47.0, 47.984]",model_verified,2,"[1.0, 1.984]","[47.0, 47.984]",,
Broadband_Data_2026.03.26_21.49.00_we_seg024,/home/s_grudinin/code/university/vlf_analyzing/new_test_raw_data/raw_v2/Broadband_Data_2026.03.26_21.49.00.bin,we,24,48.0,50.0,0.25,0.9983830451965332,0.056396909058094025,4,"[0.61, 1.0, 1.232, 1.436]","[48.61, 49.0, 49.232, 49.436]",model_verified,4,"[0.61, 1.0, 1.232, 1.436]","[48.61, 49.0, 49.232, 49.436]",,
Broadband_Data_2026.03.26_21.49.00_we_seg025,/home/s_grudinin/code/university/vlf_analyzing/new_test_raw_data/raw_v2/Broadband_Data_2026.03.26_21.49.00.bin,we,25,50.0,52.0,0.25,0.998478353023529,0.04137744754552841,2,"[0.238, 1.0]","[50.238, 51.0]",model_verified,2,"[0.238, 1.0]","[50.238, 51.0]",,
Broadband_Data_2026.03.26_21.49.00_we_seg026,/home/s_grudinin/code/university/vlf_analyzing/new_test_raw_data/raw_v2/Broadband_Data_2026.03.26_21.49.00.bin,we,26,52.0,54.0,0.25,0.9986131191253662,0.038704097270965576,1,[1.0],[53.0],model_verified,1,[1.0],[53.0],,
Broadband_Data_2026.03.26_21.49.00_we_seg027,/home/s_grudinin/code/university/vlf_analyzing/new_test_raw_data/raw_v2/Broadband_Data_2026.03.26_21.49.00.bin,we,27,54.0,56.0,0.25,0.9984409213066101,0.05344141274690628,3,"[0.922, 1.0, 1.96]","[54.922, 55.0, 55.96]",model_verified,3,"[0.922, 1.0, 1.96]","[54.922, 55.0, 55.96]",,
Broadband_Data_2026.03.26_21.49.00_we_seg028,/home/s_grudinin/code/university/vlf_analyzing/new_test_raw_data/raw_v2/Broadband_Data_2026.03.26_21.49.00.bin,we,28,56.0,58.0,0.25,0.9986298084259033,0.04839446768164635,2,"[0.452, 1.0]","[56.452, 57.0]",model_verified,2,"[0.452, 1.0]","[56.452, 57.0]",,
Broadband_Data_2026.03.26_21.49.00_we_seg029,/home/s_grudinin/code/university/vlf_analyzing/new_test_raw_data/raw_v2/Broadband_Data_2026.03.26_21.49.00.bin,we,29,58.0,60.0,0.25,0.9987228512763977,0.03796377032995224,1,[1.0],[59.0],model_verified,1,[1.0],[59.0],,
Broadband_Data_2026.03.26_21.50.00_ns_seg000,/home/s_grudinin/code/university/vlf_analyzing/new_test_raw_data/raw_v2/Broadband_Data_2026.03.26_21.50.00.bin,ns,0,0.0,2.0,0.25,0.9636182188987732,0.04903083294630051,3,"[0.082, 0.61, 0.664]","[0.082, 0.61, 0.664]",model_verified,3,"[0.082, 0.61, 0.664]","[0.082, 0.61, 0.664]",,
Broadband_Data_2026.03.26_21.50.00_ns_seg001,/home/s_grudinin/code/university/vlf_analyzing/new_test_raw_data/raw_v2/Broadband_Data_2026.03.26_21.50.00.bin,ns,1,2.0,4.0,0.25,0.8117976784706116,0.04546327888965607,3,"[0.144, 0.788, 1.054]","[2.144, 2.788, 3.054]",model_verified,3,"[0.144, 0.788, 1.054]","[2.144, 2.788, 3.054]",,
Broadband_Data_2026.03.26_21.50.00_ns_seg002,/home/s_grudinin/code/university/vlf_analyzing/new_test_raw_data/raw_v2/Broadband_Data_2026.03.26_21.50.00.bin,ns,2,4.0,6.0,0.25,0.9393315315246582,0.04933681711554527,3,"[0.172, 0.828, 1.252]","[4.172, 4.828, 5.252]",model_verified,3,"[0.172, 0.828, 1.252]","[4.172, 4.828, 5.252]",,
Broadband_Data_2026.03.26_21.50.00_ns_seg003,/home/s_grudinin/code/university/vlf_analyzing/new_test_raw_data/raw_v2/Broadband_Data_2026.03.26_21.50.00.bin,ns,3,6.0,8.0,0.25,0.7515265345573425,0.04458065330982208,2,"[1.52, 1.802]","[7.52, 7.802]",model_verified,2,"[1.52, 1.802]","[7.52, 7.802]",,
Broadband_Data_2026.03.26_21.50.00_ns_seg004,/home/s_grudinin/code/university/vlf_analyzing/new_test_raw_data/raw_v2/Broadband_Data_2026.03.26_21.50.00.bin,ns,4,8.0,10.0,0.25,0.8671480417251587,0.04775893688201904,3,"[0.624, 1.354, 1.692]","[8.624, 9.354, 9.692]",model_verified,3,"[0.624, 1.354, 1.692]","[8.624, 9.354, 9.692]",,
Broadband_Data_2026.03.26_21.50.00_ns_seg005,/home/s_grudinin/code/university/vlf_analyzing/new_test_raw_data/raw_v2/Broadband_Data_2026.03.26_21.50.00.bin,ns,5,10.0,12.0,0.25,0.8852578997612,0.05374336987733841,4,"[0.616, 0.882, 0.97, 1.144]","[10.616, 10.882, 10.97, 11.144]",model_verified,4,"[0.616, 0.882, 0.97, 1.144]","[10.616, 10.882, 10.97, 11.144]",,
Broadband_Data_2026.03.26_21.50.00_ns_seg006,/home/s_grudinin/code/university/vlf_analyzing/new_test_raw_data/raw_v2/Broadband_Data_2026.03.26_21.50.00.bin,ns,6,12.0,14.0,0.25,0.2227274775505066,0.03388442471623421,0,[],[],model_verified,0,[],[],,
Broadband_Data_2026.03.26_21.50.00_ns_seg007,/home/s_grudinin/code/university/vlf_analyzing/new_test_raw_data/raw_v2/Broadband_Data_2026.03.26_21.50.00.bin,ns,7,14.0,16.0,0.25,0.5306740403175354,0.04453366994857788,2,"[1.18, 1.612]","[15.18, 15.612]",model_verified,2,"[1.18, 1.612]","[15.18, 15.612]",,
Broadband_Data_2026.03.26_21.50.00_ns_seg008,/home/s_grudinin/code/university/vlf_analyzing/new_test_raw_data/raw_v2/Broadband_Data_2026.03.26_21.50.00.bin,ns,8,16.0,18.0,0.25,0.4627736508846283,0.038147009909152985,3,"[0.732, 1.506, 1.972]","[16.732, 17.506, 17.972]",manual_corrected,0,[],[],,
Broadband_Data_2026.03.26_21.50.00_ns_seg009,/home/s_grudinin/code/university/vlf_analyzing/new_test_raw_data/raw_v2/Broadband_Data_2026.03.26_21.50.00.bin,ns,9,18.0,20.0,0.25,0.25780126452445984,0.0360892154276371,1,[0.748],[18.748],manual_corrected,0,[],[],,
Broadband_Data_2026.03.26_21.50.00_ns_seg010,/home/s_grudinin/code/university/vlf_analyzing/new_test_raw_data/raw_v2/Broadband_Data_2026.03.26_21.50.00.bin,ns,10,20.0,22.0,0.25,0.3317459225654602,0.03813890367746353,1,[0.678],[20.678],manual_corrected,0,[],[],,
Broadband_Data_2026.03.26_21.50.00_ns_seg011,/home/s_grudinin/code/university/vlf_analyzing/new_test_raw_data/raw_v2/Broadband_Data_2026.03.26_21.50.00.bin,ns,11,22.0,24.0,0.25,0.20835642516613007,0.033453043550252914,0,[],[],model_verified,0,[],[],,
Broadband_Data_2026.03.26_21.50.00_ns_seg012,/home/s_grudinin/code/university/vlf_analyzing/new_test_raw_data/raw_v2/Broadband_Data_2026.03.26_21.50.00.bin,ns,12,24.0,26.0,0.25,0.9626549482345581,0.048356421291828156,2,"[0.772, 0.876]","[24.772, 24.876]",model_verified,2,"[0.772, 0.876]","[24.772, 24.876]",,
Broadband_Data_2026.03.26_21.50.00_ns_seg013,/home/s_grudinin/code/university/vlf_analyzing/new_test_raw_data/raw_v2/Broadband_Data_2026.03.26_21.50.00.bin,ns,13,26.0,28.0,0.25,0.6185688376426697,0.04702536761760712,3,"[0.694, 1.674, 1.806]","[26.694, 27.674, 27.806]",model_verified,3,"[0.694, 1.674, 1.806]","[26.694, 27.674, 27.806]",,
Broadband_Data_2026.03.26_21.50.00_ns_seg014,/home/s_grudinin/code/university/vlf_analyzing/new_test_raw_data/raw_v2/Broadband_Data_2026.03.26_21.50.00.bin,ns,14,28.0,30.0,0.25,0.889339804649353,0.043750058859586716,2,"[1.068, 1.166]","[29.068, 29.166]",model_verified,2,"[1.068, 1.166]","[29.068, 29.166]",,
Broadband_Data_2026.03.26_21.50.00_ns_seg015,/home/s_grudinin/code/university/vlf_analyzing/new_test_raw_data/raw_v2/Broadband_Data_2026.03.26_21.50.00.bin,ns,15,30.0,32.0,0.25,0.9535523653030396,0.05622030049562454,3,"[0.744, 1.152, 1.268]","[30.744, 31.152, 31.268]",model_verified,3,"[0.744, 1.152, 1.268]","[30.744, 31.152, 31.268]",,
Broadband_Data_2026.03.26_21.50.00_ns_seg016,/home/s_grudinin/code/university/vlf_analyzing/new_test_raw_data/raw_v2/Broadband_Data_2026.03.26_21.50.00.bin,ns,16,32.0,34.0,0.25,0.22029758989810944,0.03648589551448822,0,[],[],model_verified,0,[],[],,
Broadband_Data_2026.03.26_21.50.00_ns_seg017,/home/s_grudinin/code/university/vlf_analyzing/new_test_raw_data/raw_v2/Broadband_Data_2026.03.26_21.50.00.bin,ns,17,34.0,36.0,0.25,0.19926109910011292,0.0358317568898201,0,[],[],model_verified,0,[],[],,
Broadband_Data_2026.03.26_21.50.00_ns_seg018,/home/s_grudinin/code/university/vlf_analyzing/new_test_raw_data/raw_v2/Broadband_Data_2026.03.26_21.50.00.bin,ns,18,36.0,38.0,0.25,0.9017563462257385,0.04135429859161377,1,[1.192],[37.192],model_verified,1,[1.192],[37.192],,
Broadband_Data_2026.03.26_21.50.00_ns_seg019,/home/s_grudinin/code/university/vlf_analyzing/new_test_raw_data/raw_v2/Broadband_Data_2026.03.26_21.50.00.bin,ns,19,38.0,40.0,0.25,0.5911260843276978,0.047890640795230865,4,"[0.19, 0.35, 1.446, 1.66]","[38.19, 38.35, 39.446, 39.66]",model_verified,4,"[0.19, 0.35, 1.446, 1.66]","[38.19, 38.35, 39.446, 39.66]",,
Broadband_Data_2026.03.26_21.50.00_ns_seg020,/home/s_grudinin/code/university/vlf_analyzing/new_test_raw_data/raw_v2/Broadband_Data_2026.03.26_21.50.00.bin,ns,20,40.0,42.0,0.25,0.5734909772872925,0.040960442274808884,1,[1.918],[41.918],model_verified,1,[1.918],[41.918],,
Broadband_Data_2026.03.26_21.50.00_ns_seg021,/home/s_grudinin/code/university/vlf_analyzing/new_test_raw_data/raw_v2/Broadband_Data_2026.03.26_21.50.00.bin,ns,21,42.0,44.0,0.25,0.9639660716056824,0.06107529625296593,4,"[0.108, 0.884, 1.58, 1.952]","[42.108, 42.884, 43.58, 43.952]",model_verified,4,"[0.108, 0.884, 1.58, 1.952]","[42.108, 42.884, 43.58, 43.952]",,
Broadband_Data_2026.03.26_21.50.00_ns_seg022,/home/s_grudinin/code/university/vlf_analyzing/new_test_raw_data/raw_v2/Broadband_Data_2026.03.26_21.50.00.bin,ns,22,44.0,46.0,0.25,0.33765745162963867,0.03898540511727333,1,[1.854],[45.854],model_verified,1,[1.854],[45.854],,
Broadband_Data_2026.03.26_21.50.00_ns_seg023,/home/s_grudinin/code/university/vlf_analyzing/new_test_raw_data/raw_v2/Broadband_Data_2026.03.26_21.50.00.bin,ns,23,46.0,48.0,0.25,0.38955602049827576,0.03684477135539055,1,[0.626],[46.626],model_verified,1,[0.626],[46.626],,
Broadband_Data_2026.03.26_21.50.00_ns_seg024,/home/s_grudinin/code/university/vlf_analyzing/new_test_raw_data/raw_v2/Broadband_Data_2026.03.26_21.50.00.bin,ns,24,48.0,50.0,0.25,0.9834134578704834,0.059365905821323395,5,"[0.504, 0.738, 0.998, 1.188, 1.744]","[48.504, 48.738, 48.998, 49.188, 49.744]",model_verified,5,"[0.504, 0.738, 0.998, 1.188, 1.744]","[48.504, 48.738, 48.998, 49.188, 49.744]",,
Broadband_Data_2026.03.26_21.50.00_ns_seg025,/home/s_grudinin/code/university/vlf_analyzing/new_test_raw_data/raw_v2/Broadband_Data_2026.03.26_21.50.00.bin,ns,25,50.0,52.0,0.25,0.9784073233604431,0.056761834770441055,2,"[1.09, 1.374]","[51.09, 51.374]",model_verified,2,"[1.09, 1.374]","[51.09, 51.374]",,
Broadband_Data_2026.03.26_21.50.00_ns_seg026,/home/s_grudinin/code/university/vlf_analyzing/new_test_raw_data/raw_v2/Broadband_Data_2026.03.26_21.50.00.bin,ns,26,52.0,54.0,0.25,0.9259336590766907,0.0489802248775959,3,"[0.092, 0.73, 1.72]","[52.092, 52.73, 53.72]",model_verified,3,"[0.092, 0.73, 1.72]","[52.092, 52.73, 53.72]",,
Broadband_Data_2026.03.26_21.50.00_ns_seg027,/home/s_grudinin/code/university/vlf_analyzing/new_test_raw_data/raw_v2/Broadband_Data_2026.03.26_21.50.00.bin,ns,27,54.0,56.0,0.25,0.8067003488540649,0.04347715526819229,1,[0.118],[54.118],model_verified,1,[0.118],[54.118],,
Broadband_Data_2026.03.26_21.50.00_ns_seg028,/home/s_grudinin/code/university/vlf_analyzing/new_test_raw_data/raw_v2/Broadband_Data_2026.03.26_21.50.00.bin,ns,28,56.0,58.0,0.25,0.20397597551345825,0.03498334437608719,0,[],[],model_verified,0,[],[],,
Broadband_Data_2026.03.26_21.50.00_ns_seg029,/home/s_grudinin/code/university/vlf_analyzing/new_test_raw_data/raw_v2/Broadband_Data_2026.03.26_21.50.00.bin,ns,29,58.0,60.0,0.25,0.48974698781967163,0.03972090035676956,1,[1.58],[59.58],model_verified,1,[1.58],[59.58],,
Broadband_Data_2026.03.26_21.50.00_we_seg000,/home/s_grudinin/code/university/vlf_analyzing/new_test_raw_data/raw_v2/Broadband_Data_2026.03.26_21.50.00.bin,we,0,0.0,2.0,0.25,0.9983028173446655,0.04036225751042366,2,"[1.0, 1.918]","[1.0, 1.918]",model_verified,2,"[1.0, 1.918]","[1.0, 1.918]",,
Broadband_Data_2026.03.26_21.50.00_we_seg001,/home/s_grudinin/code/university/vlf_analyzing/new_test_raw_data/raw_v2/Broadband_Data_2026.03.26_21.50.00.bin,we,1,2.0,4.0,0.25,0.9985766410827637,0.04662611708045006,3,"[0.142, 1.0, 1.052]","[2.142, 3.0, 3.052]",model_verified,3,"[0.142, 1.0, 1.052]","[2.142, 3.0, 3.052]",,
Broadband_Data_2026.03.26_21.50.00_we_seg002,/home/s_grudinin/code/university/vlf_analyzing/new_test_raw_data/raw_v2/Broadband_Data_2026.03.26_21.50.00.bin,we,2,4.0,6.0,0.25,0.9985257983207703,0.036400776356458664,1,[1.0],[5.0],model_verified,1,[1.0],[5.0],,
Broadband_Data_2026.03.26_21.50.00_we_seg003,/home/s_grudinin/code/university/vlf_analyzing/new_test_raw_data/raw_v2/Broadband_Data_2026.03.26_21.50.00.bin,we,3,6.0,8.0,0.25,0.9982842803001404,0.038771823048591614,1,[1.0],[7.0],model_verified,1,[1.0],[7.0],,
Broadband_Data_2026.03.26_21.50.00_we_seg004,/home/s_grudinin/code/university/vlf_analyzing/new_test_raw_data/raw_v2/Broadband_Data_2026.03.26_21.50.00.bin,we,4,8.0,10.0,0.25,0.9986741542816162,0.04312192648649216,2,"[0.63, 1.0]","[8.63, 9.0]",model_verified,2,"[0.63, 1.0]","[8.63, 9.0]",,
Broadband_Data_2026.03.26_21.50.00_we_seg005,/home/s_grudinin/code/university/vlf_analyzing/new_test_raw_data/raw_v2/Broadband_Data_2026.03.26_21.50.00.bin,we,5,10.0,12.0,0.25,0.9985578656196594,0.035936448723077774,1,[1.0],[11.0],model_verified,1,[1.0],[11.0],,
Broadband_Data_2026.03.26_21.50.00_we_seg006,/home/s_grudinin/code/university/vlf_analyzing/new_test_raw_data/raw_v2/Broadband_Data_2026.03.26_21.50.00.bin,we,6,12.0,14.0,0.25,0.998221218585968,0.03644195571541786,1,[1.0],[13.0],model_verified,1,[1.0],[13.0],,
Broadband_Data_2026.03.26_21.50.00_we_seg007,/home/s_grudinin/code/university/vlf_analyzing/new_test_raw_data/raw_v2/Broadband_Data_2026.03.26_21.50.00.bin,we,7,14.0,16.0,0.25,0.9983713030815125,0.04075867310166359,2,"[1.0, 1.186]","[15.0, 15.186]",model_verified,2,"[1.0, 1.186]","[15.0, 15.186]",,
Broadband_Data_2026.03.26_21.50.00_we_seg008,/home/s_grudinin/code/university/vlf_analyzing/new_test_raw_data/raw_v2/Broadband_Data_2026.03.26_21.50.00.bin,we,8,16.0,18.0,0.25,0.9985677003860474,0.037215184420347214,1,[1.0],[17.0],model_verified,1,[1.0],[17.0],,
Broadband_Data_2026.03.26_21.50.00_we_seg009,/home/s_grudinin/code/university/vlf_analyzing/new_test_raw_data/raw_v2/Broadband_Data_2026.03.26_21.50.00.bin,we,9,18.0,20.0,0.25,0.998216450214386,0.036133237183094025,1,[1.0],[19.0],model_verified,1,[1.0],[19.0],,
Broadband_Data_2026.03.26_21.50.00_we_seg010,/home/s_grudinin/code/university/vlf_analyzing/new_test_raw_data/raw_v2/Broadband_Data_2026.03.26_21.50.00.bin,we,10,20.0,22.0,0.25,0.9983885288238525,0.037258412688970566,1,[1.0],[21.0],model_verified,1,[1.0],[21.0],,
Broadband_Data_2026.03.26_21.50.00_we_seg011,/home/s_grudinin/code/university/vlf_analyzing/new_test_raw_data/raw_v2/Broadband_Data_2026.03.26_21.50.00.bin,we,11,22.0,24.0,0.25,0.9983940720558167,0.03612251207232475,1,[1.0],[23.0],model_verified,1,[1.0],[23.0],,
Broadband_Data_2026.03.26_21.50.00_we_seg012,/home/s_grudinin/code/university/vlf_analyzing/new_test_raw_data/raw_v2/Broadband_Data_2026.03.26_21.50.00.bin,we,12,24.0,26.0,0.25,0.9984272718429565,0.04676595330238342,2,"[1.0, 1.49]","[25.0, 25.49]",model_verified,2,"[1.0, 1.49]","[25.0, 25.49]",,
Broadband_Data_2026.03.26_21.50.00_we_seg013,/home/s_grudinin/code/university/vlf_analyzing/new_test_raw_data/raw_v2/Broadband_Data_2026.03.26_21.50.00.bin,we,13,26.0,28.0,0.25,0.9987218976020813,0.050216492265462875,2,"[1.0, 1.68]","[27.0, 27.68]",model_verified,2,"[1.0, 1.68]","[27.0, 27.68]",,
Broadband_Data_2026.03.26_21.50.00_we_seg014,/home/s_grudinin/code/university/vlf_analyzing/new_test_raw_data/raw_v2/Broadband_Data_2026.03.26_21.50.00.bin,we,14,28.0,30.0,0.25,0.9987247586250305,0.049161653965711594,2,"[1.0, 1.072]","[29.0, 29.072]",model_verified,2,"[1.0, 1.072]","[29.0, 29.072]",,
Broadband_Data_2026.03.26_21.50.00_we_seg015,/home/s_grudinin/code/university/vlf_analyzing/new_test_raw_data/raw_v2/Broadband_Data_2026.03.26_21.50.00.bin,we,15,30.0,32.0,0.25,0.99875807762146,0.042450327426195145,1,[1.0],[31.0],model_verified,1,[1.0],[31.0],,
Broadband_Data_2026.03.26_21.50.00_we_seg016,/home/s_grudinin/code/university/vlf_analyzing/new_test_raw_data/raw_v2/Broadband_Data_2026.03.26_21.50.00.bin,we,16,32.0,34.0,0.25,0.9986568689346313,0.04103439673781395,1,[1.0],[33.0],model_verified,1,[1.0],[33.0],,
Broadband_Data_2026.03.26_21.50.00_we_seg017,/home/s_grudinin/code/university/vlf_analyzing/new_test_raw_data/raw_v2/Broadband_Data_2026.03.26_21.50.00.bin,we,17,34.0,36.0,0.25,0.9987248778343201,0.04028230905532837,1,[1.0],[35.0],model_verified,1,[1.0],[35.0],,
Broadband_Data_2026.03.26_21.50.00_we_seg018,/home/s_grudinin/code/university/vlf_analyzing/new_test_raw_data/raw_v2/Broadband_Data_2026.03.26_21.50.00.bin,we,18,36.0,38.0,0.25,0.9988069534301758,0.04175148159265518,1,[1.0],[37.0],model_verified,1,[1.0],[37.0],,
Broadband_Data_2026.03.26_21.50.00_we_seg019,/home/s_grudinin/code/university/vlf_analyzing/new_test_raw_data/raw_v2/Broadband_Data_2026.03.26_21.50.00.bin,we,19,38.0,40.0,0.25,0.9986758828163147,0.044943131506443024,2,"[0.192, 1.0]","[38.192, 39.0]",model_verified,2,"[0.192, 1.0]","[38.192, 39.0]",,
Broadband_Data_2026.03.26_21.50.00_we_seg020,/home/s_grudinin/code/university/vlf_analyzing/new_test_raw_data/raw_v2/Broadband_Data_2026.03.26_21.50.00.bin,we,20,40.0,42.0,0.25,0.9987738728523254,0.04629632830619812,2,"[1.0, 1.798]","[41.0, 41.798]",model_verified,2,"[1.0, 1.798]","[41.0, 41.798]",,
Broadband_Data_2026.03.26_21.50.00_we_seg021,/home/s_grudinin/code/university/vlf_analyzing/new_test_raw_data/raw_v2/Broadband_Data_2026.03.26_21.50.00.bin,we,21,42.0,44.0,0.25,0.9987539052963257,0.04036114364862442,1,[1.0],[43.0],model_verified,1,[1.0],[43.0],,
Broadband_Data_2026.03.26_21.50.00_we_seg022,/home/s_grudinin/code/university/vlf_analyzing/new_test_raw_data/raw_v2/Broadband_Data_2026.03.26_21.50.00.bin,we,22,44.0,46.0,0.25,0.9988079071044922,0.0447460375726223,2,"[0.83, 1.0]","[44.83, 45.0]",model_verified,2,"[0.83, 1.0]","[44.83, 45.0]",,
Broadband_Data_2026.03.26_21.50.00_we_seg023,/home/s_grudinin/code/university/vlf_analyzing/new_test_raw_data/raw_v2/Broadband_Data_2026.03.26_21.50.00.bin,we,23,46.0,48.0,0.25,0.9987075328826904,0.039920926094055176,1,[1.0],[47.0],model_verified,1,[1.0],[47.0],,
Broadband_Data_2026.03.26_21.50.00_we_seg024,/home/s_grudinin/code/university/vlf_analyzing/new_test_raw_data/raw_v2/Broadband_Data_2026.03.26_21.50.00.bin,we,24,48.0,50.0,0.25,0.9984766840934753,0.06661271303892136,5,"[0.506, 1.0, 1.55, 1.744, 1.778]","[48.506, 49.0, 49.55, 49.744, 49.778]",manual_corrected,3,"[0.508632, 1.00075, 1.740696]","[48.508632, 49.00075, 49.740696]",,
Broadband_Data_2026.03.26_21.50.00_we_seg025,/home/s_grudinin/code/university/vlf_analyzing/new_test_raw_data/raw_v2/Broadband_Data_2026.03.26_21.50.00.bin,we,25,50.0,52.0,0.25,0.99866783618927,0.04983361065387726,2,"[1.0, 1.092]","[51.0, 51.092]",model_verified,2,"[1.0, 1.092]","[51.0, 51.092]",,
Broadband_Data_2026.03.26_21.50.00_we_seg026,/home/s_grudinin/code/university/vlf_analyzing/new_test_raw_data/raw_v2/Broadband_Data_2026.03.26_21.50.00.bin,we,26,52.0,54.0,0.25,0.9987282156944275,0.04804100841283798,2,"[0.546, 1.0]","[52.546, 53.0]",model_verified,2,"[0.546, 1.0]","[52.546, 53.0]",,
Broadband_Data_2026.03.26_21.50.00_we_seg027,/home/s_grudinin/code/university/vlf_analyzing/new_test_raw_data/raw_v2/Broadband_Data_2026.03.26_21.50.00.bin,we,27,54.0,56.0,0.25,0.9986382126808167,0.044094547629356384,1,[1.0],[55.0],model_verified,1,[1.0],[55.0],,
Broadband_Data_2026.03.26_21.50.00_we_seg028,/home/s_grudinin/code/university/vlf_analyzing/new_test_raw_data/raw_v2/Broadband_Data_2026.03.26_21.50.00.bin,we,28,56.0,58.0,0.25,0.9985257983207703,0.04380841553211212,2,"[1.0, 1.558]","[57.0, 57.558]",manual_corrected,1,[0.997209],[56.997209],,
Broadband_Data_2026.03.26_21.50.00_we_seg029,/home/s_grudinin/code/university/vlf_analyzing/new_test_raw_data/raw_v2/Broadband_Data_2026.03.26_21.50.00.bin,we,29,58.0,60.0,0.25,0.9986269474029541,0.046588290482759476,2,"[0.326, 1.0]","[58.326, 59.0]",model_verified,2,"[0.326, 1.0]","[58.326, 59.0]",,
Broadband_Data_2026.03.27_09.59.00_ns_seg000,/home/s_grudinin/code/university/vlf_analyzing/new_test_raw_data/raw_v2/Broadband_Data_2026.03.27_09.59.00.bin,ns,0,0.0,2.0,0.25,0.14332009851932526,0.03646016865968704,0,[],[],model_verified,0,[],[],,
Broadband_Data_2026.03.27_09.59.00_ns_seg001,/home/s_grudinin/code/university/vlf_analyzing/new_test_raw_data/raw_v2/Broadband_Data_2026.03.27_09.59.00.bin,ns,1,2.0,4.0,0.25,0.29201042652130127,0.03743554651737213,2,"[0.532, 0.93]","[2.532, 2.93]",model_verified,2,"[0.532, 0.93]","[2.532, 2.93]",,
Broadband_Data_2026.03.27_09.59.00_ns_seg002,/home/s_grudinin/code/university/vlf_analyzing/new_test_raw_data/raw_v2/Broadband_Data_2026.03.27_09.59.00.bin,ns,2,4.0,6.0,0.25,0.8893595337867737,0.0549185611307621,5,"[0.054, 0.556, 0.638, 0.982, 1.824]","[4.054, 4.556, 4.638, 4.982, 5.824]",model_verified,5,"[0.054, 0.556, 0.638, 0.982, 1.824]","[4.054, 4.556, 4.638, 4.982, 5.824]",,
Broadband_Data_2026.03.27_09.59.00_ns_seg003,/home/s_grudinin/code/university/vlf_analyzing/new_test_raw_data/raw_v2/Broadband_Data_2026.03.27_09.59.00.bin,ns,3,6.0,8.0,0.25,0.970640242099762,0.05669659748673439,3,"[0.828, 1.716, 1.892]","[6.828, 7.716, 7.892]",model_verified,3,"[0.828, 1.716, 1.892]","[6.828, 7.716, 7.892]",,
Broadband_Data_2026.03.27_09.59.00_ns_seg004,/home/s_grudinin/code/university/vlf_analyzing/new_test_raw_data/raw_v2/Broadband_Data_2026.03.27_09.59.00.bin,ns,4,8.0,10.0,0.25,0.9237525463104248,0.04520970582962036,2,"[1.016, 1.822]","[9.016, 9.822]",model_verified,2,"[1.016, 1.822]","[9.016, 9.822]",,
Broadband_Data_2026.03.27_09.59.00_ns_seg005,/home/s_grudinin/code/university/vlf_analyzing/new_test_raw_data/raw_v2/Broadband_Data_2026.03.27_09.59.00.bin,ns,5,10.0,12.0,0.25,0.6282549500465393,0.04352601245045662,2,"[0.19, 0.732]","[10.19, 10.732]",model_verified,2,"[0.19, 0.732]","[10.19, 10.732]",,
Broadband_Data_2026.03.27_09.59.00_ns_seg006,/home/s_grudinin/code/university/vlf_analyzing/new_test_raw_data/raw_v2/Broadband_Data_2026.03.27_09.59.00.bin,ns,6,12.0,14.0,0.25,0.817970335483551,0.04141371324658394,1,[0.496],[12.496],model_verified,1,[0.496],[12.496],,
Broadband_Data_2026.03.27_09.59.00_ns_seg007,/home/s_grudinin/code/university/vlf_analyzing/new_test_raw_data/raw_v2/Broadband_Data_2026.03.27_09.59.00.bin,ns,7,14.0,16.0,0.25,0.3429933786392212,0.039242152124643326,2,"[0.98, 1.538]","[14.98, 15.538]",model_verified,2,"[0.98, 1.538]","[14.98, 15.538]",,
Broadband_Data_2026.03.27_09.59.00_ns_seg008,/home/s_grudinin/code/university/vlf_analyzing/new_test_raw_data/raw_v2/Broadband_Data_2026.03.27_09.59.00.bin,ns,8,16.0,18.0,0.25,0.9273414015769958,0.04280877858400345,1,[0.552],[16.552],model_verified,1,[0.552],[16.552],,
Broadband_Data_2026.03.27_09.59.00_ns_seg009,/home/s_grudinin/code/university/vlf_analyzing/new_test_raw_data/raw_v2/Broadband_Data_2026.03.27_09.59.00.bin,ns,9,18.0,20.0,0.25,0.20822009444236755,0.0371643528342247,0,[],[],model_verified,0,[],[],,
Broadband_Data_2026.03.27_09.59.00_ns_seg010,/home/s_grudinin/code/university/vlf_analyzing/new_test_raw_data/raw_v2/Broadband_Data_2026.03.27_09.59.00.bin,ns,10,20.0,22.0,0.25,0.9870750308036804,0.04983847215771675,3,"[0.136, 0.222, 0.266]","[20.136, 20.222, 20.266]",model_verified,3,"[0.136, 0.222, 0.266]","[20.136, 20.222, 20.266]",,
Broadband_Data_2026.03.27_09.59.00_ns_seg011,/home/s_grudinin/code/university/vlf_analyzing/new_test_raw_data/raw_v2/Broadband_Data_2026.03.27_09.59.00.bin,ns,11,22.0,24.0,0.25,0.9929127097129822,0.042120978236198425,1,[1.652],[23.652],model_verified,1,[1.652],[23.652],,
Broadband_Data_2026.03.27_09.59.00_ns_seg012,/home/s_grudinin/code/university/vlf_analyzing/new_test_raw_data/raw_v2/Broadband_Data_2026.03.27_09.59.00.bin,ns,12,24.0,26.0,0.25,0.8330745100975037,0.04579772427678108,2,"[0.546, 0.706]","[24.546, 24.706]",model_verified,2,"[0.546, 0.706]","[24.546, 24.706]",,
Broadband_Data_2026.03.27_09.59.00_ns_seg013,/home/s_grudinin/code/university/vlf_analyzing/new_test_raw_data/raw_v2/Broadband_Data_2026.03.27_09.59.00.bin,ns,13,26.0,28.0,0.25,0.7627718448638916,0.04549273103475571,3,"[0.078, 0.924, 1.904]","[26.078, 26.924, 27.904]",model_verified,3,"[0.078, 0.924, 1.904]","[26.078, 26.924, 27.904]",,
Broadband_Data_2026.03.27_09.59.00_ns_seg014,/home/s_grudinin/code/university/vlf_analyzing/new_test_raw_data/raw_v2/Broadband_Data_2026.03.27_09.59.00.bin,ns,14,28.0,30.0,0.25,0.20662015676498413,0.033615827560424805,0,[],[],model_verified,0,[],[],,
Broadband_Data_2026.03.27_09.59.00_ns_seg015,/home/s_grudinin/code/university/vlf_analyzing/new_test_raw_data/raw_v2/Broadband_Data_2026.03.27_09.59.00.bin,ns,15,30.0,32.0,0.25,0.23525284230709076,0.033978674560785294,0,[],[],model_verified,0,[],[],,
Broadband_Data_2026.03.27_09.59.00_ns_seg016,/home/s_grudinin/code/university/vlf_analyzing/new_test_raw_data/raw_v2/Broadband_Data_2026.03.27_09.59.00.bin,ns,16,32.0,34.0,0.25,0.8465031385421753,0.06019362434744835,5,"[0.276, 0.814, 0.88, 1.418, 1.968]","[32.276, 32.814, 32.88, 33.418, 33.968]",model_verified,5,"[0.276, 0.814, 0.88, 1.418, 1.968]","[32.276, 32.814, 32.88, 33.418, 33.968]",,
Broadband_Data_2026.03.27_09.59.00_ns_seg017,/home/s_grudinin/code/university/vlf_analyzing/new_test_raw_data/raw_v2/Broadband_Data_2026.03.27_09.59.00.bin,ns,17,34.0,36.0,0.25,0.8571409583091736,0.043729234486818314,2,"[0.018, 1.29]","[34.018, 35.29]",model_verified,2,"[0.018, 1.29]","[34.018, 35.29]",,
Broadband_Data_2026.03.27_09.59.00_ns_seg018,/home/s_grudinin/code/university/vlf_analyzing/new_test_raw_data/raw_v2/Broadband_Data_2026.03.27_09.59.00.bin,ns,18,36.0,38.0,0.25,0.18533609807491302,0.03535469248890877,0,[],[],model_verified,0,[],[],,
Broadband_Data_2026.03.27_09.59.00_ns_seg019,/home/s_grudinin/code/university/vlf_analyzing/new_test_raw_data/raw_v2/Broadband_Data_2026.03.27_09.59.00.bin,ns,19,38.0,40.0,0.25,0.8807241916656494,0.04998856037855148,3,"[0.216, 0.764, 0.938]","[38.216, 38.764, 38.938]",model_verified,3,"[0.216, 0.764, 0.938]","[38.216, 38.764, 38.938]",,
Broadband_Data_2026.03.27_09.59.00_ns_seg020,/home/s_grudinin/code/university/vlf_analyzing/new_test_raw_data/raw_v2/Broadband_Data_2026.03.27_09.59.00.bin,ns,20,40.0,42.0,0.25,0.9619527459144592,0.04242878779768944,1,[1.084],[41.084],model_verified,1,[1.084],[41.084],,
Broadband_Data_2026.03.27_09.59.00_ns_seg021,/home/s_grudinin/code/university/vlf_analyzing/new_test_raw_data/raw_v2/Broadband_Data_2026.03.27_09.59.00.bin,ns,21,42.0,44.0,0.25,0.3724122941493988,0.0356777124106884,2,"[1.196, 1.98]","[43.196, 43.98]",model_verified,2,"[1.196, 1.98]","[43.196, 43.98]",,
Broadband_Data_2026.03.27_09.59.00_ns_seg022,/home/s_grudinin/code/university/vlf_analyzing/new_test_raw_data/raw_v2/Broadband_Data_2026.03.27_09.59.00.bin,ns,22,44.0,46.0,0.25,0.969145655632019,0.05681838095188141,3,"[0.164, 1.404, 1.594]","[44.164, 45.404, 45.594]",model_verified,3,"[0.164, 1.404, 1.594]","[44.164, 45.404, 45.594]",,
Broadband_Data_2026.03.27_09.59.00_ns_seg023,/home/s_grudinin/code/university/vlf_analyzing/new_test_raw_data/raw_v2/Broadband_Data_2026.03.27_09.59.00.bin,ns,23,46.0,48.0,0.25,0.46795666217803955,0.04347934201359749,2,"[1.014, 1.426]","[47.014, 47.426]",model_verified,2,"[1.014, 1.426]","[47.014, 47.426]",,
Broadband_Data_2026.03.27_09.59.00_ns_seg024,/home/s_grudinin/code/university/vlf_analyzing/new_test_raw_data/raw_v2/Broadband_Data_2026.03.27_09.59.00.bin,ns,24,48.0,50.0,0.25,0.782383143901825,0.04472099989652634,3,"[0.772, 1.398, 1.524]","[48.772, 49.398, 49.524]",manual_corrected,2,"[1.400817, 1.524731]","[49.400817, 49.524731]",,
Broadband_Data_2026.03.27_09.59.00_ns_seg025,/home/s_grudinin/code/university/vlf_analyzing/new_test_raw_data/raw_v2/Broadband_Data_2026.03.27_09.59.00.bin,ns,25,50.0,52.0,0.25,0.7876853346824646,0.04658503085374832,3,"[0.298, 0.434, 1.814]","[50.298, 50.434, 51.814]",model_verified,3,"[0.298, 0.434, 1.814]","[50.298, 50.434, 51.814]",,
Broadband_Data_2026.03.27_09.59.00_ns_seg026,/home/s_grudinin/code/university/vlf_analyzing/new_test_raw_data/raw_v2/Broadband_Data_2026.03.27_09.59.00.bin,ns,26,52.0,54.0,0.25,0.6967108845710754,0.04888010770082474,5,"[0.682, 1.348, 1.504, 1.61, 1.83]","[52.682, 53.348, 53.504, 53.61, 53.83]",model_verified,5,"[0.682, 1.348, 1.504, 1.61, 1.83]","[52.682, 53.348, 53.504, 53.61, 53.83]",,
Broadband_Data_2026.03.27_09.59.00_ns_seg027,/home/s_grudinin/code/university/vlf_analyzing/new_test_raw_data/raw_v2/Broadband_Data_2026.03.27_09.59.00.bin,ns,27,54.0,56.0,0.25,0.7383025288581848,0.05195792764425278,4,"[0.216, 0.25, 0.392, 1.794]","[54.216, 54.25, 54.392, 55.794]",model_verified,4,"[0.216, 0.25, 0.392, 1.794]","[54.216, 54.25, 54.392, 55.794]",,
Broadband_Data_2026.03.27_09.59.00_ns_seg028,/home/s_grudinin/code/university/vlf_analyzing/new_test_raw_data/raw_v2/Broadband_Data_2026.03.27_09.59.00.bin,ns,28,56.0,58.0,0.25,0.3796516954898834,0.03739522397518158,1,[0.446],[56.446],manual_corrected,0,[],[],,
Broadband_Data_2026.03.27_09.59.00_ns_seg029,/home/s_grudinin/code/university/vlf_analyzing/new_test_raw_data/raw_v2/Broadband_Data_2026.03.27_09.59.00.bin,ns,29,58.0,60.0,0.25,0.528166651725769,0.042196448892354965,2,"[1.204, 1.28]","[59.204, 59.28]",model_verified,2,"[1.204, 1.28]","[59.204, 59.28]",,
Broadband_Data_2026.03.27_09.59.00_we_seg000,/home/s_grudinin/code/university/vlf_analyzing/new_test_raw_data/raw_v2/Broadband_Data_2026.03.27_09.59.00.bin,we,0,0.0,2.0,0.25,0.9982694387435913,0.04644903913140297,1,[1.0],[1.0],manual_corrected,0,[],[],,
Broadband_Data_2026.03.27_09.59.00_we_seg001,/home/s_grudinin/code/university/vlf_analyzing/new_test_raw_data/raw_v2/Broadband_Data_2026.03.27_09.59.00.bin,we,1,2.0,4.0,0.25,0.9983037710189819,0.045619189739227295,1,[1.0],[3.0],model_verified,1,[1.0],[3.0],,
Broadband_Data_2026.03.27_09.59.00_we_seg002,/home/s_grudinin/code/university/vlf_analyzing/new_test_raw_data/raw_v2/Broadband_Data_2026.03.27_09.59.00.bin,we,2,4.0,6.0,0.25,0.9983861446380615,0.06124023348093033,3,"[0.054, 1.0, 1.83]","[4.054, 5.0, 5.83]",model_verified,3,"[0.054, 1.0, 1.83]","[4.054, 5.0, 5.83]",,
Broadband_Data_2026.03.27_09.59.00_we_seg003,/home/s_grudinin/code/university/vlf_analyzing/new_test_raw_data/raw_v2/Broadband_Data_2026.03.27_09.59.00.bin,we,3,6.0,8.0,0.25,0.9984403252601624,0.055379513651132584,3,"[1.0, 1.206, 1.888]","[7.0, 7.206, 7.888]",model_verified,3,"[1.0, 1.206, 1.888]","[7.0, 7.206, 7.888]",,
Broadband_Data_2026.03.27_09.59.00_we_seg004,/home/s_grudinin/code/university/vlf_analyzing/new_test_raw_data/raw_v2/Broadband_Data_2026.03.27_09.59.00.bin,we,4,8.0,10.0,0.25,0.9982705116271973,0.04657381772994995,2,"[1.0, 1.966]","[9.0, 9.966]",model_verified,2,"[1.0, 1.966]","[9.0, 9.966]",,
Broadband_Data_2026.03.27_09.59.00_we_seg005,/home/s_grudinin/code/university/vlf_analyzing/new_test_raw_data/raw_v2/Broadband_Data_2026.03.27_09.59.00.bin,we,5,10.0,12.0,0.25,0.9982671737670898,0.04469531029462814,1,[1.0],[11.0],model_verified,1,[1.0],[11.0],,
Broadband_Data_2026.03.27_09.59.00_we_seg006,/home/s_grudinin/code/university/vlf_analyzing/new_test_raw_data/raw_v2/Broadband_Data_2026.03.27_09.59.00.bin,we,6,12.0,14.0,0.25,0.9984714388847351,0.045827534049749374,1,[1.0],[13.0],model_verified,1,[1.0],[13.0],,
Broadband_Data_2026.03.27_09.59.00_we_seg007,/home/s_grudinin/code/university/vlf_analyzing/new_test_raw_data/raw_v2/Broadband_Data_2026.03.27_09.59.00.bin,we,7,14.0,16.0,0.25,0.9983339905738831,0.05540364980697632,2,"[1.0, 1.29]","[15.0, 15.29]",model_verified,2,"[1.0, 1.29]","[15.0, 15.29]",,
Broadband_Data_2026.03.27_09.59.00_we_seg008,/home/s_grudinin/code/university/vlf_analyzing/new_test_raw_data/raw_v2/Broadband_Data_2026.03.27_09.59.00.bin,we,8,16.0,18.0,0.25,0.9981208443641663,0.04427914321422577,1,[1.0],[17.0],model_verified,1,[1.0],[17.0],,
Broadband_Data_2026.03.27_09.59.00_we_seg009,/home/s_grudinin/code/university/vlf_analyzing/new_test_raw_data/raw_v2/Broadband_Data_2026.03.27_09.59.00.bin,we,9,18.0,20.0,0.25,0.9982253909111023,0.044474951922893524,1,[1.0],[19.0],model_verified,1,[1.0],[19.0],,
Broadband_Data_2026.03.27_09.59.00_we_seg010,/home/s_grudinin/code/university/vlf_analyzing/new_test_raw_data/raw_v2/Broadband_Data_2026.03.27_09.59.00.bin,we,10,20.0,22.0,0.25,0.9982149600982666,0.05147341266274452,2,"[0.138, 1.0]","[20.138, 21.0]",model_verified,2,"[0.138, 1.0]","[20.138, 21.0]",,
Broadband_Data_2026.03.27_09.59.00_we_seg011,/home/s_grudinin/code/university/vlf_analyzing/new_test_raw_data/raw_v2/Broadband_Data_2026.03.27_09.59.00.bin,we,11,22.0,24.0,0.25,0.9985319375991821,0.05219912528991699,2,"[1.0, 1.654]","[23.0, 23.654]",model_verified,2,"[1.0, 1.654]","[23.0, 23.654]",,
Broadband_Data_2026.03.27_09.59.00_we_seg012,/home/s_grudinin/code/university/vlf_analyzing/new_test_raw_data/raw_v2/Broadband_Data_2026.03.27_09.59.00.bin,we,12,24.0,26.0,0.25,0.9982104301452637,0.046306561678647995,1,[1.0],[25.0],model_verified,1,[1.0],[25.0],,
Broadband_Data_2026.03.27_09.59.00_we_seg013,/home/s_grudinin/code/university/vlf_analyzing/new_test_raw_data/raw_v2/Broadband_Data_2026.03.27_09.59.00.bin,we,13,26.0,28.0,0.25,0.9984778761863708,0.047088611871004105,2,"[1.0, 1.582]","[27.0, 27.582]",model_verified,2,"[1.0, 1.582]","[27.0, 27.582]",,
Broadband_Data_2026.03.27_09.59.00_we_seg014,/home/s_grudinin/code/university/vlf_analyzing/new_test_raw_data/raw_v2/Broadband_Data_2026.03.27_09.59.00.bin,we,14,28.0,30.0,0.25,0.998544454574585,0.04394761472940445,1,[1.0],[29.0],model_verified,1,[1.0],[29.0],,
Broadband_Data_2026.03.27_09.59.00_we_seg015,/home/s_grudinin/code/university/vlf_analyzing/new_test_raw_data/raw_v2/Broadband_Data_2026.03.27_09.59.00.bin,we,15,30.0,32.0,0.25,0.9984521865844727,0.04366696625947952,1,[1.0],[31.0],model_verified,1,[1.0],[31.0],,
Broadband_Data_2026.03.27_09.59.00_we_seg016,/home/s_grudinin/code/university/vlf_analyzing/new_test_raw_data/raw_v2/Broadband_Data_2026.03.27_09.59.00.bin,we,16,32.0,34.0,0.25,0.9984294772148132,0.04436955973505974,1,[1.0],[33.0],model_verified,1,[1.0],[33.0],,
Broadband_Data_2026.03.27_09.59.00_we_seg017,/home/s_grudinin/code/university/vlf_analyzing/new_test_raw_data/raw_v2/Broadband_Data_2026.03.27_09.59.00.bin,we,17,34.0,36.0,0.25,0.9983038902282715,0.04445319622755051,1,[1.0],[35.0],model_verified,1,[1.0],[35.0],,
Broadband_Data_2026.03.27_09.59.00_we_seg018,/home/s_grudinin/code/university/vlf_analyzing/new_test_raw_data/raw_v2/Broadband_Data_2026.03.27_09.59.00.bin,we,18,36.0,38.0,0.25,0.9983046054840088,0.04644045978784561,1,[1.0],[37.0],model_verified,1,[1.0],[37.0],,
Broadband_Data_2026.03.27_09.59.00_we_seg019,/home/s_grudinin/code/university/vlf_analyzing/new_test_raw_data/raw_v2/Broadband_Data_2026.03.27_09.59.00.bin,we,19,38.0,40.0,0.25,0.9984733462333679,0.04563505947589874,1,[1.0],[39.0],model_verified,1,[1.0],[39.0],,
Broadband_Data_2026.03.27_09.59.00_we_seg020,/home/s_grudinin/code/university/vlf_analyzing/new_test_raw_data/raw_v2/Broadband_Data_2026.03.27_09.59.00.bin,we,20,40.0,42.0,0.25,0.9981379508972168,0.05057062953710556,2,"[0.348, 1.0]","[40.348, 41.0]",model_verified,2,"[0.348, 1.0]","[40.348, 41.0]",,
Broadband_Data_2026.03.27_09.59.00_we_seg021,/home/s_grudinin/code/university/vlf_analyzing/new_test_raw_data/raw_v2/Broadband_Data_2026.03.27_09.59.00.bin,we,21,42.0,44.0,0.25,0.9983088970184326,0.046433225274086,1,[1.0],[43.0],model_verified,1,[1.0],[43.0],,
Broadband_Data_2026.03.27_09.59.00_we_seg022,/home/s_grudinin/code/university/vlf_analyzing/new_test_raw_data/raw_v2/Broadband_Data_2026.03.27_09.59.00.bin,we,22,44.0,46.0,0.25,0.9981139898300171,0.05262571573257446,2,"[1.0, 1.4]","[45.0, 45.4]",model_verified,2,"[1.0, 1.4]","[45.0, 45.4]",,
Broadband_Data_2026.03.27_09.59.00_we_seg023,/home/s_grudinin/code/university/vlf_analyzing/new_test_raw_data/raw_v2/Broadband_Data_2026.03.27_09.59.00.bin,we,23,46.0,48.0,0.25,0.9979752898216248,0.04488406702876091,1,[1.0],[47.0],model_verified,1,[1.0],[47.0],,
Broadband_Data_2026.03.27_09.59.00_we_seg024,/home/s_grudinin/code/university/vlf_analyzing/new_test_raw_data/raw_v2/Broadband_Data_2026.03.27_09.59.00.bin,we,24,48.0,50.0,0.25,0.99837327003479,0.04444931447505951,1,[1.0],[49.0],model_verified,1,[1.0],[49.0],,
Broadband_Data_2026.03.27_09.59.00_we_seg025,/home/s_grudinin/code/university/vlf_analyzing/new_test_raw_data/raw_v2/Broadband_Data_2026.03.27_09.59.00.bin,we,25,50.0,52.0,0.25,0.9983175992965698,0.044351235032081604,1,[1.0],[51.0],model_verified,1,[1.0],[51.0],,
Broadband_Data_2026.03.27_09.59.00_we_seg026,/home/s_grudinin/code/university/vlf_analyzing/new_test_raw_data/raw_v2/Broadband_Data_2026.03.27_09.59.00.bin,we,26,52.0,54.0,0.25,0.9982798099517822,0.044676437973976135,1,[1.0],[53.0],model_verified,1,[1.0],[53.0],,
Broadband_Data_2026.03.27_09.59.00_we_seg027,/home/s_grudinin/code/university/vlf_analyzing/new_test_raw_data/raw_v2/Broadband_Data_2026.03.27_09.59.00.bin,we,27,54.0,56.0,0.25,0.9984188079833984,0.04737972840666771,1,[1.0],[55.0],model_verified,1,[1.0],[55.0],,
Broadband_Data_2026.03.27_09.59.00_we_seg028,/home/s_grudinin/code/university/vlf_analyzing/new_test_raw_data/raw_v2/Broadband_Data_2026.03.27_09.59.00.bin,we,28,56.0,58.0,0.25,0.9984986782073975,0.04724593833088875,1,[1.0],[57.0],model_verified,1,[1.0],[57.0],,
Broadband_Data_2026.03.27_09.59.00_we_seg029,/home/s_grudinin/code/university/vlf_analyzing/new_test_raw_data/raw_v2/Broadband_Data_2026.03.27_09.59.00.bin,we,29,58.0,60.0,0.25,0.9985523819923401,0.045805513858795166,1,[1.0],[59.0],model_verified,1,[1.0],[59.0],,
Broadband_Data_2026.03.27_10.00.00_ns_seg000,/home/s_grudinin/code/university/vlf_analyzing/new_test_raw_data/raw_v2/Broadband_Data_2026.03.27_10.00.00.bin,ns,0,0.0,2.0,0.25,0.9767630100250244,0.0661468431353569,4,"[0.69, 1.164, 1.27, 1.304]","[0.69, 1.164, 1.27, 1.304]",model_verified,4,"[0.69, 1.164, 1.27, 1.304]","[0.69, 1.164, 1.27, 1.304]",,
Broadband_Data_2026.03.27_10.00.00_ns_seg001,/home/s_grudinin/code/university/vlf_analyzing/new_test_raw_data/raw_v2/Broadband_Data_2026.03.27_10.00.00.bin,ns,1,2.0,4.0,0.25,0.15540656447410583,0.03319788724184036,0,[],[],model_verified,0,[],[],,
Broadband_Data_2026.03.27_10.00.00_ns_seg002,/home/s_grudinin/code/university/vlf_analyzing/new_test_raw_data/raw_v2/Broadband_Data_2026.03.27_10.00.00.bin,ns,2,4.0,6.0,0.25,0.1615547239780426,0.03494822233915329,0,[],[],model_verified,0,[],[],,
Broadband_Data_2026.03.27_10.00.00_ns_seg003,/home/s_grudinin/code/university/vlf_analyzing/new_test_raw_data/raw_v2/Broadband_Data_2026.03.27_10.00.00.bin,ns,3,6.0,8.0,0.25,0.8226815462112427,0.0474170558154583,3,"[0.468, 0.646, 1.488]","[6.468, 6.646, 7.488]",model_verified,3,"[0.468, 0.646, 1.488]","[6.468, 6.646, 7.488]",,
Broadband_Data_2026.03.27_10.00.00_ns_seg004,/home/s_grudinin/code/university/vlf_analyzing/new_test_raw_data/raw_v2/Broadband_Data_2026.03.27_10.00.00.bin,ns,4,8.0,10.0,0.25,0.44721049070358276,0.040745340287685394,4,"[1.518, 1.63, 1.88, 1.96]","[9.518, 9.63, 9.88, 9.96]",model_verified,4,"[1.518, 1.63, 1.88, 1.96]","[9.518, 9.63, 9.88, 9.96]",,
Broadband_Data_2026.03.27_10.00.00_ns_seg005,/home/s_grudinin/code/university/vlf_analyzing/new_test_raw_data/raw_v2/Broadband_Data_2026.03.27_10.00.00.bin,ns,5,10.0,12.0,0.25,0.954124927520752,0.0495261624455452,2,"[0.832, 1.626]","[10.832, 11.626]",model_verified,2,"[0.832, 1.626]","[10.832, 11.626]",,
Broadband_Data_2026.03.27_10.00.00_ns_seg006,/home/s_grudinin/code/university/vlf_analyzing/new_test_raw_data/raw_v2/Broadband_Data_2026.03.27_10.00.00.bin,ns,6,12.0,14.0,0.25,0.12501242756843567,0.03308410197496414,0,[],[],model_verified,0,[],[],,
Broadband_Data_2026.03.27_10.00.00_ns_seg007,/home/s_grudinin/code/university/vlf_analyzing/new_test_raw_data/raw_v2/Broadband_Data_2026.03.27_10.00.00.bin,ns,7,14.0,16.0,0.25,0.2230837643146515,0.03698514774441719,0,[],[],model_verified,0,[],[],,
Broadband_Data_2026.03.27_10.00.00_ns_seg008,/home/s_grudinin/code/university/vlf_analyzing/new_test_raw_data/raw_v2/Broadband_Data_2026.03.27_10.00.00.bin,ns,8,16.0,18.0,0.25,0.14752265810966492,0.0328826941549778,0,[],[],model_verified,0,[],[],,
Broadband_Data_2026.03.27_10.00.00_ns_seg009,/home/s_grudinin/code/university/vlf_analyzing/new_test_raw_data/raw_v2/Broadband_Data_2026.03.27_10.00.00.bin,ns,9,18.0,20.0,0.25,0.3257083594799042,0.0401049368083477,1,[0.954],[18.954],model_verified,1,[0.954],[18.954],,
Broadband_Data_2026.03.27_10.00.00_ns_seg010,/home/s_grudinin/code/university/vlf_analyzing/new_test_raw_data/raw_v2/Broadband_Data_2026.03.27_10.00.00.bin,ns,10,20.0,22.0,0.25,0.1397751420736313,0.0335598960518837,0,[],[],model_verified,0,[],[],,
Broadband_Data_2026.03.27_10.00.00_ns_seg011,/home/s_grudinin/code/university/vlf_analyzing/new_test_raw_data/raw_v2/Broadband_Data_2026.03.27_10.00.00.bin,ns,11,22.0,24.0,0.25,0.9683176279067993,0.04316219314932823,1,[1.628],[23.628],model_verified,1,[1.628],[23.628],,
Broadband_Data_2026.03.27_10.00.00_ns_seg012,/home/s_grudinin/code/university/vlf_analyzing/new_test_raw_data/raw_v2/Broadband_Data_2026.03.27_10.00.00.bin,ns,12,24.0,26.0,0.25,0.18020828068256378,0.03362613171339035,0,[],[],model_verified,0,[],[],,
Broadband_Data_2026.03.27_10.00.00_ns_seg013,/home/s_grudinin/code/university/vlf_analyzing/new_test_raw_data/raw_v2/Broadband_Data_2026.03.27_10.00.00.bin,ns,13,26.0,28.0,0.25,0.8857267498970032,0.04533126950263977,2,"[0.81, 1.096]","[26.81, 27.096]",model_verified,2,"[0.81, 1.096]","[26.81, 27.096]",,
Broadband_Data_2026.03.27_10.00.00_ns_seg014,/home/s_grudinin/code/university/vlf_analyzing/new_test_raw_data/raw_v2/Broadband_Data_2026.03.27_10.00.00.bin,ns,14,28.0,30.0,0.25,0.5451262593269348,0.048138514161109924,3,"[0.628, 1.83, 1.894]","[28.628, 29.83, 29.894]",model_verified,3,"[0.628, 1.83, 1.894]","[28.628, 29.83, 29.894]",,
Broadband_Data_2026.03.27_10.00.00_ns_seg015,/home/s_grudinin/code/university/vlf_analyzing/new_test_raw_data/raw_v2/Broadband_Data_2026.03.27_10.00.00.bin,ns,15,30.0,32.0,0.25,0.3439676761627197,0.03775235265493393,2,"[1.1, 1.708]","[31.1, 31.708]",model_verified,2,"[1.1, 1.708]","[31.1, 31.708]",,
Broadband_Data_2026.03.27_10.00.00_ns_seg016,/home/s_grudinin/code/university/vlf_analyzing/new_test_raw_data/raw_v2/Broadband_Data_2026.03.27_10.00.00.bin,ns,16,32.0,34.0,0.25,0.40622374415397644,0.03885415196418762,2,"[0.074, 0.884]","[32.074, 32.884]",model_verified,2,"[0.074, 0.884]","[32.074, 32.884]",,
Broadband_Data_2026.03.27_10.00.00_ns_seg017,/home/s_grudinin/code/university/vlf_analyzing/new_test_raw_data/raw_v2/Broadband_Data_2026.03.27_10.00.00.bin,ns,17,34.0,36.0,0.25,0.9279166460037231,0.04116746783256531,1,[0.044],[34.044],model_verified,1,[0.044],[34.044],,
Broadband_Data_2026.03.27_10.00.00_ns_seg018,/home/s_grudinin/code/university/vlf_analyzing/new_test_raw_data/raw_v2/Broadband_Data_2026.03.27_10.00.00.bin,ns,18,36.0,38.0,0.25,0.9582589268684387,0.05638793110847473,4,"[1.126, 1.39, 1.43, 1.838]","[37.126, 37.39, 37.43, 37.838]",model_verified,4,"[1.126, 1.39, 1.43, 1.838]","[37.126, 37.39, 37.43, 37.838]",,
Broadband_Data_2026.03.27_10.00.00_ns_seg019,/home/s_grudinin/code/university/vlf_analyzing/new_test_raw_data/raw_v2/Broadband_Data_2026.03.27_10.00.00.bin,ns,19,38.0,40.0,0.25,0.16249769926071167,0.03486879542469978,0,[],[],model_verified,0,[],[],,
Broadband_Data_2026.03.27_10.00.00_ns_seg020,/home/s_grudinin/code/university/vlf_analyzing/new_test_raw_data/raw_v2/Broadband_Data_2026.03.27_10.00.00.bin,ns,20,40.0,42.0,0.25,0.7240725755691528,0.04205891862511635,2,"[0.982, 1.048]","[40.982, 41.048]",model_verified,2,"[0.982, 1.048]","[40.982, 41.048]",,
Broadband_Data_2026.03.27_10.00.00_ns_seg021,/home/s_grudinin/code/university/vlf_analyzing/new_test_raw_data/raw_v2/Broadband_Data_2026.03.27_10.00.00.bin,ns,21,42.0,44.0,0.25,0.6046690940856934,0.038505952805280685,2,"[1.782, 1.86]","[43.782, 43.86]",model_verified,2,"[1.782, 1.86]","[43.782, 43.86]",,
Broadband_Data_2026.03.27_10.00.00_ns_seg022,/home/s_grudinin/code/university/vlf_analyzing/new_test_raw_data/raw_v2/Broadband_Data_2026.03.27_10.00.00.bin,ns,22,44.0,46.0,0.25,0.9804480671882629,0.04782523959875107,1,[1.356],[45.356],model_verified,1,[1.356],[45.356],,
Broadband_Data_2026.03.27_10.00.00_ns_seg023,/home/s_grudinin/code/university/vlf_analyzing/new_test_raw_data/raw_v2/Broadband_Data_2026.03.27_10.00.00.bin,ns,23,46.0,48.0,0.25,0.4941559135913849,0.03779147192835808,1,[0.582],[46.582],model_verified,1,[0.582],[46.582],,
Broadband_Data_2026.03.27_10.00.00_ns_seg024,/home/s_grudinin/code/university/vlf_analyzing/new_test_raw_data/raw_v2/Broadband_Data_2026.03.27_10.00.00.bin,ns,24,48.0,50.0,0.25,0.1915043443441391,0.03339069336652756,0,[],[],model_verified,0,[],[],,
Broadband_Data_2026.03.27_10.00.00_ns_seg025,/home/s_grudinin/code/university/vlf_analyzing/new_test_raw_data/raw_v2/Broadband_Data_2026.03.27_10.00.00.bin,ns,25,50.0,52.0,0.25,0.9784274101257324,0.05901743844151497,5,"[0.646, 0.912, 1.448, 1.586, 1.982]","[50.646, 50.912, 51.448, 51.586, 51.982]",model_verified,5,"[0.646, 0.912, 1.448, 1.586, 1.982]","[50.646, 50.912, 51.448, 51.586, 51.982]",,
Broadband_Data_2026.03.27_10.00.00_ns_seg026,/home/s_grudinin/code/university/vlf_analyzing/new_test_raw_data/raw_v2/Broadband_Data_2026.03.27_10.00.00.bin,ns,26,52.0,54.0,0.25,0.936024010181427,0.04757927730679512,2,"[1.102, 1.488]","[53.102, 53.488]",model_verified,2,"[1.102, 1.488]","[53.102, 53.488]",,
Broadband_Data_2026.03.27_10.00.00_ns_seg027,/home/s_grudinin/code/university/vlf_analyzing/new_test_raw_data/raw_v2/Broadband_Data_2026.03.27_10.00.00.bin,ns,27,54.0,56.0,0.25,0.18942716717720032,0.03584466502070427,0,[],[],model_verified,0,[],[],,
Broadband_Data_2026.03.27_10.00.00_ns_seg028,/home/s_grudinin/code/university/vlf_analyzing/new_test_raw_data/raw_v2/Broadband_Data_2026.03.27_10.00.00.bin,ns,28,56.0,58.0,0.25,0.5557993650436401,0.044315237551927567,1,[1.654],[57.654],model_verified,1,[1.654],[57.654],,
Broadband_Data_2026.03.27_10.00.00_ns_seg029,/home/s_grudinin/code/university/vlf_analyzing/new_test_raw_data/raw_v2/Broadband_Data_2026.03.27_10.00.00.bin,ns,29,58.0,60.0,0.25,0.8808578252792358,0.042888663709163666,1,[1.038],[59.038],model_verified,1,[1.038],[59.038],,
Broadband_Data_2026.03.27_10.00.00_we_seg000,/home/s_grudinin/code/university/vlf_analyzing/new_test_raw_data/raw_v2/Broadband_Data_2026.03.27_10.00.00.bin,we,0,0.0,2.0,0.25,0.9986086487770081,0.05249779298901558,3,"[0.68, 1.0, 1.528]","[0.68, 1.0, 1.528]",manual_corrected,2,"[0.997209, 1.521191]","[0.997209, 1.521191]",,
Broadband_Data_2026.03.27_10.00.00_we_seg001,/home/s_grudinin/code/university/vlf_analyzing/new_test_raw_data/raw_v2/Broadband_Data_2026.03.27_10.00.00.bin,we,1,2.0,4.0,0.25,0.9985083937644958,0.046565987169742584,2,"[1.0, 1.682]","[3.0, 3.682]",model_verified,2,"[1.0, 1.682]","[3.0, 3.682]",,
Broadband_Data_2026.03.27_10.00.00_we_seg002,/home/s_grudinin/code/university/vlf_analyzing/new_test_raw_data/raw_v2/Broadband_Data_2026.03.27_10.00.00.bin,we,2,4.0,6.0,0.25,0.9984795451164246,0.04676779732108116,1,[1.0],[5.0],model_verified,1,[1.0],[5.0],,
Broadband_Data_2026.03.27_10.00.00_we_seg003,/home/s_grudinin/code/university/vlf_analyzing/new_test_raw_data/raw_v2/Broadband_Data_2026.03.27_10.00.00.bin,we,3,6.0,8.0,0.25,0.998022198677063,0.045805610716342926,1,[1.0],[7.0],model_verified,1,[1.0],[7.0],,
Broadband_Data_2026.03.27_10.00.00_we_seg004,/home/s_grudinin/code/university/vlf_analyzing/new_test_raw_data/raw_v2/Broadband_Data_2026.03.27_10.00.00.bin,we,4,8.0,10.0,0.25,0.9981264472007751,0.043962422758340836,1,[1.0],[9.0],model_verified,1,[1.0],[9.0],,
Broadband_Data_2026.03.27_10.00.00_we_seg005,/home/s_grudinin/code/university/vlf_analyzing/new_test_raw_data/raw_v2/Broadband_Data_2026.03.27_10.00.00.bin,we,5,10.0,12.0,0.25,0.9981677532196045,0.043703287839889526,1,[1.0],[11.0],model_verified,1,[1.0],[11.0],,
Broadband_Data_2026.03.27_10.00.00_we_seg006,/home/s_grudinin/code/university/vlf_analyzing/new_test_raw_data/raw_v2/Broadband_Data_2026.03.27_10.00.00.bin,we,6,12.0,14.0,0.25,0.9981040954589844,0.04213977977633476,1,[1.0],[13.0],model_verified,1,[1.0],[13.0],,
Broadband_Data_2026.03.27_10.00.00_we_seg007,/home/s_grudinin/code/university/vlf_analyzing/new_test_raw_data/raw_v2/Broadband_Data_2026.03.27_10.00.00.bin,we,7,14.0,16.0,0.25,0.9982947707176208,0.04530206322669983,1,[1.0],[15.0],model_verified,1,[1.0],[15.0],,
Broadband_Data_2026.03.27_10.00.00_we_seg008,/home/s_grudinin/code/university/vlf_analyzing/new_test_raw_data/raw_v2/Broadband_Data_2026.03.27_10.00.00.bin,we,8,16.0,18.0,0.25,0.9982927441596985,0.04447729513049126,1,[1.0],[17.0],model_verified,1,[1.0],[17.0],,
Broadband_Data_2026.03.27_10.00.00_we_seg009,/home/s_grudinin/code/university/vlf_analyzing/new_test_raw_data/raw_v2/Broadband_Data_2026.03.27_10.00.00.bin,we,9,18.0,20.0,0.25,0.9981430768966675,0.048493217676877975,1,[1.0],[19.0],model_verified,1,[1.0],[19.0],,
Broadband_Data_2026.03.27_10.00.00_we_seg010,/home/s_grudinin/code/university/vlf_analyzing/new_test_raw_data/raw_v2/Broadband_Data_2026.03.27_10.00.00.bin,we,10,20.0,22.0,0.25,0.9983488321304321,0.042554907500743866,1,[1.0],[21.0],model_verified,1,[1.0],[21.0],,
Broadband_Data_2026.03.27_10.00.00_we_seg011,/home/s_grudinin/code/university/vlf_analyzing/new_test_raw_data/raw_v2/Broadband_Data_2026.03.27_10.00.00.bin,we,11,22.0,24.0,0.25,0.9983300566673279,0.04159053787589073,1,[1.0],[23.0],model_verified,1,[1.0],[23.0],,
Broadband_Data_2026.03.27_10.00.00_we_seg012,/home/s_grudinin/code/university/vlf_analyzing/new_test_raw_data/raw_v2/Broadband_Data_2026.03.27_10.00.00.bin,we,12,24.0,26.0,0.25,0.99809330701828,0.04269542545080185,1,[1.0],[25.0],model_verified,1,[1.0],[25.0],,
Broadband_Data_2026.03.27_10.00.00_we_seg013,/home/s_grudinin/code/university/vlf_analyzing/new_test_raw_data/raw_v2/Broadband_Data_2026.03.27_10.00.00.bin,we,13,26.0,28.0,0.25,0.9983264803886414,0.04535090923309326,2,"[1.0, 1.092]","[27.0, 27.092]",model_verified,2,"[1.0, 1.092]","[27.0, 27.092]",,
Broadband_Data_2026.03.27_10.00.00_we_seg014,/home/s_grudinin/code/university/vlf_analyzing/new_test_raw_data/raw_v2/Broadband_Data_2026.03.27_10.00.00.bin,we,14,28.0,30.0,0.25,0.9982377290725708,0.04947632923722267,2,"[0.542, 1.0]","[28.542, 29.0]",model_verified,2,"[0.542, 1.0]","[28.542, 29.0]",,
Broadband_Data_2026.03.27_10.00.00_we_seg015,/home/s_grudinin/code/university/vlf_analyzing/new_test_raw_data/raw_v2/Broadband_Data_2026.03.27_10.00.00.bin,we,15,30.0,32.0,0.25,0.9981803894042969,0.05194574594497681,2,"[1.0, 1.712]","[31.0, 31.712]",model_verified,2,"[1.0, 1.712]","[31.0, 31.712]",,
Broadband_Data_2026.03.27_10.00.00_we_seg016,/home/s_grudinin/code/university/vlf_analyzing/new_test_raw_data/raw_v2/Broadband_Data_2026.03.27_10.00.00.bin,we,16,32.0,34.0,0.25,0.9982218146324158,0.04585812985897064,1,[1.0],[33.0],model_verified,1,[1.0],[33.0],,
Broadband_Data_2026.03.27_10.00.00_we_seg017,/home/s_grudinin/code/university/vlf_analyzing/new_test_raw_data/raw_v2/Broadband_Data_2026.03.27_10.00.00.bin,we,17,34.0,36.0,0.25,0.9982740879058838,0.045619480311870575,1,[1.0],[35.0],model_verified,1,[1.0],[35.0],,
Broadband_Data_2026.03.27_10.00.00_we_seg018,/home/s_grudinin/code/university/vlf_analyzing/new_test_raw_data/raw_v2/Broadband_Data_2026.03.27_10.00.00.bin,we,18,36.0,38.0,0.25,0.9981557726860046,0.046048037707805634,2,"[1.0, 1.676]","[37.0, 37.676]",model_verified,2,"[1.0, 1.676]","[37.0, 37.676]",,
Broadband_Data_2026.03.27_10.00.00_we_seg019,/home/s_grudinin/code/university/vlf_analyzing/new_test_raw_data/raw_v2/Broadband_Data_2026.03.27_10.00.00.bin,we,19,38.0,40.0,0.25,0.9980161190032959,0.04491846263408661,1,[1.0],[39.0],model_verified,1,[1.0],[39.0],,
Broadband_Data_2026.03.27_10.00.00_we_seg020,/home/s_grudinin/code/university/vlf_analyzing/new_test_raw_data/raw_v2/Broadband_Data_2026.03.27_10.00.00.bin,we,20,40.0,42.0,0.25,0.9983115196228027,0.044601909816265106,1,[1.0],[41.0],model_verified,1,[1.0],[41.0],,
Broadband_Data_2026.03.27_10.00.00_we_seg021,/home/s_grudinin/code/university/vlf_analyzing/new_test_raw_data/raw_v2/Broadband_Data_2026.03.27_10.00.00.bin,we,21,42.0,44.0,0.25,0.9982950091362,0.04531281441450119,1,[1.0],[43.0],model_verified,1,[1.0],[43.0],,
Broadband_Data_2026.03.27_10.00.00_we_seg022,/home/s_grudinin/code/university/vlf_analyzing/new_test_raw_data/raw_v2/Broadband_Data_2026.03.27_10.00.00.bin,we,22,44.0,46.0,0.25,0.9982605576515198,0.048427119851112366,2,"[1.0, 1.352]","[45.0, 45.352]",model_verified,2,"[1.0, 1.352]","[45.0, 45.352]",,
Broadband_Data_2026.03.27_10.00.00_we_seg023,/home/s_grudinin/code/university/vlf_analyzing/new_test_raw_data/raw_v2/Broadband_Data_2026.03.27_10.00.00.bin,we,23,46.0,48.0,0.25,0.9985802173614502,0.0450485534965992,2,"[1.0, 1.856]","[47.0, 47.856]",model_verified,2,"[1.0, 1.856]","[47.0, 47.856]",,
Broadband_Data_2026.03.27_10.00.00_we_seg024,/home/s_grudinin/code/university/vlf_analyzing/new_test_raw_data/raw_v2/Broadband_Data_2026.03.27_10.00.00.bin,we,24,48.0,50.0,0.25,0.998551070690155,0.04458451271057129,1,[1.0],[49.0],model_verified,1,[1.0],[49.0],,
Broadband_Data_2026.03.27_10.00.00_we_seg025,/home/s_grudinin/code/university/vlf_analyzing/new_test_raw_data/raw_v2/Broadband_Data_2026.03.27_10.00.00.bin,we,25,50.0,52.0,0.25,0.998390793800354,0.048550378531217575,2,"[1.0, 1.976]","[51.0, 51.976]",model_verified,2,"[1.0, 1.976]","[51.0, 51.976]",,
Broadband_Data_2026.03.27_10.00.00_we_seg026,/home/s_grudinin/code/university/vlf_analyzing/new_test_raw_data/raw_v2/Broadband_Data_2026.03.27_10.00.00.bin,we,26,52.0,54.0,0.25,0.9984715580940247,0.052925776690244675,3,"[1.0, 1.058, 1.48]","[53.0, 53.058, 53.48]",model_verified,3,"[1.0, 1.058, 1.48]","[53.0, 53.058, 53.48]",,
Broadband_Data_2026.03.27_10.00.00_we_seg027,/home/s_grudinin/code/university/vlf_analyzing/new_test_raw_data/raw_v2/Broadband_Data_2026.03.27_10.00.00.bin,we,27,54.0,56.0,0.25,0.9984669089317322,0.04337150603532791,1,[1.0],[55.0],model_verified,1,[1.0],[55.0],,
Broadband_Data_2026.03.27_10.00.00_we_seg028,/home/s_grudinin/code/university/vlf_analyzing/new_test_raw_data/raw_v2/Broadband_Data_2026.03.27_10.00.00.bin,we,28,56.0,58.0,0.25,0.9982529282569885,0.04153166711330414,1,[1.0],[57.0],model_verified,1,[1.0],[57.0],,
Broadband_Data_2026.03.27_10.00.00_we_seg029,/home/s_grudinin/code/university/vlf_analyzing/new_test_raw_data/raw_v2/Broadband_Data_2026.03.27_10.00.00.bin,we,29,58.0,60.0,0.25,0.9980036616325378,0.046267326921224594,2,"[1.0, 1.034]","[59.0, 59.034]",model_verified,2,"[1.0, 1.034]","[59.0, 59.034]",,
Broadband_Data_2026.03.27_14.35.00_ns_seg000,/home/s_grudinin/code/university/vlf_analyzing/new_test_raw_data/raw_v2/Broadband_Data_2026.03.27_14.35.00.bin,ns,0,0.0,2.0,0.25,0.9467431306838989,0.05320434272289276,4,"[0.08, 0.294, 1.388, 1.89]","[0.08, 0.294, 1.388, 1.89]",model_verified,4,"[0.08, 0.294, 1.388, 1.89]","[0.08, 0.294, 1.388, 1.89]",,
Broadband_Data_2026.03.27_14.35.00_ns_seg001,/home/s_grudinin/code/university/vlf_analyzing/new_test_raw_data/raw_v2/Broadband_Data_2026.03.27_14.35.00.bin,ns,1,2.0,4.0,0.25,0.9964808821678162,0.07549068331718445,6,"[0.058, 0.172, 0.528, 0.944, 1.454, 1.726]","[2.058, 2.172, 2.528, 2.944, 3.454, 3.726]",model_verified,6,"[0.058, 0.172, 0.528, 0.944, 1.454, 1.726]","[2.058, 2.172, 2.528, 2.944, 3.454, 3.726]",,
Broadband_Data_2026.03.27_14.35.00_ns_seg002,/home/s_grudinin/code/university/vlf_analyzing/new_test_raw_data/raw_v2/Broadband_Data_2026.03.27_14.35.00.bin,ns,2,4.0,6.0,0.25,0.9795406460762024,0.06482163071632385,5,"[0.666, 0.778, 1.15, 1.22, 1.932]","[4.666, 4.778, 5.15, 5.22, 5.932]",model_verified,5,"[0.666, 0.778, 1.15, 1.22, 1.932]","[4.666, 4.778, 5.15, 5.22, 5.932]",,
Broadband_Data_2026.03.27_14.35.00_ns_seg003,/home/s_grudinin/code/university/vlf_analyzing/new_test_raw_data/raw_v2/Broadband_Data_2026.03.27_14.35.00.bin,ns,3,6.0,8.0,0.25,0.995014488697052,0.07796742767095566,9,"[0.268, 0.318, 0.366, 0.558, 0.776, 0.978, 1.25, 1.348, 1.446]","[6.268, 6.318, 6.366, 6.558, 6.776, 6.978, 7.25, 7.348, 7.446]",model_verified,9,"[0.268, 0.318, 0.366, 0.558, 0.776, 0.978, 1.25, 1.348, 1.446]","[6.268, 6.318, 6.366, 6.558, 6.776, 6.978, 7.25, 7.348, 7.446]",,
Broadband_Data_2026.03.27_14.35.00_ns_seg004,/home/s_grudinin/code/university/vlf_analyzing/new_test_raw_data/raw_v2/Broadband_Data_2026.03.27_14.35.00.bin,ns,4,8.0,10.0,0.25,0.7432413101196289,0.05218282714486122,4,"[0.352, 0.488, 0.546, 1.434]","[8.352, 8.488, 8.546, 9.434]",model_verified,4,"[0.352, 0.488, 0.546, 1.434]","[8.352, 8.488, 8.546, 9.434]",,
Broadband_Data_2026.03.27_14.35.00_ns_seg005,/home/s_grudinin/code/university/vlf_analyzing/new_test_raw_data/raw_v2/Broadband_Data_2026.03.27_14.35.00.bin,ns,5,10.0,12.0,0.25,0.6117838025093079,0.04755334183573723,3,"[0.308, 0.634, 1.02]","[10.308, 10.634, 11.02]",model_verified,3,"[0.308, 0.634, 1.02]","[10.308, 10.634, 11.02]",,
Broadband_Data_2026.03.27_14.35.00_ns_seg006,/home/s_grudinin/code/university/vlf_analyzing/new_test_raw_data/raw_v2/Broadband_Data_2026.03.27_14.35.00.bin,ns,6,12.0,14.0,0.25,0.9592352509498596,0.05573994666337967,3,"[0.124, 0.694, 0.744]","[12.124, 12.694, 12.744]",model_verified,3,"[0.124, 0.694, 0.744]","[12.124, 12.694, 12.744]",,
Broadband_Data_2026.03.27_14.35.00_ns_seg007,/home/s_grudinin/code/university/vlf_analyzing/new_test_raw_data/raw_v2/Broadband_Data_2026.03.27_14.35.00.bin,ns,7,14.0,16.0,0.25,0.4460409879684448,0.04565129429101944,4,"[0.906, 1.522, 1.568, 1.646]","[14.906, 15.522, 15.568, 15.646]",model_verified,4,"[0.906, 1.522, 1.568, 1.646]","[14.906, 15.522, 15.568, 15.646]",,
Broadband_Data_2026.03.27_14.35.00_ns_seg008,/home/s_grudinin/code/university/vlf_analyzing/new_test_raw_data/raw_v2/Broadband_Data_2026.03.27_14.35.00.bin,ns,8,16.0,18.0,0.25,0.8775417804718018,0.05886036157608032,6,"[0.094, 0.54, 0.808, 1.324, 1.81, 1.982]","[16.094, 16.54, 16.808, 17.324, 17.81, 17.982]",model_verified,6,"[0.094, 0.54, 0.808, 1.324, 1.81, 1.982]","[16.094, 16.54, 16.808, 17.324, 17.81, 17.982]",,
Broadband_Data_2026.03.27_14.35.00_ns_seg009,/home/s_grudinin/code/university/vlf_analyzing/new_test_raw_data/raw_v2/Broadband_Data_2026.03.27_14.35.00.bin,ns,9,18.0,20.0,0.25,0.9898250699043274,0.07147110253572464,4,"[1.402, 1.502, 1.548, 1.582]","[19.402, 19.502, 19.548, 19.582]",model_verified,4,"[1.402, 1.502, 1.548, 1.582]","[19.402, 19.502, 19.548, 19.582]",,
Broadband_Data_2026.03.27_14.35.00_ns_seg010,/home/s_grudinin/code/university/vlf_analyzing/new_test_raw_data/raw_v2/Broadband_Data_2026.03.27_14.35.00.bin,ns,10,20.0,22.0,0.25,0.8624341487884521,0.05428369715809822,5,"[0.222, 0.57, 0.706, 1.406, 1.668]","[20.222, 20.57, 20.706, 21.406, 21.668]",model_verified,5,"[0.222, 0.57, 0.706, 1.406, 1.668]","[20.222, 20.57, 20.706, 21.406, 21.668]",,
Broadband_Data_2026.03.27_14.35.00_ns_seg011,/home/s_grudinin/code/university/vlf_analyzing/new_test_raw_data/raw_v2/Broadband_Data_2026.03.27_14.35.00.bin,ns,11,22.0,24.0,0.25,0.876218855381012,0.05772312358021736,6,"[0.024, 0.15, 0.262, 0.682, 1.582, 1.86]","[22.024, 22.15, 22.262, 22.682, 23.582, 23.86]",model_verified,6,"[0.024, 0.15, 0.262, 0.682, 1.582, 1.86]","[22.024, 22.15, 22.262, 22.682, 23.582, 23.86]",,
Broadband_Data_2026.03.27_14.35.00_ns_seg012,/home/s_grudinin/code/university/vlf_analyzing/new_test_raw_data/raw_v2/Broadband_Data_2026.03.27_14.35.00.bin,ns,12,24.0,26.0,0.25,0.30323678255081177,0.04084697738289833,2,"[0.33, 1.362]","[24.33, 25.362]",model_verified,2,"[0.33, 1.362]","[24.33, 25.362]",,
Broadband_Data_2026.03.27_14.35.00_ns_seg013,/home/s_grudinin/code/university/vlf_analyzing/new_test_raw_data/raw_v2/Broadband_Data_2026.03.27_14.35.00.bin,ns,13,26.0,28.0,0.25,0.9971917271614075,0.08420079946517944,7,"[1.176, 1.424, 1.48, 1.704, 1.766, 1.898, 1.94]","[27.176, 27.424, 27.48, 27.704, 27.766, 27.898, 27.94]",model_verified,7,"[1.176, 1.424, 1.48, 1.704, 1.766, 1.898, 1.94]","[27.176, 27.424, 27.48, 27.704, 27.766, 27.898, 27.94]",,
Broadband_Data_2026.03.27_14.35.00_ns_seg014,/home/s_grudinin/code/university/vlf_analyzing/new_test_raw_data/raw_v2/Broadband_Data_2026.03.27_14.35.00.bin,ns,14,28.0,30.0,0.25,0.9553653001785278,0.05978766083717346,5,"[0.034, 0.164, 0.726, 1.446, 1.83]","[28.034, 28.164, 28.726, 29.446, 29.83]",model_verified,5,"[0.034, 0.164, 0.726, 1.446, 1.83]","[28.034, 28.164, 28.726, 29.446, 29.83]",,
Broadband_Data_2026.03.27_14.35.00_ns_seg015,/home/s_grudinin/code/university/vlf_analyzing/new_test_raw_data/raw_v2/Broadband_Data_2026.03.27_14.35.00.bin,ns,15,30.0,32.0,0.25,0.9769967198371887,0.09625626355409622,8,"[0.26, 0.364, 0.496, 1.096, 1.46, 1.524, 1.562, 1.802]","[30.26, 30.364, 30.496, 31.096, 31.46, 31.524, 31.562, 31.802]",model_verified,8,"[0.26, 0.364, 0.496, 1.096, 1.46, 1.524, 1.562, 1.802]","[30.26, 30.364, 30.496, 31.096, 31.46, 31.524, 31.562, 31.802]",,
Broadband_Data_2026.03.27_14.35.00_ns_seg016,/home/s_grudinin/code/university/vlf_analyzing/new_test_raw_data/raw_v2/Broadband_Data_2026.03.27_14.35.00.bin,ns,16,32.0,34.0,0.25,0.9495971202850342,0.06739290058612823,7,"[0.104, 0.264, 1.024, 1.222, 1.506, 1.742, 1.936]","[32.104, 32.264, 33.024, 33.222, 33.506, 33.742, 33.936]",model_verified,7,"[0.104, 0.264, 1.024, 1.222, 1.506, 1.742, 1.936]","[32.104, 32.264, 33.024, 33.222, 33.506, 33.742, 33.936]",,
Broadband_Data_2026.03.27_14.35.00_ns_seg017,/home/s_grudinin/code/university/vlf_analyzing/new_test_raw_data/raw_v2/Broadband_Data_2026.03.27_14.35.00.bin,ns,17,34.0,36.0,0.25,0.7497161030769348,0.05656324699521065,6,"[0.034, 0.074, 0.146, 0.262, 0.814, 1.828]","[34.034, 34.074, 34.146, 34.262, 34.814, 35.828]",model_verified,6,"[0.034, 0.074, 0.146, 0.262, 0.814, 1.828]","[34.034, 34.074, 34.146, 34.262, 34.814, 35.828]",,
Broadband_Data_2026.03.27_14.35.00_ns_seg018,/home/s_grudinin/code/university/vlf_analyzing/new_test_raw_data/raw_v2/Broadband_Data_2026.03.27_14.35.00.bin,ns,18,36.0,38.0,0.25,0.8401409983634949,0.05707807466387749,5,"[0.33, 0.462, 0.716, 0.94, 1.098]","[36.33, 36.462, 36.716, 36.94, 37.098]",model_verified,5,"[0.33, 0.462, 0.716, 0.94, 1.098]","[36.33, 36.462, 36.716, 36.94, 37.098]",,
Broadband_Data_2026.03.27_14.35.00_ns_seg019,/home/s_grudinin/code/university/vlf_analyzing/new_test_raw_data/raw_v2/Broadband_Data_2026.03.27_14.35.00.bin,ns,19,38.0,40.0,0.25,0.9778894782066345,0.06357631087303162,8,"[0.286, 0.352, 1.118, 1.176, 1.224, 1.292, 1.412, 1.624]","[38.286, 38.352, 39.118, 39.176, 39.224, 39.292, 39.412, 39.624]",model_verified,8,"[0.286, 0.352, 1.118, 1.176, 1.224, 1.292, 1.412, 1.624]","[38.286, 38.352, 39.118, 39.176, 39.224, 39.292, 39.412, 39.624]",,
Broadband_Data_2026.03.27_14.35.00_ns_seg020,/home/s_grudinin/code/university/vlf_analyzing/new_test_raw_data/raw_v2/Broadband_Data_2026.03.27_14.35.00.bin,ns,20,40.0,42.0,0.25,0.5514583587646484,0.044484686106443405,3,"[0.786, 0.824, 1.96]","[40.786, 40.824, 41.96]",model_verified,3,"[0.786, 0.824, 1.96]","[40.786, 40.824, 41.96]",,
Broadband_Data_2026.03.27_14.35.00_ns_seg021,/home/s_grudinin/code/university/vlf_analyzing/new_test_raw_data/raw_v2/Broadband_Data_2026.03.27_14.35.00.bin,ns,21,42.0,44.0,0.25,0.955384373664856,0.0615745410323143,3,"[1.24, 1.342, 1.734]","[43.24, 43.342, 43.734]",model_verified,3,"[1.24, 1.342, 1.734]","[43.24, 43.342, 43.734]",,
Broadband_Data_2026.03.27_14.35.00_ns_seg022,/home/s_grudinin/code/university/vlf_analyzing/new_test_raw_data/raw_v2/Broadband_Data_2026.03.27_14.35.00.bin,ns,22,44.0,46.0,0.25,0.9614903330802917,0.08761247992515564,10,"[0.75, 0.786, 0.816, 0.856, 1.084, 1.114, 1.224, 1.456, 1.726, 1.964]","[44.75, 44.786, 44.816, 44.856, 45.084, 45.114, 45.224, 45.456, 45.726, 45.964]",model_verified,10,"[0.75, 0.786, 0.816, 0.856, 1.084, 1.114, 1.224, 1.456, 1.726, 1.964]","[44.75, 44.786, 44.816, 44.856, 45.084, 45.114, 45.224, 45.456, 45.726, 45.964]",,
Broadband_Data_2026.03.27_14.35.00_ns_seg023,/home/s_grudinin/code/university/vlf_analyzing/new_test_raw_data/raw_v2/Broadband_Data_2026.03.27_14.35.00.bin,ns,23,46.0,48.0,0.25,0.8973802328109741,0.0580684132874012,4,"[0.108, 0.464, 0.83, 1.748]","[46.108, 46.464, 46.83, 47.748]",model_verified,4,"[0.108, 0.464, 0.83, 1.748]","[46.108, 46.464, 46.83, 47.748]",,
Broadband_Data_2026.03.27_14.35.00_ns_seg024,/home/s_grudinin/code/university/vlf_analyzing/new_test_raw_data/raw_v2/Broadband_Data_2026.03.27_14.35.00.bin,ns,24,48.0,50.0,0.25,0.17651857435703278,0.03345174714922905,0,[],[],model_verified,0,[],[],,
Broadband_Data_2026.03.27_14.35.00_ns_seg025,/home/s_grudinin/code/university/vlf_analyzing/new_test_raw_data/raw_v2/Broadband_Data_2026.03.27_14.35.00.bin,ns,25,50.0,52.0,0.25,0.793345034122467,0.05949747562408447,6,"[0.054, 0.608, 0.844, 1.284, 1.43, 1.924]","[50.054, 50.608, 50.844, 51.284, 51.43, 51.924]",model_verified,6,"[0.054, 0.608, 0.844, 1.284, 1.43, 1.924]","[50.054, 50.608, 50.844, 51.284, 51.43, 51.924]",,
Broadband_Data_2026.03.27_14.35.00_ns_seg026,/home/s_grudinin/code/university/vlf_analyzing/new_test_raw_data/raw_v2/Broadband_Data_2026.03.27_14.35.00.bin,ns,26,52.0,54.0,0.25,0.8004134297370911,0.05729806423187256,5,"[0.42, 0.768, 1.212, 1.418, 1.73]","[52.42, 52.768, 53.212, 53.418, 53.73]",model_verified,5,"[0.42, 0.768, 1.212, 1.418, 1.73]","[52.42, 52.768, 53.212, 53.418, 53.73]",,
Broadband_Data_2026.03.27_14.35.00_ns_seg027,/home/s_grudinin/code/university/vlf_analyzing/new_test_raw_data/raw_v2/Broadband_Data_2026.03.27_14.35.00.bin,ns,27,54.0,56.0,0.25,0.9839668869972229,0.05895989388227463,4,"[0.118, 0.506, 1.824, 1.886]","[54.118, 54.506, 55.824, 55.886]",model_verified,4,"[0.118, 0.506, 1.824, 1.886]","[54.118, 54.506, 55.824, 55.886]",,
Broadband_Data_2026.03.27_14.35.00_ns_seg028,/home/s_grudinin/code/university/vlf_analyzing/new_test_raw_data/raw_v2/Broadband_Data_2026.03.27_14.35.00.bin,ns,28,56.0,58.0,0.25,0.6999402046203613,0.051269423216581345,5,"[0.528, 1.022, 1.09, 1.218, 1.9]","[56.528, 57.022, 57.09, 57.218, 57.9]",model_verified,5,"[0.528, 1.022, 1.09, 1.218, 1.9]","[56.528, 57.022, 57.09, 57.218, 57.9]",,
Broadband_Data_2026.03.27_14.35.00_ns_seg029,/home/s_grudinin/code/university/vlf_analyzing/new_test_raw_data/raw_v2/Broadband_Data_2026.03.27_14.35.00.bin,ns,29,58.0,60.0,0.25,0.9185174107551575,0.05103825777769089,3,"[1.238, 1.564, 1.89]","[59.238, 59.564, 59.89]",model_verified,3,"[1.238, 1.564, 1.89]","[59.238, 59.564, 59.89]",,
Broadband_Data_2026.03.27_14.35.00_we_seg000,/home/s_grudinin/code/university/vlf_analyzing/new_test_raw_data/raw_v2/Broadband_Data_2026.03.27_14.35.00.bin,we,0,0.0,2.0,0.25,0.9971802234649658,0.046415988355875015,3,"[0.692, 1.0, 1.378]","[0.692, 1.0, 1.378]",model_verified,3,"[0.692, 1.0, 1.378]","[0.692, 1.0, 1.378]",,
Broadband_Data_2026.03.27_14.35.00_we_seg001,/home/s_grudinin/code/university/vlf_analyzing/new_test_raw_data/raw_v2/Broadband_Data_2026.03.27_14.35.00.bin,we,1,2.0,4.0,0.25,0.996787428855896,0.049912795424461365,2,"[0.052, 1.0]","[2.052, 3.0]",model_verified,2,"[0.052, 1.0]","[2.052, 3.0]",,
Broadband_Data_2026.03.27_14.35.00_we_seg002,/home/s_grudinin/code/university/vlf_analyzing/new_test_raw_data/raw_v2/Broadband_Data_2026.03.27_14.35.00.bin,we,2,4.0,6.0,0.25,0.9965337514877319,0.05186380073428154,3,"[0.664, 1.0, 1.144]","[4.664, 5.0, 5.144]",model_verified,3,"[0.664, 1.0, 1.144]","[4.664, 5.0, 5.144]",,
Broadband_Data_2026.03.27_14.35.00_we_seg003,/home/s_grudinin/code/university/vlf_analyzing/new_test_raw_data/raw_v2/Broadband_Data_2026.03.27_14.35.00.bin,we,3,6.0,8.0,0.25,0.9971902966499329,0.041512925177812576,1,[1.0],[7.0],model_verified,1,[1.0],[7.0],,
Broadband_Data_2026.03.27_14.35.00_we_seg004,/home/s_grudinin/code/university/vlf_analyzing/new_test_raw_data/raw_v2/Broadband_Data_2026.03.27_14.35.00.bin,we,4,8.0,10.0,0.25,0.9972142577171326,0.04212653264403343,2,"[0.042, 1.0]","[8.042, 9.0]",model_verified,2,"[0.042, 1.0]","[8.042, 9.0]",,
Broadband_Data_2026.03.27_14.35.00_we_seg005,/home/s_grudinin/code/university/vlf_analyzing/new_test_raw_data/raw_v2/Broadband_Data_2026.03.27_14.35.00.bin,we,5,10.0,12.0,0.25,0.9973171353340149,0.0448543019592762,2,"[0.082, 1.0]","[10.082, 11.0]",model_verified,2,"[0.082, 1.0]","[10.082, 11.0]",,
Broadband_Data_2026.03.27_14.35.00_we_seg006,/home/s_grudinin/code/university/vlf_analyzing/new_test_raw_data/raw_v2/Broadband_Data_2026.03.27_14.35.00.bin,we,6,12.0,14.0,0.25,0.9969366788864136,0.041566889733076096,1,[1.0],[13.0],model_verified,1,[1.0],[13.0],,
Broadband_Data_2026.03.27_14.35.00_we_seg007,/home/s_grudinin/code/university/vlf_analyzing/new_test_raw_data/raw_v2/Broadband_Data_2026.03.27_14.35.00.bin,we,7,14.0,16.0,0.25,0.9968520998954773,0.053244344890117645,2,"[0.91, 1.0]","[14.91, 15.0]",model_verified,2,"[0.91, 1.0]","[14.91, 15.0]",,
Broadband_Data_2026.03.27_14.35.00_we_seg008,/home/s_grudinin/code/university/vlf_analyzing/new_test_raw_data/raw_v2/Broadband_Data_2026.03.27_14.35.00.bin,we,8,16.0,18.0,0.25,0.9969191551208496,0.04297809675335884,1,[1.0],[17.0],model_verified,1,[1.0],[17.0],,
Broadband_Data_2026.03.27_14.35.00_we_seg009,/home/s_grudinin/code/university/vlf_analyzing/new_test_raw_data/raw_v2/Broadband_Data_2026.03.27_14.35.00.bin,we,9,18.0,20.0,0.25,0.9967097043991089,0.045697133988142014,3,"[1.0, 1.392, 1.558]","[19.0, 19.392, 19.558]",model_verified,3,"[1.0, 1.392, 1.558]","[19.0, 19.392, 19.558]",,
Broadband_Data_2026.03.27_14.35.00_we_seg010,/home/s_grudinin/code/university/vlf_analyzing/new_test_raw_data/raw_v2/Broadband_Data_2026.03.27_14.35.00.bin,we,10,20.0,22.0,0.25,0.9967382550239563,0.04276294261217117,1,[1.0],[21.0],model_verified,1,[1.0],[21.0],,
Broadband_Data_2026.03.27_14.35.00_we_seg011,/home/s_grudinin/code/university/vlf_analyzing/new_test_raw_data/raw_v2/Broadband_Data_2026.03.27_14.35.00.bin,we,11,22.0,24.0,0.25,0.9965533018112183,0.05227569863200188,2,"[0.688, 1.0]","[22.688, 23.0]",model_verified,2,"[0.688, 1.0]","[22.688, 23.0]",,
Broadband_Data_2026.03.27_14.35.00_we_seg012,/home/s_grudinin/code/university/vlf_analyzing/new_test_raw_data/raw_v2/Broadband_Data_2026.03.27_14.35.00.bin,we,12,24.0,26.0,0.25,0.9970405697822571,0.041071951389312744,1,[1.0],[25.0],model_verified,1,[1.0],[25.0],,
Broadband_Data_2026.03.27_14.35.00_we_seg013,/home/s_grudinin/code/university/vlf_analyzing/new_test_raw_data/raw_v2/Broadband_Data_2026.03.27_14.35.00.bin,we,13,26.0,28.0,0.25,0.9964564442634583,0.04983454570174217,3,"[1.0, 1.76, 1.896]","[27.0, 27.76, 27.896]",model_verified,3,"[1.0, 1.76, 1.896]","[27.0, 27.76, 27.896]",,
Broadband_Data_2026.03.27_14.35.00_we_seg014,/home/s_grudinin/code/university/vlf_analyzing/new_test_raw_data/raw_v2/Broadband_Data_2026.03.27_14.35.00.bin,we,14,28.0,30.0,0.25,0.9969323873519897,0.042598772794008255,1,[1.0],[29.0],model_verified,1,[1.0],[29.0],,
Broadband_Data_2026.03.27_14.35.00_we_seg015,/home/s_grudinin/code/university/vlf_analyzing/new_test_raw_data/raw_v2/Broadband_Data_2026.03.27_14.35.00.bin,we,15,30.0,32.0,0.25,0.9971460700035095,0.055998869240283966,3,"[0.366, 1.0, 1.7]","[30.366, 31.0, 31.7]",manual_corrected,2,"[0.363475, 1.00075]","[30.363475, 31.00075]",,
Broadband_Data_2026.03.27_14.35.00_we_seg016,/home/s_grudinin/code/university/vlf_analyzing/new_test_raw_data/raw_v2/Broadband_Data_2026.03.27_14.35.00.bin,we,16,32.0,34.0,0.25,0.9968243837356567,0.046524833887815475,2,"[0.23, 1.0]","[32.23, 33.0]",model_verified,2,"[0.23, 1.0]","[32.23, 33.0]",,
Broadband_Data_2026.03.27_14.35.00_we_seg017,/home/s_grudinin/code/university/vlf_analyzing/new_test_raw_data/raw_v2/Broadband_Data_2026.03.27_14.35.00.bin,we,17,34.0,36.0,0.25,0.9970097541809082,0.042940542101860046,1,[1.0],[35.0],model_verified,1,[1.0],[35.0],,
Broadband_Data_2026.03.27_14.35.00_we_seg018,/home/s_grudinin/code/university/vlf_analyzing/new_test_raw_data/raw_v2/Broadband_Data_2026.03.27_14.35.00.bin,we,18,36.0,38.0,0.25,0.9971209168434143,0.04295865818858147,1,[1.0],[37.0],model_verified,1,[1.0],[37.0],,
Broadband_Data_2026.03.27_14.35.00_we_seg019,/home/s_grudinin/code/university/vlf_analyzing/new_test_raw_data/raw_v2/Broadband_Data_2026.03.27_14.35.00.bin,we,19,38.0,40.0,0.25,0.9976160526275635,0.04319879412651062,2,"[1.0, 1.282]","[39.0, 39.282]",manual_corrected,1,[0.997209],[38.997209],,
Broadband_Data_2026.03.27_14.35.00_we_seg020,/home/s_grudinin/code/university/vlf_analyzing/new_test_raw_data/raw_v2/Broadband_Data_2026.03.27_14.35.00.bin,we,20,40.0,42.0,0.25,0.9971439242362976,0.039620961993932724,1,[1.0],[41.0],model_verified,1,[1.0],[41.0],,
Broadband_Data_2026.03.27_14.35.00_we_seg021,/home/s_grudinin/code/university/vlf_analyzing/new_test_raw_data/raw_v2/Broadband_Data_2026.03.27_14.35.00.bin,we,21,42.0,44.0,0.25,0.9971119165420532,0.0422852598130703,1,[1.0],[43.0],model_verified,1,[1.0],[43.0],,
Broadband_Data_2026.03.27_14.35.00_we_seg022,/home/s_grudinin/code/university/vlf_analyzing/new_test_raw_data/raw_v2/Broadband_Data_2026.03.27_14.35.00.bin,we,22,44.0,46.0,0.25,0.9973275661468506,0.04304280877113342,1,[1.0],[45.0],model_verified,1,[1.0],[45.0],,
Broadband_Data_2026.03.27_14.35.00_we_seg023,/home/s_grudinin/code/university/vlf_analyzing/new_test_raw_data/raw_v2/Broadband_Data_2026.03.27_14.35.00.bin,we,23,46.0,48.0,0.25,0.9970807433128357,0.04159954935312271,1,[1.0],[47.0],model_verified,1,[1.0],[47.0],,
Broadband_Data_2026.03.27_14.35.00_we_seg024,/home/s_grudinin/code/university/vlf_analyzing/new_test_raw_data/raw_v2/Broadband_Data_2026.03.27_14.35.00.bin,we,24,48.0,50.0,0.25,0.9971024394035339,0.041912470012903214,1,[1.0],[49.0],model_verified,1,[1.0],[49.0],,
Broadband_Data_2026.03.27_14.35.00_we_seg025,/home/s_grudinin/code/university/vlf_analyzing/new_test_raw_data/raw_v2/Broadband_Data_2026.03.27_14.35.00.bin,we,25,50.0,52.0,0.25,0.9968787431716919,0.04215262457728386,1,[1.0],[51.0],model_verified,1,[1.0],[51.0],,
Broadband_Data_2026.03.27_14.35.00_we_seg026,/home/s_grudinin/code/university/vlf_analyzing/new_test_raw_data/raw_v2/Broadband_Data_2026.03.27_14.35.00.bin,we,26,52.0,54.0,0.25,0.9969646334648132,0.040600135922431946,1,[1.0],[53.0],model_verified,1,[1.0],[53.0],,
Broadband_Data_2026.03.27_14.35.00_we_seg027,/home/s_grudinin/code/university/vlf_analyzing/new_test_raw_data/raw_v2/Broadband_Data_2026.03.27_14.35.00.bin,we,27,54.0,56.0,0.25,0.9970216155052185,0.04598390683531761,1,[1.0],[55.0],model_verified,1,[1.0],[55.0],,
Broadband_Data_2026.03.27_14.35.00_we_seg028,/home/s_grudinin/code/university/vlf_analyzing/new_test_raw_data/raw_v2/Broadband_Data_2026.03.27_14.35.00.bin,we,28,56.0,58.0,0.25,0.9972022771835327,0.0552179217338562,4,"[0.528, 0.832, 1.0, 1.096]","[56.528, 56.832, 57.0, 57.096]",model_verified,4,"[0.528, 0.832, 1.0, 1.096]","[56.528, 56.832, 57.0, 57.096]",,
Broadband_Data_2026.03.27_14.35.00_we_seg029,/home/s_grudinin/code/university/vlf_analyzing/new_test_raw_data/raw_v2/Broadband_Data_2026.03.27_14.35.00.bin,we,29,58.0,60.0,0.25,0.9974226951599121,0.0396440252661705,1,[1.0],[59.0],model_verified,1,[1.0],[59.0],,
Broadband_Data_2026.03.27_14.36.00_ns_seg000,/home/s_grudinin/code/university/vlf_analyzing/new_test_raw_data/raw_v2/Broadband_Data_2026.03.27_14.36.00.bin,ns,0,0.0,2.0,0.25,0.8146437406539917,0.055778346955776215,5,"[0.184, 0.292, 0.744, 0.798, 0.832]","[0.184, 0.292, 0.744, 0.798, 0.832]",model_verified,5,"[0.184, 0.292, 0.744, 0.798, 0.832]","[0.184, 0.292, 0.744, 0.798, 0.832]",,
Broadband_Data_2026.03.27_14.36.00_ns_seg001,/home/s_grudinin/code/university/vlf_analyzing/new_test_raw_data/raw_v2/Broadband_Data_2026.03.27_14.36.00.bin,ns,1,2.0,4.0,0.25,0.8990419507026672,0.05331049859523773,6,"[0.278, 0.416, 0.446, 0.636, 1.688, 1.824]","[2.278, 2.416, 2.446, 2.636, 3.688, 3.824]",model_verified,6,"[0.278, 0.416, 0.446, 0.636, 1.688, 1.824]","[2.278, 2.416, 2.446, 2.636, 3.688, 3.824]",,
Broadband_Data_2026.03.27_14.36.00_ns_seg002,/home/s_grudinin/code/university/vlf_analyzing/new_test_raw_data/raw_v2/Broadband_Data_2026.03.27_14.36.00.bin,ns,2,4.0,6.0,0.25,0.6637163758277893,0.05554656684398651,5,"[0.022, 0.168, 0.224, 1.348, 1.652]","[4.022, 4.168, 4.224, 5.348, 5.652]",model_verified,5,"[0.022, 0.168, 0.224, 1.348, 1.652]","[4.022, 4.168, 4.224, 5.348, 5.652]",,
Broadband_Data_2026.03.27_14.36.00_ns_seg003,/home/s_grudinin/code/university/vlf_analyzing/new_test_raw_data/raw_v2/Broadband_Data_2026.03.27_14.36.00.bin,ns,3,6.0,8.0,0.25,0.7316200733184814,0.0583457387983799,7,"[0.388, 1.016, 1.122, 1.236, 1.348, 1.65, 1.69]","[6.388, 7.016, 7.122, 7.236, 7.348, 7.65, 7.69]",model_verified,7,"[0.388, 1.016, 1.122, 1.236, 1.348, 1.65, 1.69]","[6.388, 7.016, 7.122, 7.236, 7.348, 7.65, 7.69]",,
Broadband_Data_2026.03.27_14.36.00_ns_seg004,/home/s_grudinin/code/university/vlf_analyzing/new_test_raw_data/raw_v2/Broadband_Data_2026.03.27_14.36.00.bin,ns,4,8.0,10.0,0.25,0.882332444190979,0.0593196377158165,6,"[0.326, 0.544, 0.924, 1.41, 1.508, 1.54]","[8.326, 8.544, 8.924, 9.41, 9.508, 9.54]",model_verified,6,"[0.326, 0.544, 0.924, 1.41, 1.508, 1.54]","[8.326, 8.544, 8.924, 9.41, 9.508, 9.54]",,
Broadband_Data_2026.03.27_14.36.00_ns_seg005,/home/s_grudinin/code/university/vlf_analyzing/new_test_raw_data/raw_v2/Broadband_Data_2026.03.27_14.36.00.bin,ns,5,10.0,12.0,0.25,0.9858900308609009,0.08455543220043182,9,"[0.128, 0.56, 0.61, 0.832, 1.054, 1.19, 1.448, 1.5, 1.982]","[10.128, 10.56, 10.61, 10.832, 11.054, 11.19, 11.448, 11.5, 11.982]",model_verified,9,"[0.128, 0.56, 0.61, 0.832, 1.054, 1.19, 1.448, 1.5, 1.982]","[10.128, 10.56, 10.61, 10.832, 11.054, 11.19, 11.448, 11.5, 11.982]",,
Broadband_Data_2026.03.27_14.36.00_ns_seg006,/home/s_grudinin/code/university/vlf_analyzing/new_test_raw_data/raw_v2/Broadband_Data_2026.03.27_14.36.00.bin,ns,6,12.0,14.0,0.25,0.9916268587112427,0.08613643050193787,7,"[0.424, 0.642, 0.778, 0.828, 0.868, 0.944, 0.976]","[12.424, 12.642, 12.778, 12.828, 12.868, 12.944, 12.976]",model_verified,7,"[0.424, 0.642, 0.778, 0.828, 0.868, 0.944, 0.976]","[12.424, 12.642, 12.778, 12.828, 12.868, 12.944, 12.976]",,
Broadband_Data_2026.03.27_14.36.00_ns_seg007,/home/s_grudinin/code/university/vlf_analyzing/new_test_raw_data/raw_v2/Broadband_Data_2026.03.27_14.36.00.bin,ns,7,14.0,16.0,0.25,0.9627413749694824,0.08108965307474136,8,"[0.432, 0.468, 0.722, 0.782, 0.824, 0.87, 1.476, 1.668]","[14.432, 14.468, 14.722, 14.782, 14.824, 14.87, 15.476, 15.668]",model_verified,8,"[0.432, 0.468, 0.722, 0.782, 0.824, 0.87, 1.476, 1.668]","[14.432, 14.468, 14.722, 14.782, 14.824, 14.87, 15.476, 15.668]",,
Broadband_Data_2026.03.27_14.36.00_ns_seg008,/home/s_grudinin/code/university/vlf_analyzing/new_test_raw_data/raw_v2/Broadband_Data_2026.03.27_14.36.00.bin,ns,8,16.0,18.0,0.25,0.9415050745010376,0.07805365324020386,9,"[0.138, 0.192, 0.312, 0.356, 0.794, 1.53, 1.564, 1.598, 1.884]","[16.138, 16.192, 16.312, 16.356, 16.794, 17.53, 17.564, 17.598, 17.884]",model_verified,9,"[0.138, 0.192, 0.312, 0.356, 0.794, 1.53, 1.564, 1.598, 1.884]","[16.138, 16.192, 16.312, 16.356, 16.794, 17.53, 17.564, 17.598, 17.884]",,
Broadband_Data_2026.03.27_14.36.00_ns_seg009,/home/s_grudinin/code/university/vlf_analyzing/new_test_raw_data/raw_v2/Broadband_Data_2026.03.27_14.36.00.bin,ns,9,18.0,20.0,0.25,0.7582827806472778,0.04478689283132553,3,"[0.092, 0.652, 1.044]","[18.092, 18.652, 19.044]",model_verified,3,"[0.092, 0.652, 1.044]","[18.092, 18.652, 19.044]",,
Broadband_Data_2026.03.27_14.36.00_ns_seg010,/home/s_grudinin/code/university/vlf_analyzing/new_test_raw_data/raw_v2/Broadband_Data_2026.03.27_14.36.00.bin,ns,10,20.0,22.0,0.25,0.9748573899269104,0.09675408899784088,11,"[0.08, 0.116, 0.714, 0.858, 0.914, 1.032, 1.14, 1.218, 1.334, 1.436, 1.616]","[20.08, 20.116, 20.714, 20.858, 20.914, 21.032, 21.14, 21.218, 21.334, 21.436, 21.616]",model_verified,11,"[0.08, 0.116, 0.714, 0.858, 0.914, 1.032, 1.14, 1.218, 1.334, 1.436, 1.616]","[20.08, 20.116, 20.714, 20.858, 20.914, 21.032, 21.14, 21.218, 21.334, 21.436, 21.616]",,
Broadband_Data_2026.03.27_14.36.00_ns_seg011,/home/s_grudinin/code/university/vlf_analyzing/new_test_raw_data/raw_v2/Broadband_Data_2026.03.27_14.36.00.bin,ns,11,22.0,24.0,0.25,0.7279280424118042,0.05793188512325287,5,"[0.234, 0.536, 0.938, 1.038, 1.678]","[22.234, 22.536, 22.938, 23.038, 23.678]",model_verified,5,"[0.234, 0.536, 0.938, 1.038, 1.678]","[22.234, 22.536, 22.938, 23.038, 23.678]",,
Broadband_Data_2026.03.27_14.36.00_ns_seg012,/home/s_grudinin/code/university/vlf_analyzing/new_test_raw_data/raw_v2/Broadband_Data_2026.03.27_14.36.00.bin,ns,12,24.0,26.0,0.25,0.9544711112976074,0.08218444883823395,8,"[0.988, 1.072, 1.162, 1.27, 1.33, 1.402, 1.478, 1.956]","[24.988, 25.072, 25.162, 25.27, 25.33, 25.402, 25.478, 25.956]",model_verified,8,"[0.988, 1.072, 1.162, 1.27, 1.33, 1.402, 1.478, 1.956]","[24.988, 25.072, 25.162, 25.27, 25.33, 25.402, 25.478, 25.956]",,
Broadband_Data_2026.03.27_14.36.00_ns_seg013,/home/s_grudinin/code/university/vlf_analyzing/new_test_raw_data/raw_v2/Broadband_Data_2026.03.27_14.36.00.bin,ns,13,26.0,28.0,0.25,0.9706569910049438,0.07258237898349762,7,"[0.54, 0.662, 1.124, 1.284, 1.452, 1.658, 1.882]","[26.54, 26.662, 27.124, 27.284, 27.452, 27.658, 27.882]",model_verified,7,"[0.54, 0.662, 1.124, 1.284, 1.452, 1.658, 1.882]","[26.54, 26.662, 27.124, 27.284, 27.452, 27.658, 27.882]",,
Broadband_Data_2026.03.27_14.36.00_ns_seg014,/home/s_grudinin/code/university/vlf_analyzing/new_test_raw_data/raw_v2/Broadband_Data_2026.03.27_14.36.00.bin,ns,14,28.0,30.0,0.25,0.5367206931114197,0.04636729136109352,4,"[0.062, 0.798, 1.04, 1.624]","[28.062, 28.798, 29.04, 29.624]",model_verified,4,"[0.062, 0.798, 1.04, 1.624]","[28.062, 28.798, 29.04, 29.624]",,
Broadband_Data_2026.03.27_14.36.00_ns_seg015,/home/s_grudinin/code/university/vlf_analyzing/new_test_raw_data/raw_v2/Broadband_Data_2026.03.27_14.36.00.bin,ns,15,30.0,32.0,0.25,0.8491934537887573,0.07173697650432587,6,"[1.284, 1.394, 1.482, 1.52, 1.644, 1.686]","[31.284, 31.394, 31.482, 31.52, 31.644, 31.686]",model_verified,6,"[1.284, 1.394, 1.482, 1.52, 1.644, 1.686]","[31.284, 31.394, 31.482, 31.52, 31.644, 31.686]",,
Broadband_Data_2026.03.27_14.36.00_ns_seg016,/home/s_grudinin/code/university/vlf_analyzing/new_test_raw_data/raw_v2/Broadband_Data_2026.03.27_14.36.00.bin,ns,16,32.0,34.0,0.25,0.7567264437675476,0.04422113299369812,4,"[0.3, 0.762, 0.818, 1.004]","[32.3, 32.762, 32.818, 33.004]",manual_corrected,2,"[0.299748, 0.760002]","[32.299748, 32.760002]",,
Broadband_Data_2026.03.27_14.36.00_ns_seg017,/home/s_grudinin/code/university/vlf_analyzing/new_test_raw_data/raw_v2/Broadband_Data_2026.03.27_14.36.00.bin,ns,17,34.0,36.0,0.25,0.7834481596946716,0.04077644273638725,2,"[0.336, 0.9]","[34.336, 34.9]",manual_corrected,1,[0.338692],[34.338692],,
Broadband_Data_2026.03.27_14.36.00_ns_seg018,/home/s_grudinin/code/university/vlf_analyzing/new_test_raw_data/raw_v2/Broadband_Data_2026.03.27_14.36.00.bin,ns,18,36.0,38.0,0.25,0.9804542660713196,0.05007987841963768,4,"[0.548, 0.918, 1.506, 1.568]","[36.548, 36.918, 37.506, 37.568]",model_verified,4,"[0.548, 0.918, 1.506, 1.568]","[36.548, 36.918, 37.506, 37.568]",,
Broadband_Data_2026.03.27_14.36.00_ns_seg019,/home/s_grudinin/code/university/vlf_analyzing/new_test_raw_data/raw_v2/Broadband_Data_2026.03.27_14.36.00.bin,ns,19,38.0,40.0,0.25,0.8343597054481506,0.07304442673921585,6,"[0.674, 0.766, 0.818, 0.86, 0.946, 1.92]","[38.674, 38.766, 38.818, 38.86, 38.946, 39.92]",model_verified,6,"[0.674, 0.766, 0.818, 0.86, 0.946, 1.92]","[38.674, 38.766, 38.818, 38.86, 38.946, 39.92]",,
Broadband_Data_2026.03.27_14.36.00_ns_seg020,/home/s_grudinin/code/university/vlf_analyzing/new_test_raw_data/raw_v2/Broadband_Data_2026.03.27_14.36.00.bin,ns,20,40.0,42.0,0.25,0.8750608563423157,0.05300850048661232,5,"[0.506, 0.744, 1.002, 1.4, 1.912]","[40.506, 40.744, 41.002, 41.4, 41.912]",model_verified,5,"[0.506, 0.744, 1.002, 1.4, 1.912]","[40.506, 40.744, 41.002, 41.4, 41.912]",,
Broadband_Data_2026.03.27_14.36.00_ns_seg021,/home/s_grudinin/code/university/vlf_analyzing/new_test_raw_data/raw_v2/Broadband_Data_2026.03.27_14.36.00.bin,ns,21,42.0,44.0,0.25,0.9968484044075012,0.07310238480567932,5,"[0.904, 1.058, 1.11, 1.198, 1.574]","[42.904, 43.058, 43.11, 43.198, 43.574]",model_verified,5,"[0.904, 1.058, 1.11, 1.198, 1.574]","[42.904, 43.058, 43.11, 43.198, 43.574]",,
Broadband_Data_2026.03.27_14.36.00_ns_seg022,/home/s_grudinin/code/university/vlf_analyzing/new_test_raw_data/raw_v2/Broadband_Data_2026.03.27_14.36.00.bin,ns,22,44.0,46.0,0.25,0.282553106546402,0.03562811017036438,1,[0.042],[44.042],model_verified,1,[0.042],[44.042],,
Broadband_Data_2026.03.27_14.36.00_ns_seg023,/home/s_grudinin/code/university/vlf_analyzing/new_test_raw_data/raw_v2/Broadband_Data_2026.03.27_14.36.00.bin,ns,23,46.0,48.0,0.25,0.8771302700042725,0.073989637196064,7,"[0.122, 0.366, 0.442, 0.77, 0.954, 1.286, 1.73]","[46.122, 46.366, 46.442, 46.77, 46.954, 47.286, 47.73]",model_verified,7,"[0.122, 0.366, 0.442, 0.77, 0.954, 1.286, 1.73]","[46.122, 46.366, 46.442, 46.77, 46.954, 47.286, 47.73]",,
Broadband_Data_2026.03.27_14.36.00_ns_seg024,/home/s_grudinin/code/university/vlf_analyzing/new_test_raw_data/raw_v2/Broadband_Data_2026.03.27_14.36.00.bin,ns,24,48.0,50.0,0.25,0.9407247304916382,0.06386164575815201,4,"[0.932, 1.046, 1.122, 1.502]","[48.932, 49.046, 49.122, 49.502]",model_verified,4,"[0.932, 1.046, 1.122, 1.502]","[48.932, 49.046, 49.122, 49.502]",,
Broadband_Data_2026.03.27_14.36.00_ns_seg025,/home/s_grudinin/code/university/vlf_analyzing/new_test_raw_data/raw_v2/Broadband_Data_2026.03.27_14.36.00.bin,ns,25,50.0,52.0,0.25,0.95215904712677,0.0574176050722599,4,"[0.97, 1.006, 1.062, 1.226]","[50.97, 51.006, 51.062, 51.226]",model_verified,4,"[0.97, 1.006, 1.062, 1.226]","[50.97, 51.006, 51.062, 51.226]",,
Broadband_Data_2026.03.27_14.36.00_ns_seg026,/home/s_grudinin/code/university/vlf_analyzing/new_test_raw_data/raw_v2/Broadband_Data_2026.03.27_14.36.00.bin,ns,26,52.0,54.0,0.25,0.5152746438980103,0.04529615491628647,4,"[0.026, 0.39, 0.988, 1.066]","[52.026, 52.39, 52.988, 53.066]",model_verified,4,"[0.026, 0.39, 0.988, 1.066]","[52.026, 52.39, 52.988, 53.066]",,
Broadband_Data_2026.03.27_14.36.00_ns_seg027,/home/s_grudinin/code/university/vlf_analyzing/new_test_raw_data/raw_v2/Broadband_Data_2026.03.27_14.36.00.bin,ns,27,54.0,56.0,0.25,0.8348478674888611,0.09194536507129669,11,"[0.096, 0.15, 0.286, 0.902, 0.952, 1.028, 1.106, 1.236, 1.598, 1.704, 1.792]","[54.096, 54.15, 54.286, 54.902, 54.952, 55.028, 55.106, 55.236, 55.598, 55.704, 55.792]",model_verified,11,"[0.096, 0.15, 0.286, 0.902, 0.952, 1.028, 1.106, 1.236, 1.598, 1.704, 1.792]","[54.096, 54.15, 54.286, 54.902, 54.952, 55.028, 55.106, 55.236, 55.598, 55.704, 55.792]",,
Broadband_Data_2026.03.27_14.36.00_ns_seg028,/home/s_grudinin/code/university/vlf_analyzing/new_test_raw_data/raw_v2/Broadband_Data_2026.03.27_14.36.00.bin,ns,28,56.0,58.0,0.25,0.9750598073005676,0.06550584733486176,5,"[0.374, 0.956, 0.994, 1.79, 1.938]","[56.374, 56.956, 56.994, 57.79, 57.938]",model_verified,5,"[0.374, 0.956, 0.994, 1.79, 1.938]","[56.374, 56.956, 56.994, 57.79, 57.938]",,
Broadband_Data_2026.03.27_14.36.00_ns_seg029,/home/s_grudinin/code/university/vlf_analyzing/new_test_raw_data/raw_v2/Broadband_Data_2026.03.27_14.36.00.bin,ns,29,58.0,60.0,0.25,0.4580203592777252,0.04234401509165764,4,"[0.432, 0.772, 0.972, 1.728]","[58.432, 58.772, 58.972, 59.728]",model_verified,4,"[0.432, 0.772, 0.972, 1.728]","[58.432, 58.772, 58.972, 59.728]",,
Broadband_Data_2026.03.27_14.36.00_we_seg000,/home/s_grudinin/code/university/vlf_analyzing/new_test_raw_data/raw_v2/Broadband_Data_2026.03.27_14.36.00.bin,we,0,0.0,2.0,0.25,0.99718177318573,0.04425317049026489,2,"[0.83, 1.0]","[0.83, 1.0]",model_verified,2,"[0.83, 1.0]","[0.83, 1.0]",,
Broadband_Data_2026.03.27_14.36.00_we_seg001,/home/s_grudinin/code/university/vlf_analyzing/new_test_raw_data/raw_v2/Broadband_Data_2026.03.27_14.36.00.bin,we,1,2.0,4.0,0.25,0.9969899654388428,0.041414640843868256,1,[1.0],[3.0],model_verified,1,[1.0],[3.0],,
Broadband_Data_2026.03.27_14.36.00_we_seg002,/home/s_grudinin/code/university/vlf_analyzing/new_test_raw_data/raw_v2/Broadband_Data_2026.03.27_14.36.00.bin,we,2,4.0,6.0,0.25,0.9973025321960449,0.0420190691947937,1,[1.0],[5.0],model_verified,1,[1.0],[5.0],,
Broadband_Data_2026.03.27_14.36.00_we_seg003,/home/s_grudinin/code/university/vlf_analyzing/new_test_raw_data/raw_v2/Broadband_Data_2026.03.27_14.36.00.bin,we,3,6.0,8.0,0.25,0.9968164563179016,0.042601730674505234,1,[1.0],[7.0],model_verified,1,[1.0],[7.0],,
Broadband_Data_2026.03.27_14.36.00_we_seg004,/home/s_grudinin/code/university/vlf_analyzing/new_test_raw_data/raw_v2/Broadband_Data_2026.03.27_14.36.00.bin,we,4,8.0,10.0,0.25,0.9969235062599182,0.042657382786273956,1,[1.0],[9.0],model_verified,1,[1.0],[9.0],,
Broadband_Data_2026.03.27_14.36.00_we_seg005,/home/s_grudinin/code/university/vlf_analyzing/new_test_raw_data/raw_v2/Broadband_Data_2026.03.27_14.36.00.bin,we,5,10.0,12.0,0.25,0.9971646666526794,0.059385042637586594,3,"[0.064, 0.61, 1.0]","[10.064, 10.61, 11.0]",model_verified,3,"[0.064, 0.61, 1.0]","[10.064, 10.61, 11.0]",,
Broadband_Data_2026.03.27_14.36.00_we_seg006,/home/s_grudinin/code/university/vlf_analyzing/new_test_raw_data/raw_v2/Broadband_Data_2026.03.27_14.36.00.bin,we,6,12.0,14.0,0.25,0.9978013634681702,0.05037984624505043,3,"[0.772, 0.826, 1.0]","[12.772, 12.826, 13.0]",model_verified,3,"[0.772, 0.826, 1.0]","[12.772, 12.826, 13.0]",,
Broadband_Data_2026.03.27_14.36.00_we_seg007,/home/s_grudinin/code/university/vlf_analyzing/new_test_raw_data/raw_v2/Broadband_Data_2026.03.27_14.36.00.bin,we,7,14.0,16.0,0.25,0.9967785477638245,0.04531865566968918,1,[1.0],[15.0],model_verified,1,[1.0],[15.0],,
Broadband_Data_2026.03.27_14.36.00_we_seg008,/home/s_grudinin/code/university/vlf_analyzing/new_test_raw_data/raw_v2/Broadband_Data_2026.03.27_14.36.00.bin,we,8,16.0,18.0,0.25,0.9965992569923401,0.04477108269929886,1,[1.0],[17.0],model_verified,1,[1.0],[17.0],,
Broadband_Data_2026.03.27_14.36.00_we_seg009,/home/s_grudinin/code/university/vlf_analyzing/new_test_raw_data/raw_v2/Broadband_Data_2026.03.27_14.36.00.bin,we,9,18.0,20.0,0.25,0.9967558979988098,0.042658451944589615,1,[1.0],[19.0],model_verified,1,[1.0],[19.0],,
Broadband_Data_2026.03.27_14.36.00_we_seg010,/home/s_grudinin/code/university/vlf_analyzing/new_test_raw_data/raw_v2/Broadband_Data_2026.03.27_14.36.00.bin,we,10,20.0,22.0,0.25,0.9971017241477966,0.045476630330085754,1,[1.0],[21.0],model_verified,1,[1.0],[21.0],,
Broadband_Data_2026.03.27_14.36.00_we_seg011,/home/s_grudinin/code/university/vlf_analyzing/new_test_raw_data/raw_v2/Broadband_Data_2026.03.27_14.36.00.bin,we,11,22.0,24.0,0.25,0.9968605041503906,0.04420283064246178,1,[1.0],[23.0],model_verified,1,[1.0],[23.0],,
Broadband_Data_2026.03.27_14.36.00_we_seg012,/home/s_grudinin/code/university/vlf_analyzing/new_test_raw_data/raw_v2/Broadband_Data_2026.03.27_14.36.00.bin,we,12,24.0,26.0,0.25,0.9970056414604187,0.04351278766989708,1,[1.0],[25.0],model_verified,1,[1.0],[25.0],,
Broadband_Data_2026.03.27_14.36.00_we_seg013,/home/s_grudinin/code/university/vlf_analyzing/new_test_raw_data/raw_v2/Broadband_Data_2026.03.27_14.36.00.bin,we,13,26.0,28.0,0.25,0.9972971081733704,0.05158942565321922,2,"[1.0, 1.288]","[27.0, 27.288]",model_verified,2,"[1.0, 1.288]","[27.0, 27.288]",,
Broadband_Data_2026.03.27_14.36.00_we_seg014,/home/s_grudinin/code/university/vlf_analyzing/new_test_raw_data/raw_v2/Broadband_Data_2026.03.27_14.36.00.bin,we,14,28.0,30.0,0.25,0.9970564842224121,0.04610971361398697,2,"[1.0, 1.336]","[29.0, 29.336]",model_verified,2,"[1.0, 1.336]","[29.0, 29.336]",,
Broadband_Data_2026.03.27_14.36.00_we_seg015,/home/s_grudinin/code/university/vlf_analyzing/new_test_raw_data/raw_v2/Broadband_Data_2026.03.27_14.36.00.bin,we,15,30.0,32.0,0.25,0.9971047043800354,0.047512322664260864,2,"[1.0, 1.278]","[31.0, 31.278]",model_verified,2,"[1.0, 1.278]","[31.0, 31.278]",,
Broadband_Data_2026.03.27_14.36.00_we_seg016,/home/s_grudinin/code/university/vlf_analyzing/new_test_raw_data/raw_v2/Broadband_Data_2026.03.27_14.36.00.bin,we,16,32.0,34.0,0.25,0.9968425035476685,0.04392709583044052,1,[1.0],[33.0],model_verified,1,[1.0],[33.0],,
Broadband_Data_2026.03.27_14.36.00_we_seg017,/home/s_grudinin/code/university/vlf_analyzing/new_test_raw_data/raw_v2/Broadband_Data_2026.03.27_14.36.00.bin,we,17,34.0,36.0,0.25,0.99739670753479,0.04276132583618164,1,[1.0],[35.0],model_verified,1,[1.0],[35.0],,
Broadband_Data_2026.03.27_14.36.00_we_seg018,/home/s_grudinin/code/university/vlf_analyzing/new_test_raw_data/raw_v2/Broadband_Data_2026.03.27_14.36.00.bin,we,18,36.0,38.0,0.25,0.9971131086349487,0.043679460883140564,1,[1.0],[37.0],model_verified,1,[1.0],[37.0],,
Broadband_Data_2026.03.27_14.36.00_we_seg019,/home/s_grudinin/code/university/vlf_analyzing/new_test_raw_data/raw_v2/Broadband_Data_2026.03.27_14.36.00.bin,we,19,38.0,40.0,0.25,0.9971227049827576,0.04643966257572174,2,"[0.858, 1.0]","[38.858, 39.0]",model_verified,2,"[0.858, 1.0]","[38.858, 39.0]",,
Broadband_Data_2026.03.27_14.36.00_we_seg020,/home/s_grudinin/code/university/vlf_analyzing/new_test_raw_data/raw_v2/Broadband_Data_2026.03.27_14.36.00.bin,we,20,40.0,42.0,0.25,0.9972251653671265,0.041794776916503906,1,[1.0],[41.0],model_verified,1,[1.0],[41.0],,
Broadband_Data_2026.03.27_14.36.00_we_seg021,/home/s_grudinin/code/university/vlf_analyzing/new_test_raw_data/raw_v2/Broadband_Data_2026.03.27_14.36.00.bin,we,21,42.0,44.0,0.25,0.9969197511672974,0.053663212805986404,2,"[1.0, 1.058]","[43.0, 43.058]",model_verified,2,"[1.0, 1.058]","[43.0, 43.058]",,
Broadband_Data_2026.03.27_14.36.00_we_seg022,/home/s_grudinin/code/university/vlf_analyzing/new_test_raw_data/raw_v2/Broadband_Data_2026.03.27_14.36.00.bin,we,22,44.0,46.0,0.25,0.9970170259475708,0.04281378909945488,1,[1.0],[45.0],model_verified,1,[1.0],[45.0],,
Broadband_Data_2026.03.27_14.36.00_we_seg023,/home/s_grudinin/code/university/vlf_analyzing/new_test_raw_data/raw_v2/Broadband_Data_2026.03.27_14.36.00.bin,we,23,46.0,48.0,0.25,0.9970765113830566,0.052704665809869766,2,"[1.0, 1.292]","[47.0, 47.292]",model_verified,2,"[1.0, 1.292]","[47.0, 47.292]",,
Broadband_Data_2026.03.27_14.36.00_we_seg024,/home/s_grudinin/code/university/vlf_analyzing/new_test_raw_data/raw_v2/Broadband_Data_2026.03.27_14.36.00.bin,we,24,48.0,50.0,0.25,0.9969282746315002,0.04320986196398735,1,[1.0],[49.0],model_verified,1,[1.0],[49.0],,
Broadband_Data_2026.03.27_14.36.00_we_seg025,/home/s_grudinin/code/university/vlf_analyzing/new_test_raw_data/raw_v2/Broadband_Data_2026.03.27_14.36.00.bin,we,25,50.0,52.0,0.25,0.9971044659614563,0.04146662354469299,1,[1.0],[51.0],model_verified,1,[1.0],[51.0],,
Broadband_Data_2026.03.27_14.36.00_we_seg026,/home/s_grudinin/code/university/vlf_analyzing/new_test_raw_data/raw_v2/Broadband_Data_2026.03.27_14.36.00.bin,we,26,52.0,54.0,0.25,0.996915340423584,0.04271464794874191,1,[1.0],[53.0],model_verified,1,[1.0],[53.0],,
Broadband_Data_2026.03.27_14.36.00_we_seg027,/home/s_grudinin/code/university/vlf_analyzing/new_test_raw_data/raw_v2/Broadband_Data_2026.03.27_14.36.00.bin,we,27,54.0,56.0,0.25,0.9970329999923706,0.04411906376481056,1,[1.0],[55.0],model_verified,1,[1.0],[55.0],,
Broadband_Data_2026.03.27_14.36.00_we_seg028,/home/s_grudinin/code/university/vlf_analyzing/new_test_raw_data/raw_v2/Broadband_Data_2026.03.27_14.36.00.bin,we,28,56.0,58.0,0.25,0.996978759765625,0.04358558729290962,1,[1.0],[57.0],model_verified,1,[1.0],[57.0],,
Broadband_Data_2026.03.27_14.36.00_we_seg029,/home/s_grudinin/code/university/vlf_analyzing/new_test_raw_data/raw_v2/Broadband_Data_2026.03.27_14.36.00.bin,we,29,58.0,60.0,0.25,0.997338593006134,0.04401248320937157,2,"[0.428, 1.0]","[58.428, 59.0]",model_verified,2,"[0.428, 1.0]","[58.428, 59.0]",,
Broadband_Data_2026.03.27_18.24.00_ns_seg000,/home/s_grudinin/code/university/vlf_analyzing/new_test_raw_data/raw_v2/Broadband_Data_2026.03.27_18.24.00.bin,ns,0,0.0,2.0,0.25,0.989482045173645,0.058429475873708725,3,"[0.768, 1.326, 1.884]","[0.768, 1.326, 1.884]",model_verified,3,"[0.768, 1.326, 1.884]","[0.768, 1.326, 1.884]",,
Broadband_Data_2026.03.27_18.24.00_ns_seg001,/home/s_grudinin/code/university/vlf_analyzing/new_test_raw_data/raw_v2/Broadband_Data_2026.03.27_18.24.00.bin,ns,1,2.0,4.0,0.25,0.44464969635009766,0.03306179866194725,1,[1.84],[3.84],model_verified,1,[1.84],[3.84],,
Broadband_Data_2026.03.27_18.24.00_ns_seg002,/home/s_grudinin/code/university/vlf_analyzing/new_test_raw_data/raw_v2/Broadband_Data_2026.03.27_18.24.00.bin,ns,2,4.0,6.0,0.25,0.6612758636474609,0.04690639302134514,4,"[0.186, 1.05, 1.448, 1.616]","[4.186, 5.05, 5.448, 5.616]",model_verified,4,"[0.186, 1.05, 1.448, 1.616]","[4.186, 5.05, 5.448, 5.616]",,
Broadband_Data_2026.03.27_18.24.00_ns_seg003,/home/s_grudinin/code/university/vlf_analyzing/new_test_raw_data/raw_v2/Broadband_Data_2026.03.27_18.24.00.bin,ns,3,6.0,8.0,0.25,0.49692684412002563,0.041566770523786545,4,"[0.512, 0.574, 0.87, 1.296]","[6.512, 6.574, 6.87, 7.296]",model_verified,4,"[0.512, 0.574, 0.87, 1.296]","[6.512, 6.574, 6.87, 7.296]",,
Broadband_Data_2026.03.27_18.24.00_ns_seg004,/home/s_grudinin/code/university/vlf_analyzing/new_test_raw_data/raw_v2/Broadband_Data_2026.03.27_18.24.00.bin,ns,4,8.0,10.0,0.25,0.9625775218009949,0.06495454162359238,5,"[0.562, 0.68, 1.024, 1.194, 1.978]","[8.562, 8.68, 9.024, 9.194, 9.978]",model_verified,5,"[0.562, 0.68, 1.024, 1.194, 1.978]","[8.562, 8.68, 9.024, 9.194, 9.978]",,
Broadband_Data_2026.03.27_18.24.00_ns_seg005,/home/s_grudinin/code/university/vlf_analyzing/new_test_raw_data/raw_v2/Broadband_Data_2026.03.27_18.24.00.bin,ns,5,10.0,12.0,0.25,0.4733435809612274,0.03640781715512276,1,[0.09],[10.09],model_verified,1,[0.09],[10.09],,
Broadband_Data_2026.03.27_18.24.00_ns_seg006,/home/s_grudinin/code/university/vlf_analyzing/new_test_raw_data/raw_v2/Broadband_Data_2026.03.27_18.24.00.bin,ns,6,12.0,14.0,0.25,0.6151440739631653,0.04179651290178299,2,"[0.746, 1.264]","[12.746, 13.264]",model_verified,2,"[0.746, 1.264]","[12.746, 13.264]",,
Broadband_Data_2026.03.27_18.24.00_ns_seg007,/home/s_grudinin/code/university/vlf_analyzing/new_test_raw_data/raw_v2/Broadband_Data_2026.03.27_18.24.00.bin,ns,7,14.0,16.0,0.25,0.9430744051933289,0.05190672725439072,4,"[0.42, 0.556, 0.646, 1.866]","[14.42, 14.556, 14.646, 15.866]",model_verified,4,"[0.42, 0.556, 0.646, 1.866]","[14.42, 14.556, 14.646, 15.866]",,
Broadband_Data_2026.03.27_18.24.00_ns_seg008,/home/s_grudinin/code/university/vlf_analyzing/new_test_raw_data/raw_v2/Broadband_Data_2026.03.27_18.24.00.bin,ns,8,16.0,18.0,0.25,0.7644128799438477,0.05079753324389458,4,"[0.268, 0.384, 1.482, 1.572]","[16.268, 16.384, 17.482, 17.572]",model_verified,4,"[0.268, 0.384, 1.482, 1.572]","[16.268, 16.384, 17.482, 17.572]",,
Broadband_Data_2026.03.27_18.24.00_ns_seg009,/home/s_grudinin/code/university/vlf_analyzing/new_test_raw_data/raw_v2/Broadband_Data_2026.03.27_18.24.00.bin,ns,9,18.0,20.0,0.25,0.9349485635757446,0.08453350514173508,8,"[0.82, 0.87, 0.906, 1.288, 1.456, 1.516, 1.68, 1.71]","[18.82, 18.87, 18.906, 19.288, 19.456, 19.516, 19.68, 19.71]",model_verified,8,"[0.82, 0.87, 0.906, 1.288, 1.456, 1.516, 1.68, 1.71]","[18.82, 18.87, 18.906, 19.288, 19.456, 19.516, 19.68, 19.71]",,
Broadband_Data_2026.03.27_18.24.00_ns_seg010,/home/s_grudinin/code/university/vlf_analyzing/new_test_raw_data/raw_v2/Broadband_Data_2026.03.27_18.24.00.bin,ns,10,20.0,22.0,0.25,0.9772453904151917,0.07366477698087692,7,"[0.242, 0.76, 0.994, 1.05, 1.214, 1.826, 1.976]","[20.242, 20.76, 20.994, 21.05, 21.214, 21.826, 21.976]",model_verified,7,"[0.242, 0.76, 0.994, 1.05, 1.214, 1.826, 1.976]","[20.242, 20.76, 20.994, 21.05, 21.214, 21.826, 21.976]",,
Broadband_Data_2026.03.27_18.24.00_ns_seg011,/home/s_grudinin/code/university/vlf_analyzing/new_test_raw_data/raw_v2/Broadband_Data_2026.03.27_18.24.00.bin,ns,11,22.0,24.0,0.25,0.9894654750823975,0.06527453660964966,4,"[0.71, 0.822, 1.13, 1.982]","[22.71, 22.822, 23.13, 23.982]",model_verified,4,"[0.71, 0.822, 1.13, 1.982]","[22.71, 22.822, 23.13, 23.982]",,
Broadband_Data_2026.03.27_18.24.00_ns_seg012,/home/s_grudinin/code/university/vlf_analyzing/new_test_raw_data/raw_v2/Broadband_Data_2026.03.27_18.24.00.bin,ns,12,24.0,26.0,0.25,0.9621092081069946,0.06576704233884811,3,"[0.518, 1.092, 1.658]","[24.518, 25.092, 25.658]",model_verified,3,"[0.518, 1.092, 1.658]","[24.518, 25.092, 25.658]",,
Broadband_Data_2026.03.27_18.24.00_ns_seg013,/home/s_grudinin/code/university/vlf_analyzing/new_test_raw_data/raw_v2/Broadband_Data_2026.03.27_18.24.00.bin,ns,13,26.0,28.0,0.25,0.982684314250946,0.05397121608257294,5,"[0.452, 0.598, 1.048, 1.43, 1.508]","[26.452, 26.598, 27.048, 27.43, 27.508]",model_verified,5,"[0.452, 0.598, 1.048, 1.43, 1.508]","[26.452, 26.598, 27.048, 27.43, 27.508]",,
Broadband_Data_2026.03.27_18.24.00_ns_seg014,/home/s_grudinin/code/university/vlf_analyzing/new_test_raw_data/raw_v2/Broadband_Data_2026.03.27_18.24.00.bin,ns,14,28.0,30.0,0.25,0.91550213098526,0.06228793412446976,7,"[0.032, 0.176, 0.598, 0.64, 1.056, 1.11, 1.4]","[28.032, 28.176, 28.598, 28.64, 29.056, 29.11, 29.4]",model_verified,7,"[0.032, 0.176, 0.598, 0.64, 1.056, 1.11, 1.4]","[28.032, 28.176, 28.598, 28.64, 29.056, 29.11, 29.4]",,
Broadband_Data_2026.03.27_18.24.00_ns_seg015,/home/s_grudinin/code/university/vlf_analyzing/new_test_raw_data/raw_v2/Broadband_Data_2026.03.27_18.24.00.bin,ns,15,30.0,32.0,0.25,0.4972001612186432,0.03881542757153511,1,[1.056],[31.056],model_verified,1,[1.056],[31.056],,
Broadband_Data_2026.03.27_18.24.00_ns_seg016,/home/s_grudinin/code/university/vlf_analyzing/new_test_raw_data/raw_v2/Broadband_Data_2026.03.27_18.24.00.bin,ns,16,32.0,34.0,0.25,0.8259114027023315,0.04647807776927948,2,"[0.682, 1.574]","[32.682, 33.574]",model_verified,2,"[0.682, 1.574]","[32.682, 33.574]",,
Broadband_Data_2026.03.27_18.24.00_ns_seg017,/home/s_grudinin/code/university/vlf_analyzing/new_test_raw_data/raw_v2/Broadband_Data_2026.03.27_18.24.00.bin,ns,17,34.0,36.0,0.25,0.7937852144241333,0.04235316440463066,1,[0.952],[34.952],model_verified,1,[0.952],[34.952],,
Broadband_Data_2026.03.27_18.24.00_ns_seg018,/home/s_grudinin/code/university/vlf_analyzing/new_test_raw_data/raw_v2/Broadband_Data_2026.03.27_18.24.00.bin,ns,18,36.0,38.0,0.25,0.9820544719696045,0.057768821716308594,5,"[0.766, 0.802, 0.904, 1.284, 1.982]","[36.766, 36.802, 36.904, 37.284, 37.982]",model_verified,5,"[0.766, 0.802, 0.904, 1.284, 1.982]","[36.766, 36.802, 36.904, 37.284, 37.982]",,
Broadband_Data_2026.03.27_18.24.00_ns_seg019,/home/s_grudinin/code/university/vlf_analyzing/new_test_raw_data/raw_v2/Broadband_Data_2026.03.27_18.24.00.bin,ns,19,38.0,40.0,0.25,0.9585483074188232,0.06201500445604324,6,"[0.018, 0.104, 0.15, 0.526, 0.794, 1.074]","[38.018, 38.104, 38.15, 38.526, 38.794, 39.074]",model_verified,6,"[0.018, 0.104, 0.15, 0.526, 0.794, 1.074]","[38.018, 38.104, 38.15, 38.526, 38.794, 39.074]",,
Broadband_Data_2026.03.27_18.24.00_ns_seg020,/home/s_grudinin/code/university/vlf_analyzing/new_test_raw_data/raw_v2/Broadband_Data_2026.03.27_18.24.00.bin,ns,20,40.0,42.0,0.25,0.8113443851470947,0.04346879571676254,2,"[0.18, 1.658]","[40.18, 41.658]",model_verified,2,"[0.18, 1.658]","[40.18, 41.658]",,
Broadband_Data_2026.03.27_18.24.00_ns_seg021,/home/s_grudinin/code/university/vlf_analyzing/new_test_raw_data/raw_v2/Broadband_Data_2026.03.27_18.24.00.bin,ns,21,42.0,44.0,0.25,0.3165360987186432,0.03591383248567581,1,[0.176],[42.176],model_verified,1,[0.176],[42.176],,
Broadband_Data_2026.03.27_18.24.00_ns_seg022,/home/s_grudinin/code/university/vlf_analyzing/new_test_raw_data/raw_v2/Broadband_Data_2026.03.27_18.24.00.bin,ns,22,44.0,46.0,0.25,0.7501468062400818,0.06263557076454163,6,"[0.136, 0.226, 0.416, 0.8, 0.9, 1.922]","[44.136, 44.226, 44.416, 44.8, 44.9, 45.922]",model_verified,6,"[0.136, 0.226, 0.416, 0.8, 0.9, 1.922]","[44.136, 44.226, 44.416, 44.8, 44.9, 45.922]",,
Broadband_Data_2026.03.27_18.24.00_ns_seg023,/home/s_grudinin/code/university/vlf_analyzing/new_test_raw_data/raw_v2/Broadband_Data_2026.03.27_18.24.00.bin,ns,23,46.0,48.0,0.25,0.76423579454422,0.07135916501283646,7,"[0.222, 0.626, 0.66, 1.256, 1.548, 1.596, 1.872]","[46.222, 46.626, 46.66, 47.256, 47.548, 47.596, 47.872]",model_verified,7,"[0.222, 0.626, 0.66, 1.256, 1.548, 1.596, 1.872]","[46.222, 46.626, 46.66, 47.256, 47.548, 47.596, 47.872]",,
Broadband_Data_2026.03.27_18.24.00_ns_seg024,/home/s_grudinin/code/university/vlf_analyzing/new_test_raw_data/raw_v2/Broadband_Data_2026.03.27_18.24.00.bin,ns,24,48.0,50.0,0.25,0.9947984218597412,0.06578606367111206,6,"[0.982, 1.042, 1.358, 1.526, 1.594, 1.854]","[48.982, 49.042, 49.358, 49.526, 49.594, 49.854]",model_verified,6,"[0.982, 1.042, 1.358, 1.526, 1.594, 1.854]","[48.982, 49.042, 49.358, 49.526, 49.594, 49.854]",,
Broadband_Data_2026.03.27_18.24.00_ns_seg025,/home/s_grudinin/code/university/vlf_analyzing/new_test_raw_data/raw_v2/Broadband_Data_2026.03.27_18.24.00.bin,ns,25,50.0,52.0,0.25,0.9873487949371338,0.059738628566265106,5,"[0.112, 0.142, 0.224, 0.32, 0.444]","[50.112, 50.142, 50.224, 50.32, 50.444]",model_verified,5,"[0.112, 0.142, 0.224, 0.32, 0.444]","[50.112, 50.142, 50.224, 50.32, 50.444]",,
Broadband_Data_2026.03.27_18.24.00_ns_seg026,/home/s_grudinin/code/university/vlf_analyzing/new_test_raw_data/raw_v2/Broadband_Data_2026.03.27_18.24.00.bin,ns,26,52.0,54.0,0.25,0.5891923904418945,0.041265927255153656,3,"[0.474, 0.776, 1.562]","[52.474, 52.776, 53.562]",model_verified,3,"[0.474, 0.776, 1.562]","[52.474, 52.776, 53.562]",,
Broadband_Data_2026.03.27_18.24.00_ns_seg027,/home/s_grudinin/code/university/vlf_analyzing/new_test_raw_data/raw_v2/Broadband_Data_2026.03.27_18.24.00.bin,ns,27,54.0,56.0,0.25,0.8518257737159729,0.07366141676902771,10,"[0.53, 0.576, 0.848, 0.916, 0.994, 1.076, 1.172, 1.388, 1.458, 1.51]","[54.53, 54.576, 54.848, 54.916, 54.994, 55.076, 55.172, 55.388, 55.458, 55.51]",model_verified,10,"[0.53, 0.576, 0.848, 0.916, 0.994, 1.076, 1.172, 1.388, 1.458, 1.51]","[54.53, 54.576, 54.848, 54.916, 54.994, 55.076, 55.172, 55.388, 55.458, 55.51]",,
Broadband_Data_2026.03.27_18.24.00_ns_seg028,/home/s_grudinin/code/university/vlf_analyzing/new_test_raw_data/raw_v2/Broadband_Data_2026.03.27_18.24.00.bin,ns,28,56.0,58.0,0.25,0.7532778978347778,0.06384505331516266,6,"[0.034, 0.102, 0.136, 0.3, 1.712, 1.796]","[56.034, 56.102, 56.136, 56.3, 57.712, 57.796]",model_verified,6,"[0.034, 0.102, 0.136, 0.3, 1.712, 1.796]","[56.034, 56.102, 56.136, 56.3, 57.712, 57.796]",,
Broadband_Data_2026.03.27_18.24.00_ns_seg029,/home/s_grudinin/code/university/vlf_analyzing/new_test_raw_data/raw_v2/Broadband_Data_2026.03.27_18.24.00.bin,ns,29,58.0,60.0,0.25,0.9773244261741638,0.044442519545555115,3,"[0.86, 0.898, 0.996]","[58.86, 58.898, 58.996]",model_verified,3,"[0.86, 0.898, 0.996]","[58.86, 58.898, 58.996]",,
Broadband_Data_2026.03.27_18.24.00_we_seg000,/home/s_grudinin/code/university/vlf_analyzing/new_test_raw_data/raw_v2/Broadband_Data_2026.03.27_18.24.00.bin,we,0,0.0,2.0,0.25,0.9968996047973633,0.05350671336054802,2,"[1.0, 1.88]","[1.0, 1.88]",model_verified,2,"[1.0, 1.88]","[1.0, 1.88]",,
Broadband_Data_2026.03.27_18.24.00_we_seg001,/home/s_grudinin/code/university/vlf_analyzing/new_test_raw_data/raw_v2/Broadband_Data_2026.03.27_18.24.00.bin,we,1,2.0,4.0,0.25,0.9971408843994141,0.047268401831388474,1,[1.0],[3.0],model_verified,1,[1.0],[3.0],,
Broadband_Data_2026.03.27_18.24.00_we_seg002,/home/s_grudinin/code/university/vlf_analyzing/new_test_raw_data/raw_v2/Broadband_Data_2026.03.27_18.24.00.bin,we,2,4.0,6.0,0.25,0.9971108436584473,0.046674694865942,1,[1.0],[5.0],model_verified,1,[1.0],[5.0],,
Broadband_Data_2026.03.27_18.24.00_we_seg003,/home/s_grudinin/code/university/vlf_analyzing/new_test_raw_data/raw_v2/Broadband_Data_2026.03.27_18.24.00.bin,we,3,6.0,8.0,0.25,0.996924102306366,0.049351196736097336,1,[1.0],[7.0],model_verified,1,[1.0],[7.0],,
Broadband_Data_2026.03.27_18.24.00_we_seg004,/home/s_grudinin/code/university/vlf_analyzing/new_test_raw_data/raw_v2/Broadband_Data_2026.03.27_18.24.00.bin,we,4,8.0,10.0,0.25,0.996735155582428,0.051748450845479965,2,"[1.0, 1.19]","[9.0, 9.19]",model_verified,2,"[1.0, 1.19]","[9.0, 9.19]",,
Broadband_Data_2026.03.27_18.24.00_we_seg005,/home/s_grudinin/code/university/vlf_analyzing/new_test_raw_data/raw_v2/Broadband_Data_2026.03.27_18.24.00.bin,we,5,10.0,12.0,0.25,0.9964885711669922,0.04506198316812515,1,[1.0],[11.0],model_verified,1,[1.0],[11.0],,
Broadband_Data_2026.03.27_18.24.00_we_seg006,/home/s_grudinin/code/university/vlf_analyzing/new_test_raw_data/raw_v2/Broadband_Data_2026.03.27_18.24.00.bin,we,6,12.0,14.0,0.25,0.9964626431465149,0.04427824914455414,1,[1.0],[13.0],model_verified,1,[1.0],[13.0],,
Broadband_Data_2026.03.27_18.24.00_we_seg007,/home/s_grudinin/code/university/vlf_analyzing/new_test_raw_data/raw_v2/Broadband_Data_2026.03.27_18.24.00.bin,we,7,14.0,16.0,0.25,0.996206521987915,0.04513479024171829,1,[1.0],[15.0],model_verified,1,[1.0],[15.0],,
Broadband_Data_2026.03.27_18.24.00_we_seg008,/home/s_grudinin/code/university/vlf_analyzing/new_test_raw_data/raw_v2/Broadband_Data_2026.03.27_18.24.00.bin,we,8,16.0,18.0,0.25,0.9968175888061523,0.04433591663837433,1,[1.0],[17.0],model_verified,1,[1.0],[17.0],,
Broadband_Data_2026.03.27_18.24.00_we_seg009,/home/s_grudinin/code/university/vlf_analyzing/new_test_raw_data/raw_v2/Broadband_Data_2026.03.27_18.24.00.bin,we,9,18.0,20.0,0.25,0.9970412850379944,0.04590345546603203,1,[1.0],[19.0],model_verified,1,[1.0],[19.0],,
Broadband_Data_2026.03.27_18.24.00_we_seg010,/home/s_grudinin/code/university/vlf_analyzing/new_test_raw_data/raw_v2/Broadband_Data_2026.03.27_18.24.00.bin,we,10,20.0,22.0,0.25,0.9971145391464233,0.05794326215982437,3,"[0.76, 1.0, 1.048]","[20.76, 21.0, 21.048]",model_verified,3,"[0.76, 1.0, 1.048]","[20.76, 21.0, 21.048]",,
Broadband_Data_2026.03.27_18.24.00_we_seg011,/home/s_grudinin/code/university/vlf_analyzing/new_test_raw_data/raw_v2/Broadband_Data_2026.03.27_18.24.00.bin,we,11,22.0,24.0,0.25,0.9970165491104126,0.04790103808045387,1,[1.0],[23.0],model_verified,1,[1.0],[23.0],,
Broadband_Data_2026.03.27_18.24.00_we_seg012,/home/s_grudinin/code/university/vlf_analyzing/new_test_raw_data/raw_v2/Broadband_Data_2026.03.27_18.24.00.bin,we,12,24.0,26.0,0.25,0.9967549443244934,0.06468074768781662,3,"[1.0, 1.092, 1.652]","[25.0, 25.092, 25.652]",model_verified,3,"[1.0, 1.092, 1.652]","[25.0, 25.092, 25.652]",,
Broadband_Data_2026.03.27_18.24.00_we_seg013,/home/s_grudinin/code/university/vlf_analyzing/new_test_raw_data/raw_v2/Broadband_Data_2026.03.27_18.24.00.bin,we,13,26.0,28.0,0.25,0.9969246983528137,0.05333683639764786,3,"[1.0, 1.048, 1.43]","[27.0, 27.048, 27.43]",model_verified,3,"[1.0, 1.048, 1.43]","[27.0, 27.048, 27.43]",,
Broadband_Data_2026.03.27_18.24.00_we_seg014,/home/s_grudinin/code/university/vlf_analyzing/new_test_raw_data/raw_v2/Broadband_Data_2026.03.27_18.24.00.bin,we,14,28.0,30.0,0.25,0.9971078038215637,0.044092096388339996,1,[1.0],[29.0],model_verified,1,[1.0],[29.0],,
Broadband_Data_2026.03.27_18.24.00_we_seg015,/home/s_grudinin/code/university/vlf_analyzing/new_test_raw_data/raw_v2/Broadband_Data_2026.03.27_18.24.00.bin,we,15,30.0,32.0,0.25,0.997077226638794,0.04472706839442253,1,[1.0],[31.0],model_verified,1,[1.0],[31.0],,
Broadband_Data_2026.03.27_18.24.00_we_seg016,/home/s_grudinin/code/university/vlf_analyzing/new_test_raw_data/raw_v2/Broadband_Data_2026.03.27_18.24.00.bin,we,16,32.0,34.0,0.25,0.9970075488090515,0.0478656142950058,2,"[0.374, 1.0]","[32.374, 33.0]",model_verified,2,"[0.374, 1.0]","[32.374, 33.0]",,
Broadband_Data_2026.03.27_18.24.00_we_seg017,/home/s_grudinin/code/university/vlf_analyzing/new_test_raw_data/raw_v2/Broadband_Data_2026.03.27_18.24.00.bin,we,17,34.0,36.0,0.25,0.9970777034759521,0.04616080969572067,1,[1.0],[35.0],model_verified,1,[1.0],[35.0],,
Broadband_Data_2026.03.27_18.24.00_we_seg018,/home/s_grudinin/code/university/vlf_analyzing/new_test_raw_data/raw_v2/Broadband_Data_2026.03.27_18.24.00.bin,we,18,36.0,38.0,0.25,0.9968468546867371,0.046209950000047684,2,"[0.756, 1.0]","[36.756, 37.0]",manual_corrected,1,[0.997209],[36.997209],,
Broadband_Data_2026.03.27_18.24.00_we_seg019,/home/s_grudinin/code/university/vlf_analyzing/new_test_raw_data/raw_v2/Broadband_Data_2026.03.27_18.24.00.bin,we,19,38.0,40.0,0.25,0.9969956874847412,0.05892049893736839,3,"[0.794, 1.0, 1.246]","[38.794, 39.0, 39.246]",model_verified,3,"[0.794, 1.0, 1.246]","[38.794, 39.0, 39.246]",,
Broadband_Data_2026.03.27_18.24.00_we_seg020,/home/s_grudinin/code/university/vlf_analyzing/new_test_raw_data/raw_v2/Broadband_Data_2026.03.27_18.24.00.bin,we,20,40.0,42.0,0.25,0.9970818161964417,0.04477238282561302,1,[1.0],[41.0],model_verified,1,[1.0],[41.0],,
Broadband_Data_2026.03.27_18.24.00_we_seg021,/home/s_grudinin/code/university/vlf_analyzing/new_test_raw_data/raw_v2/Broadband_Data_2026.03.27_18.24.00.bin,we,21,42.0,44.0,0.25,0.9969538450241089,0.04552862420678139,1,[1.0],[43.0],model_verified,1,[1.0],[43.0],,
Broadband_Data_2026.03.27_18.24.00_we_seg022,/home/s_grudinin/code/university/vlf_analyzing/new_test_raw_data/raw_v2/Broadband_Data_2026.03.27_18.24.00.bin,we,22,44.0,46.0,0.25,0.996971607208252,0.052103836089372635,2,"[1.0, 1.926]","[45.0, 45.926]",model_verified,2,"[1.0, 1.926]","[45.0, 45.926]",,
Broadband_Data_2026.03.27_18.24.00_we_seg023,/home/s_grudinin/code/university/vlf_analyzing/new_test_raw_data/raw_v2/Broadband_Data_2026.03.27_18.24.00.bin,we,23,46.0,48.0,0.25,0.9971110820770264,0.043833713978528976,2,"[0.08, 1.0]","[46.08, 47.0]",manual_corrected,1,[0.997209],[46.997209],,
Broadband_Data_2026.03.27_18.24.00_we_seg024,/home/s_grudinin/code/university/vlf_analyzing/new_test_raw_data/raw_v2/Broadband_Data_2026.03.27_18.24.00.bin,we,24,48.0,50.0,0.25,0.9963911175727844,0.0671306848526001,4,"[1.0, 1.364, 1.52, 1.854]","[49.0, 49.364, 49.52, 49.854]",model_verified,4,"[1.0, 1.364, 1.52, 1.854]","[49.0, 49.364, 49.52, 49.854]",,
Broadband_Data_2026.03.27_18.24.00_we_seg025,/home/s_grudinin/code/university/vlf_analyzing/new_test_raw_data/raw_v2/Broadband_Data_2026.03.27_18.24.00.bin,we,25,50.0,52.0,0.25,0.9966413974761963,0.048785727471113205,3,"[0.134, 0.436, 1.0]","[50.134, 50.436, 51.0]",model_verified,3,"[0.134, 0.436, 1.0]","[50.134, 50.436, 51.0]",,
Broadband_Data_2026.03.27_18.24.00_we_seg026,/home/s_grudinin/code/university/vlf_analyzing/new_test_raw_data/raw_v2/Broadband_Data_2026.03.27_18.24.00.bin,we,26,52.0,54.0,0.25,0.9966884255409241,0.05141910910606384,2,"[0.47, 1.0]","[52.47, 53.0]",model_verified,2,"[0.47, 1.0]","[52.47, 53.0]",,
Broadband_Data_2026.03.27_18.24.00_we_seg027,/home/s_grudinin/code/university/vlf_analyzing/new_test_raw_data/raw_v2/Broadband_Data_2026.03.27_18.24.00.bin,we,27,54.0,56.0,0.25,0.9969692826271057,0.04629812017083168,1,[1.0],[55.0],model_verified,1,[1.0],[55.0],,
Broadband_Data_2026.03.27_18.24.00_we_seg028,/home/s_grudinin/code/university/vlf_analyzing/new_test_raw_data/raw_v2/Broadband_Data_2026.03.27_18.24.00.bin,we,28,56.0,58.0,0.25,0.9973382353782654,0.05827958136796951,3,"[0.034, 0.106, 1.0]","[56.034, 56.106, 57.0]",model_verified,3,"[0.034, 0.106, 1.0]","[56.034, 56.106, 57.0]",,
Broadband_Data_2026.03.27_18.24.00_we_seg029,/home/s_grudinin/code/university/vlf_analyzing/new_test_raw_data/raw_v2/Broadband_Data_2026.03.27_18.24.00.bin,we,29,58.0,60.0,0.25,0.9969437718391418,0.04492109268903732,1,[1.0],[59.0],model_verified,1,[1.0],[59.0],,
Broadband_Data_2026.03.27_18.25.00_ns_seg000,/home/s_grudinin/code/university/vlf_analyzing/new_test_raw_data/raw_v2/Broadband_Data_2026.03.27_18.25.00.bin,ns,0,0.0,2.0,0.25,0.6133702993392944,0.05138121545314789,4,"[0.054, 0.214, 0.72, 1.418]","[0.054, 0.214, 0.72, 1.418]",model_verified,4,"[0.054, 0.214, 0.72, 1.418]","[0.054, 0.214, 0.72, 1.418]",,
Broadband_Data_2026.03.27_18.25.00_ns_seg001,/home/s_grudinin/code/university/vlf_analyzing/new_test_raw_data/raw_v2/Broadband_Data_2026.03.27_18.25.00.bin,ns,1,2.0,4.0,0.25,0.6982260942459106,0.04603853076696396,2,"[0.668, 1.208]","[2.668, 3.208]",model_verified,2,"[0.668, 1.208]","[2.668, 3.208]",,
Broadband_Data_2026.03.27_18.25.00_ns_seg002,/home/s_grudinin/code/university/vlf_analyzing/new_test_raw_data/raw_v2/Broadband_Data_2026.03.27_18.25.00.bin,ns,2,4.0,6.0,0.25,0.8066056370735168,0.05048253387212753,5,"[0.082, 0.264, 0.4, 0.91, 1.392]","[4.082, 4.264, 4.4, 4.91, 5.392]",model_verified,5,"[0.082, 0.264, 0.4, 0.91, 1.392]","[4.082, 4.264, 4.4, 4.91, 5.392]",,
Broadband_Data_2026.03.27_18.25.00_ns_seg003,/home/s_grudinin/code/university/vlf_analyzing/new_test_raw_data/raw_v2/Broadband_Data_2026.03.27_18.25.00.bin,ns,3,6.0,8.0,0.25,0.9433885216712952,0.05618426576256752,4,"[0.088, 0.332, 1.146, 1.954]","[6.088, 6.332, 7.146, 7.954]",model_verified,4,"[0.088, 0.332, 1.146, 1.954]","[6.088, 6.332, 7.146, 7.954]",,
Broadband_Data_2026.03.27_18.25.00_ns_seg004,/home/s_grudinin/code/university/vlf_analyzing/new_test_raw_data/raw_v2/Broadband_Data_2026.03.27_18.25.00.bin,ns,4,8.0,10.0,0.25,0.6253031492233276,0.050070229917764664,5,"[0.488, 1.034, 1.258, 1.38, 1.448]","[8.488, 9.034, 9.258, 9.38, 9.448]",model_verified,5,"[0.488, 1.034, 1.258, 1.38, 1.448]","[8.488, 9.034, 9.258, 9.38, 9.448]",,
Broadband_Data_2026.03.27_18.25.00_ns_seg005,/home/s_grudinin/code/university/vlf_analyzing/new_test_raw_data/raw_v2/Broadband_Data_2026.03.27_18.25.00.bin,ns,5,10.0,12.0,0.25,0.31288450956344604,0.03475851193070412,1,[0.908],[10.908],model_verified,1,[0.908],[10.908],,
Broadband_Data_2026.03.27_18.25.00_ns_seg006,/home/s_grudinin/code/university/vlf_analyzing/new_test_raw_data/raw_v2/Broadband_Data_2026.03.27_18.25.00.bin,ns,6,12.0,14.0,0.25,0.3983722925186157,0.03581158444285393,1,[0.526],[12.526],model_verified,1,[0.526],[12.526],,
Broadband_Data_2026.03.27_18.25.00_ns_seg007,/home/s_grudinin/code/university/vlf_analyzing/new_test_raw_data/raw_v2/Broadband_Data_2026.03.27_18.25.00.bin,ns,7,14.0,16.0,0.25,0.5195966958999634,0.04124630242586136,2,"[0.916, 1.444]","[14.916, 15.444]",model_verified,2,"[0.916, 1.444]","[14.916, 15.444]",,
Broadband_Data_2026.03.27_18.25.00_ns_seg008,/home/s_grudinin/code/university/vlf_analyzing/new_test_raw_data/raw_v2/Broadband_Data_2026.03.27_18.25.00.bin,ns,8,16.0,18.0,0.25,0.8925662636756897,0.05911961570382118,5,"[0.082, 0.632, 1.392, 1.426, 1.47]","[16.082, 16.632, 17.392, 17.426, 17.47]",model_verified,5,"[0.082, 0.632, 1.392, 1.426, 1.47]","[16.082, 16.632, 17.392, 17.426, 17.47]",,
Broadband_Data_2026.03.27_18.25.00_ns_seg009,/home/s_grudinin/code/university/vlf_analyzing/new_test_raw_data/raw_v2/Broadband_Data_2026.03.27_18.25.00.bin,ns,9,18.0,20.0,0.25,0.5248171091079712,0.0395391546189785,2,"[0.246, 1.826]","[18.246, 19.826]",model_verified,2,"[0.246, 1.826]","[18.246, 19.826]",,
Broadband_Data_2026.03.27_18.25.00_ns_seg010,/home/s_grudinin/code/university/vlf_analyzing/new_test_raw_data/raw_v2/Broadband_Data_2026.03.27_18.25.00.bin,ns,10,20.0,22.0,0.25,0.9562526941299438,0.05724885314702988,4,"[0.24, 0.314, 0.872, 1.35]","[20.24, 20.314, 20.872, 21.35]",model_verified,4,"[0.24, 0.314, 0.872, 1.35]","[20.24, 20.314, 20.872, 21.35]",,
Broadband_Data_2026.03.27_18.25.00_ns_seg011,/home/s_grudinin/code/university/vlf_analyzing/new_test_raw_data/raw_v2/Broadband_Data_2026.03.27_18.25.00.bin,ns,11,22.0,24.0,0.25,0.9810398817062378,0.07793499529361725,6,"[0.246, 0.722, 0.78, 0.81, 0.968, 1.64]","[22.246, 22.722, 22.78, 22.81, 22.968, 23.64]",model_verified,6,"[0.246, 0.722, 0.78, 0.81, 0.968, 1.64]","[22.246, 22.722, 22.78, 22.81, 22.968, 23.64]",,
Broadband_Data_2026.03.27_18.25.00_ns_seg012,/home/s_grudinin/code/university/vlf_analyzing/new_test_raw_data/raw_v2/Broadband_Data_2026.03.27_18.25.00.bin,ns,12,24.0,26.0,0.25,0.830365002155304,0.04979072883725166,4,"[0.094, 1.142, 1.4, 1.936]","[24.094, 25.142, 25.4, 25.936]",model_verified,4,"[0.094, 1.142, 1.4, 1.936]","[24.094, 25.142, 25.4, 25.936]",,
Broadband_Data_2026.03.27_18.25.00_ns_seg013,/home/s_grudinin/code/university/vlf_analyzing/new_test_raw_data/raw_v2/Broadband_Data_2026.03.27_18.25.00.bin,ns,13,26.0,28.0,0.25,0.5638101696968079,0.04452129825949669,3,"[0.376, 0.766, 0.91]","[26.376, 26.766, 26.91]",model_verified,3,"[0.376, 0.766, 0.91]","[26.376, 26.766, 26.91]",,
Broadband_Data_2026.03.27_18.25.00_ns_seg014,/home/s_grudinin/code/university/vlf_analyzing/new_test_raw_data/raw_v2/Broadband_Data_2026.03.27_18.25.00.bin,ns,14,28.0,30.0,0.25,0.9252660274505615,0.04796982184052467,2,"[0.114, 1.894]","[28.114, 29.894]",model_verified,2,"[0.114, 1.894]","[28.114, 29.894]",,
Broadband_Data_2026.03.27_18.25.00_ns_seg015,/home/s_grudinin/code/university/vlf_analyzing/new_test_raw_data/raw_v2/Broadband_Data_2026.03.27_18.25.00.bin,ns,15,30.0,32.0,0.25,0.24732233583927155,0.03396019712090492,0,[],[],model_verified,0,[],[],,
Broadband_Data_2026.03.27_18.25.00_ns_seg016,/home/s_grudinin/code/university/vlf_analyzing/new_test_raw_data/raw_v2/Broadband_Data_2026.03.27_18.25.00.bin,ns,16,32.0,34.0,0.25,0.6116501688957214,0.040206439793109894,2,"[0.948, 1.222]","[32.948, 33.222]",model_verified,2,"[0.948, 1.222]","[32.948, 33.222]",,
Broadband_Data_2026.03.27_18.25.00_ns_seg017,/home/s_grudinin/code/university/vlf_analyzing/new_test_raw_data/raw_v2/Broadband_Data_2026.03.27_18.25.00.bin,ns,17,34.0,36.0,0.25,0.9565569162368774,0.062336236238479614,7,"[0.56, 0.99, 1.128, 1.16, 1.248, 1.324, 1.424]","[34.56, 34.99, 35.128, 35.16, 35.248, 35.324, 35.424]",model_verified,7,"[0.56, 0.99, 1.128, 1.16, 1.248, 1.324, 1.424]","[34.56, 34.99, 35.128, 35.16, 35.248, 35.324, 35.424]",,
Broadband_Data_2026.03.27_18.25.00_ns_seg018,/home/s_grudinin/code/university/vlf_analyzing/new_test_raw_data/raw_v2/Broadband_Data_2026.03.27_18.25.00.bin,ns,18,36.0,38.0,0.25,0.9489976763725281,0.05615176633000374,5,"[0.104, 0.148, 1.26, 1.408, 1.626]","[36.104, 36.148, 37.26, 37.408, 37.626]",model_verified,5,"[0.104, 0.148, 1.26, 1.408, 1.626]","[36.104, 36.148, 37.26, 37.408, 37.626]",,
Broadband_Data_2026.03.27_18.25.00_ns_seg019,/home/s_grudinin/code/university/vlf_analyzing/new_test_raw_data/raw_v2/Broadband_Data_2026.03.27_18.25.00.bin,ns,19,38.0,40.0,0.25,0.9814878702163696,0.061606600880622864,5,"[1.206, 1.292, 1.582, 1.906, 1.976]","[39.206, 39.292, 39.582, 39.906, 39.976]",model_verified,5,"[1.206, 1.292, 1.582, 1.906, 1.976]","[39.206, 39.292, 39.582, 39.906, 39.976]",,
Broadband_Data_2026.03.27_18.25.00_ns_seg020,/home/s_grudinin/code/university/vlf_analyzing/new_test_raw_data/raw_v2/Broadband_Data_2026.03.27_18.25.00.bin,ns,20,40.0,42.0,0.25,0.3539803922176361,0.03607089817523956,1,[0.606],[40.606],model_verified,1,[0.606],[40.606],,
Broadband_Data_2026.03.27_18.25.00_ns_seg021,/home/s_grudinin/code/university/vlf_analyzing/new_test_raw_data/raw_v2/Broadband_Data_2026.03.27_18.25.00.bin,ns,21,42.0,44.0,0.25,0.9467698335647583,0.05402829498052597,4,"[0.554, 1.268, 1.492, 1.898]","[42.554, 43.268, 43.492, 43.898]",model_verified,4,"[0.554, 1.268, 1.492, 1.898]","[42.554, 43.268, 43.492, 43.898]",,
Broadband_Data_2026.03.27_18.25.00_ns_seg022,/home/s_grudinin/code/university/vlf_analyzing/new_test_raw_data/raw_v2/Broadband_Data_2026.03.27_18.25.00.bin,ns,22,44.0,46.0,0.25,0.7805461287498474,0.051543138921260834,4,"[0.088, 0.578, 1.612, 1.804]","[44.088, 44.578, 45.612, 45.804]",model_verified,4,"[0.088, 0.578, 1.612, 1.804]","[44.088, 44.578, 45.612, 45.804]",,
Broadband_Data_2026.03.27_18.25.00_ns_seg023,/home/s_grudinin/code/university/vlf_analyzing/new_test_raw_data/raw_v2/Broadband_Data_2026.03.27_18.25.00.bin,ns,23,46.0,48.0,0.25,0.8117992877960205,0.059661172330379486,7,"[0.09, 0.176, 0.224, 0.328, 0.514, 0.844, 1.89]","[46.09, 46.176, 46.224, 46.328, 46.514, 46.844, 47.89]",model_verified,7,"[0.09, 0.176, 0.224, 0.328, 0.514, 0.844, 1.89]","[46.09, 46.176, 46.224, 46.328, 46.514, 46.844, 47.89]",,
Broadband_Data_2026.03.27_18.25.00_ns_seg024,/home/s_grudinin/code/university/vlf_analyzing/new_test_raw_data/raw_v2/Broadband_Data_2026.03.27_18.25.00.bin,ns,24,48.0,50.0,0.25,0.9605854153633118,0.05418938398361206,4,"[0.312, 0.414, 0.522, 1.094]","[48.312, 48.414, 48.522, 49.094]",model_verified,4,"[0.312, 0.414, 0.522, 1.094]","[48.312, 48.414, 48.522, 49.094]",,
Broadband_Data_2026.03.27_18.25.00_ns_seg025,/home/s_grudinin/code/university/vlf_analyzing/new_test_raw_data/raw_v2/Broadband_Data_2026.03.27_18.25.00.bin,ns,25,50.0,52.0,0.25,0.9691253900527954,0.0676286369562149,5,"[0.25, 0.326, 0.8, 0.948, 1.82]","[50.25, 50.326, 50.8, 50.948, 51.82]",model_verified,5,"[0.25, 0.326, 0.8, 0.948, 1.82]","[50.25, 50.326, 50.8, 50.948, 51.82]",,
Broadband_Data_2026.03.27_18.25.00_ns_seg026,/home/s_grudinin/code/university/vlf_analyzing/new_test_raw_data/raw_v2/Broadband_Data_2026.03.27_18.25.00.bin,ns,26,52.0,54.0,0.25,0.9839000701904297,0.06579402089118958,4,"[0.34, 0.39, 0.816, 1.064]","[52.34, 52.39, 52.816, 53.064]",model_verified,4,"[0.34, 0.39, 0.816, 1.064]","[52.34, 52.39, 52.816, 53.064]",,
Broadband_Data_2026.03.27_18.25.00_ns_seg027,/home/s_grudinin/code/university/vlf_analyzing/new_test_raw_data/raw_v2/Broadband_Data_2026.03.27_18.25.00.bin,ns,27,54.0,56.0,0.25,0.5112223029136658,0.04442273825407028,3,"[0.248, 0.474, 1.334]","[54.248, 54.474, 55.334]",model_verified,3,"[0.248, 0.474, 1.334]","[54.248, 54.474, 55.334]",,
Broadband_Data_2026.03.27_18.25.00_ns_seg028,/home/s_grudinin/code/university/vlf_analyzing/new_test_raw_data/raw_v2/Broadband_Data_2026.03.27_18.25.00.bin,ns,28,56.0,58.0,0.25,0.9495798945426941,0.06894069910049438,4,"[0.866, 1.202, 1.806, 1.862]","[56.866, 57.202, 57.806, 57.862]",model_verified,4,"[0.866, 1.202, 1.806, 1.862]","[56.866, 57.202, 57.806, 57.862]",,
Broadband_Data_2026.03.27_18.25.00_ns_seg029,/home/s_grudinin/code/university/vlf_analyzing/new_test_raw_data/raw_v2/Broadband_Data_2026.03.27_18.25.00.bin,ns,29,58.0,60.0,0.25,0.6178592443466187,0.04927302524447441,4,"[0.036, 0.12, 1.34, 1.968]","[58.036, 58.12, 59.34, 59.968]",model_verified,4,"[0.036, 0.12, 1.34, 1.968]","[58.036, 58.12, 59.34, 59.968]",,
Broadband_Data_2026.03.27_18.25.00_we_seg000,/home/s_grudinin/code/university/vlf_analyzing/new_test_raw_data/raw_v2/Broadband_Data_2026.03.27_18.25.00.bin,we,0,0.0,2.0,0.25,0.9970487952232361,0.04310949146747589,1,[1.0],[1.0],model_verified,1,[1.0],[1.0],,
Broadband_Data_2026.03.27_18.25.00_we_seg001,/home/s_grudinin/code/university/vlf_analyzing/new_test_raw_data/raw_v2/Broadband_Data_2026.03.27_18.25.00.bin,we,1,2.0,4.0,0.25,0.9971056580543518,0.045189231634140015,1,[1.0],[3.0],model_verified,1,[1.0],[3.0],,
Broadband_Data_2026.03.27_18.25.00_we_seg002,/home/s_grudinin/code/university/vlf_analyzing/new_test_raw_data/raw_v2/Broadband_Data_2026.03.27_18.25.00.bin,we,2,4.0,6.0,0.25,0.996698260307312,0.052374839782714844,2,"[0.272, 1.0]","[4.272, 5.0]",model_verified,2,"[0.272, 1.0]","[4.272, 5.0]",,
Broadband_Data_2026.03.27_18.25.00_we_seg003,/home/s_grudinin/code/university/vlf_analyzing/new_test_raw_data/raw_v2/Broadband_Data_2026.03.27_18.25.00.bin,we,3,6.0,8.0,0.25,0.9971297383308411,0.07894495129585266,6,"[1.0, 1.094, 1.146, 1.208, 1.248, 1.332]","[7.0, 7.094, 7.146, 7.208, 7.248, 7.332]",model_verified,6,"[1.0, 1.094, 1.146, 1.208, 1.248, 1.332]","[7.0, 7.094, 7.146, 7.208, 7.248, 7.332]",,
Broadband_Data_2026.03.27_18.25.00_we_seg004,/home/s_grudinin/code/university/vlf_analyzing/new_test_raw_data/raw_v2/Broadband_Data_2026.03.27_18.25.00.bin,we,4,8.0,10.0,0.25,0.9972941279411316,0.04614017531275749,2,"[0.018, 1.0]","[8.018, 9.0]",model_verified,2,"[0.018, 1.0]","[8.018, 9.0]",,
Broadband_Data_2026.03.27_18.25.00_we_seg005,/home/s_grudinin/code/university/vlf_analyzing/new_test_raw_data/raw_v2/Broadband_Data_2026.03.27_18.25.00.bin,we,5,10.0,12.0,0.25,0.9971029162406921,0.04302607476711273,1,[1.0],[11.0],model_verified,1,[1.0],[11.0],,
Broadband_Data_2026.03.27_18.25.00_we_seg006,/home/s_grudinin/code/university/vlf_analyzing/new_test_raw_data/raw_v2/Broadband_Data_2026.03.27_18.25.00.bin,we,6,12.0,14.0,0.25,0.9970169067382812,0.04337018355727196,1,[1.0],[13.0],model_verified,1,[1.0],[13.0],,
Broadband_Data_2026.03.27_18.25.00_we_seg007,/home/s_grudinin/code/university/vlf_analyzing/new_test_raw_data/raw_v2/Broadband_Data_2026.03.27_18.25.00.bin,we,7,14.0,16.0,0.25,0.9968696236610413,0.04356642812490463,1,[1.0],[15.0],model_verified,1,[1.0],[15.0],,
Broadband_Data_2026.03.27_18.25.00_we_seg008,/home/s_grudinin/code/university/vlf_analyzing/new_test_raw_data/raw_v2/Broadband_Data_2026.03.27_18.25.00.bin,we,8,16.0,18.0,0.25,0.9970357418060303,0.05447901412844658,3,"[0.628, 1.0, 1.396]","[16.628, 17.0, 17.396]",model_verified,3,"[0.628, 1.0, 1.396]","[16.628, 17.0, 17.396]",,
Broadband_Data_2026.03.27_18.25.00_we_seg009,/home/s_grudinin/code/university/vlf_analyzing/new_test_raw_data/raw_v2/Broadband_Data_2026.03.27_18.25.00.bin,we,9,18.0,20.0,0.25,0.9970446228981018,0.05611877143383026,2,"[1.0, 1.83]","[19.0, 19.83]",model_verified,2,"[1.0, 1.83]","[19.0, 19.83]",,
Broadband_Data_2026.03.27_18.25.00_we_seg010,/home/s_grudinin/code/university/vlf_analyzing/new_test_raw_data/raw_v2/Broadband_Data_2026.03.27_18.25.00.bin,we,10,20.0,22.0,0.25,0.997258186340332,0.04831444472074509,2,"[0.244, 1.0]","[20.244, 21.0]",model_verified,2,"[0.244, 1.0]","[20.244, 21.0]",,
Broadband_Data_2026.03.27_18.25.00_we_seg011,/home/s_grudinin/code/university/vlf_analyzing/new_test_raw_data/raw_v2/Broadband_Data_2026.03.27_18.25.00.bin,we,11,22.0,24.0,0.25,0.9972667694091797,0.046405114233493805,2,"[0.236, 1.0]","[22.236, 23.0]",model_verified,2,"[0.236, 1.0]","[22.236, 23.0]",,
Broadband_Data_2026.03.27_18.25.00_we_seg012,/home/s_grudinin/code/university/vlf_analyzing/new_test_raw_data/raw_v2/Broadband_Data_2026.03.27_18.25.00.bin,we,12,24.0,26.0,0.25,0.9971895813941956,0.05280793085694313,3,"[1.0, 1.156, 1.288]","[25.0, 25.156, 25.288]",model_verified,3,"[1.0, 1.156, 1.288]","[25.0, 25.156, 25.288]",,
Broadband_Data_2026.03.27_18.25.00_we_seg013,/home/s_grudinin/code/university/vlf_analyzing/new_test_raw_data/raw_v2/Broadband_Data_2026.03.27_18.25.00.bin,we,13,26.0,28.0,0.25,0.9971513152122498,0.05546129122376442,2,"[0.772, 1.0]","[26.772, 27.0]",model_verified,2,"[0.772, 1.0]","[26.772, 27.0]",,
Broadband_Data_2026.03.27_18.25.00_we_seg014,/home/s_grudinin/code/university/vlf_analyzing/new_test_raw_data/raw_v2/Broadband_Data_2026.03.27_18.25.00.bin,we,14,28.0,30.0,0.25,0.9969210624694824,0.04485263302922249,1,[1.0],[29.0],model_verified,1,[1.0],[29.0],,
Broadband_Data_2026.03.27_18.25.00_we_seg015,/home/s_grudinin/code/university/vlf_analyzing/new_test_raw_data/raw_v2/Broadband_Data_2026.03.27_18.25.00.bin,we,15,30.0,32.0,0.25,0.9966214895248413,0.04566021263599396,2,"[1.0, 1.836]","[31.0, 31.836]",model_verified,2,"[1.0, 1.836]","[31.0, 31.836]",,
Broadband_Data_2026.03.27_18.25.00_we_seg016,/home/s_grudinin/code/university/vlf_analyzing/new_test_raw_data/raw_v2/Broadband_Data_2026.03.27_18.25.00.bin,we,16,32.0,34.0,0.25,0.9971790313720703,0.04306506738066673,1,[1.0],[33.0],model_verified,1,[1.0],[33.0],,
Broadband_Data_2026.03.27_18.25.00_we_seg017,/home/s_grudinin/code/university/vlf_analyzing/new_test_raw_data/raw_v2/Broadband_Data_2026.03.27_18.25.00.bin,we,17,34.0,36.0,0.25,0.9973207116127014,0.04494345560669899,1,[1.0],[35.0],model_verified,1,[1.0],[35.0],,
Broadband_Data_2026.03.27_18.25.00_we_seg018,/home/s_grudinin/code/university/vlf_analyzing/new_test_raw_data/raw_v2/Broadband_Data_2026.03.27_18.25.00.bin,we,18,36.0,38.0,0.25,0.99732506275177,0.04525405168533325,1,[1.0],[37.0],model_verified,1,[1.0],[37.0],,
Broadband_Data_2026.03.27_18.25.00_we_seg019,/home/s_grudinin/code/university/vlf_analyzing/new_test_raw_data/raw_v2/Broadband_Data_2026.03.27_18.25.00.bin,we,19,38.0,40.0,0.25,0.9973590970039368,0.05335606262087822,2,"[0.696, 1.0]","[38.696, 39.0]",model_verified,2,"[0.696, 1.0]","[38.696, 39.0]",,
Broadband_Data_2026.03.27_18.25.00_we_seg020,/home/s_grudinin/code/university/vlf_analyzing/new_test_raw_data/raw_v2/Broadband_Data_2026.03.27_18.25.00.bin,we,20,40.0,42.0,0.25,0.9971215128898621,0.0443771630525589,1,[1.0],[41.0],model_verified,1,[1.0],[41.0],,
Broadband_Data_2026.03.27_18.25.00_we_seg021,/home/s_grudinin/code/university/vlf_analyzing/new_test_raw_data/raw_v2/Broadband_Data_2026.03.27_18.25.00.bin,we,21,42.0,44.0,0.25,0.9975207448005676,0.04594830796122551,1,[1.0],[43.0],model_verified,1,[1.0],[43.0],,
Broadband_Data_2026.03.27_18.25.00_we_seg022,/home/s_grudinin/code/university/vlf_analyzing/new_test_raw_data/raw_v2/Broadband_Data_2026.03.27_18.25.00.bin,we,22,44.0,46.0,0.25,0.9972392320632935,0.04507290944457054,1,[1.0],[45.0],model_verified,1,[1.0],[45.0],,
Broadband_Data_2026.03.27_18.25.00_we_seg023,/home/s_grudinin/code/university/vlf_analyzing/new_test_raw_data/raw_v2/Broadband_Data_2026.03.27_18.25.00.bin,we,23,46.0,48.0,0.25,0.9973747730255127,0.049036040902137756,2,"[1.0, 1.186]","[47.0, 47.186]",model_verified,2,"[1.0, 1.186]","[47.0, 47.186]",,
Broadband_Data_2026.03.27_18.25.00_we_seg024,/home/s_grudinin/code/university/vlf_analyzing/new_test_raw_data/raw_v2/Broadband_Data_2026.03.27_18.25.00.bin,we,24,48.0,50.0,0.25,0.9969791173934937,0.046277452260255814,2,"[1.0, 1.088]","[49.0, 49.088]",model_verified,2,"[1.0, 1.088]","[49.0, 49.088]",,
Broadband_Data_2026.03.27_18.25.00_we_seg025,/home/s_grudinin/code/university/vlf_analyzing/new_test_raw_data/raw_v2/Broadband_Data_2026.03.27_18.25.00.bin,we,25,50.0,52.0,0.25,0.9969231486320496,0.048611897975206375,2,"[1.0, 1.812]","[51.0, 51.812]",model_verified,2,"[1.0, 1.812]","[51.0, 51.812]",,
Broadband_Data_2026.03.27_18.25.00_we_seg026,/home/s_grudinin/code/university/vlf_analyzing/new_test_raw_data/raw_v2/Broadband_Data_2026.03.27_18.25.00.bin,we,26,52.0,54.0,0.25,0.9972192049026489,0.04988471418619156,3,"[0.38, 1.0, 1.828]","[52.38, 53.0, 53.828]",manual_corrected,2,"[0.993669, 1.832747]","[52.993669, 53.832747]",,
Broadband_Data_2026.03.27_18.25.00_we_seg027,/home/s_grudinin/code/university/vlf_analyzing/new_test_raw_data/raw_v2/Broadband_Data_2026.03.27_18.25.00.bin,we,27,54.0,56.0,0.25,0.997334361076355,0.0459740050137043,1,[1.0],[55.0],model_verified,1,[1.0],[55.0],,
Broadband_Data_2026.03.27_18.25.00_we_seg028,/home/s_grudinin/code/university/vlf_analyzing/new_test_raw_data/raw_v2/Broadband_Data_2026.03.27_18.25.00.bin,we,28,56.0,58.0,0.25,0.9970952272415161,0.04553909972310066,1,[1.0],[57.0],model_verified,1,[1.0],[57.0],,
Broadband_Data_2026.03.27_18.25.00_we_seg029,/home/s_grudinin/code/university/vlf_analyzing/new_test_raw_data/raw_v2/Broadband_Data_2026.03.27_18.25.00.bin,we,29,58.0,60.0,0.25,0.9972923398017883,0.04582774639129639,1,[1.0],[59.0],model_verified,1,[1.0],[59.0],,
