verification_id,source_file,channel,review_status,predicted_count,corrected_count,count_error,event_tp,event_fp,event_fn,max_heatmap
Broadband_Data_2026.03.26_21.48.00_ns_seg000,/home/s_grudinin/code/university/vlf_analyzing/new_test_raw_data/raw_v2/Broadband_Data_2026.03.26_21.48.00.bin,ns,model_verified,1,1,0,1,0,0,0.2951667606830597
Broadband_Data_2026.03.26_21.48.00_ns_seg001,/home/s_grudinin/code/university/vlf_analyzing/new_test_raw_data/raw_v2/Broadband_Data_2026.03.26_21.48.00.bin,ns,model_verified,0,0,0,0,0,0,0.2479924112558365
Broadband_Data_2026.03.26_21.48.00_ns_seg002,/home/s_grudinin/code/university/vlf_analyzing/new_test_raw_data/raw_v2/Broadband_Data_2026.03.26_21.48.00.bin,ns,manual_corrected,4,2,2,2,2,0,0.5888299345970154
Broadband_Data_2026.03.26_21.48.00_ns_seg003,/home/s_grudinin/code/university/vlf_analyzing/new_test_raw_data/raw_v2/Broadband_Data_2026.03.26_21.48.00.bin,ns,manual_corrected,3,0,3,0,3,0,0.3876686990261078
Broadband_Data_2026.03.26_21.48.00_ns_seg004,/home/s_grudinin/code/university/vlf_analyzing/new_test_raw_data/raw_v2/Broadband_Data_2026.03.26_21.48.00.bin,ns,model_verified,0,0,0,0,0,0,0.2117093950510025
Broadband_Data_2026.03.26_21.48.00_ns_seg005,/home/s_grudinin/code/university/vlf_analyzing/new_test_raw_data/raw_v2/Broadband_Data_2026.03.26_21.48.00.bin,ns,manual_corrected,2,2,0,2,0,0,0.9783191084861755
Broadband_Data_2026.03.26_21.48.00_ns_seg006,/home/s_grudinin/code/university/vlf_analyzing/new_test_raw_data/raw_v2/Broadband_Data_2026.03.26_21.48.00.bin,ns,manual_corrected,2,1,1,1,1,0,0.9034971594810486
Broadband_Data_2026.03.26_21.48.00_ns_seg007,/home/s_grudinin/code/university/vlf_analyzing/new_test_raw_data/raw_v2/Broadband_Data_2026.03.26_21.48.00.bin,ns,manual_corrected,2,2,0,2,0,0,0.9376800060272217
Broadband_Data_2026.03.26_21.48.00_ns_seg008,/home/s_grudinin/code/university/vlf_analyzing/new_test_raw_data/raw_v2/Broadband_Data_2026.03.26_21.48.00.bin,ns,manual_corrected,3,2,1,2,1,0,0.6322686672210693
Broadband_Data_2026.03.26_21.48.00_ns_seg009,/home/s_grudinin/code/university/vlf_analyzing/new_test_raw_data/raw_v2/Broadband_Data_2026.03.26_21.48.00.bin,ns,manual_corrected,3,3,0,3,0,0,0.9986419081687927
Broadband_Data_2026.03.26_21.48.00_ns_seg010,/home/s_grudinin/code/university/vlf_analyzing/new_test_raw_data/raw_v2/Broadband_Data_2026.03.26_21.48.00.bin,ns,model_verified,3,3,0,3,0,0,0.9852724671363831
Broadband_Data_2026.03.26_21.48.00_ns_seg011,/home/s_grudinin/code/university/vlf_analyzing/new_test_raw_data/raw_v2/Broadband_Data_2026.03.26_21.48.00.bin,ns,manual_corrected,2,1,1,1,1,0,0.9986304044723511
Broadband_Data_2026.03.26_21.48.00_ns_seg012,/home/s_grudinin/code/university/vlf_analyzing/new_test_raw_data/raw_v2/Broadband_Data_2026.03.26_21.48.00.bin,ns,manual_corrected,2,2,0,2,0,0,0.9778978228569031
Broadband_Data_2026.03.26_21.48.00_ns_seg013,/home/s_grudinin/code/university/vlf_analyzing/new_test_raw_data/raw_v2/Broadband_Data_2026.03.26_21.48.00.bin,ns,manual_corrected,2,2,0,2,0,0,0.8843992352485657
Broadband_Data_2026.03.26_21.48.00_ns_seg014,/home/s_grudinin/code/university/vlf_analyzing/new_test_raw_data/raw_v2/Broadband_Data_2026.03.26_21.48.00.bin,ns,manual_corrected,1,0,1,0,1,0,0.3862724006175995
Broadband_Data_2026.03.26_21.48.00_ns_seg015,/home/s_grudinin/code/university/vlf_analyzing/new_test_raw_data/raw_v2/Broadband_Data_2026.03.26_21.48.00.bin,ns,manual_corrected,2,1,1,1,1,0,0.3919568955898285
Broadband_Data_2026.03.26_21.48.00_ns_seg016,/home/s_grudinin/code/university/vlf_analyzing/new_test_raw_data/raw_v2/Broadband_Data_2026.03.26_21.48.00.bin,ns,manual_corrected,2,1,1,1,1,0,0.5312202572822571
Broadband_Data_2026.03.26_21.48.00_ns_seg017,/home/s_grudinin/code/university/vlf_analyzing/new_test_raw_data/raw_v2/Broadband_Data_2026.03.26_21.48.00.bin,ns,manual_corrected,1,0,1,0,1,0,0.3785460293292999
Broadband_Data_2026.03.26_21.48.00_ns_seg018,/home/s_grudinin/code/university/vlf_analyzing/new_test_raw_data/raw_v2/Broadband_Data_2026.03.26_21.48.00.bin,ns,manual_corrected,4,3,1,3,1,0,0.9754526615142822
Broadband_Data_2026.03.26_21.48.00_ns_seg019,/home/s_grudinin/code/university/vlf_analyzing/new_test_raw_data/raw_v2/Broadband_Data_2026.03.26_21.48.00.bin,ns,manual_corrected,2,1,1,1,1,0,0.37763258814811707
Broadband_Data_2026.03.26_21.48.00_ns_seg020,/home/s_grudinin/code/university/vlf_analyzing/new_test_raw_data/raw_v2/Broadband_Data_2026.03.26_21.48.00.bin,ns,manual_corrected,1,1,0,1,0,0,0.8302085995674133
Broadband_Data_2026.03.26_21.48.00_ns_seg021,/home/s_grudinin/code/university/vlf_analyzing/new_test_raw_data/raw_v2/Broadband_Data_2026.03.26_21.48.00.bin,ns,manual_corrected,1,1,0,1,0,0,0.42214563488960266
Broadband_Data_2026.03.26_21.48.00_ns_seg022,/home/s_grudinin/code/university/vlf_analyzing/new_test_raw_data/raw_v2/Broadband_Data_2026.03.26_21.48.00.bin,ns,manual_corrected,2,2,0,2,0,0,0.984683096408844
Broadband_Data_2026.03.26_21.48.00_ns_seg023,/home/s_grudinin/code/university/vlf_analyzing/new_test_raw_data/raw_v2/Broadband_Data_2026.03.26_21.48.00.bin,ns,model_verified,0,0,0,0,0,0,0.1674591600894928
Broadband_Data_2026.03.26_21.48.00_ns_seg024,/home/s_grudinin/code/university/vlf_analyzing/new_test_raw_data/raw_v2/Broadband_Data_2026.03.26_21.48.00.bin,ns,model_verified,1,1,0,1,0,0,0.28607502579689026
Broadband_Data_2026.03.26_21.48.00_ns_seg025,/home/s_grudinin/code/university/vlf_analyzing/new_test_raw_data/raw_v2/Broadband_Data_2026.03.26_21.48.00.bin,ns,manual_corrected,2,1,1,1,1,0,0.38560205698013306
Broadband_Data_2026.03.26_21.48.00_ns_seg026,/home/s_grudinin/code/university/vlf_analyzing/new_test_raw_data/raw_v2/Broadband_Data_2026.03.26_21.48.00.bin,ns,manual_corrected,4,4,0,4,0,0,0.9959107637405396
Broadband_Data_2026.03.26_21.48.00_ns_seg027,/home/s_grudinin/code/university/vlf_analyzing/new_test_raw_data/raw_v2/Broadband_Data_2026.03.26_21.48.00.bin,ns,manual_corrected,5,5,0,5,0,0,0.9990946054458618
Broadband_Data_2026.03.26_21.48.00_ns_seg028,/home/s_grudinin/code/university/vlf_analyzing/new_test_raw_data/raw_v2/Broadband_Data_2026.03.26_21.48.00.bin,ns,manual_corrected,1,1,0,1,0,0,0.5000044107437134
Broadband_Data_2026.03.26_21.48.00_ns_seg029,/home/s_grudinin/code/university/vlf_analyzing/new_test_raw_data/raw_v2/Broadband_Data_2026.03.26_21.48.00.bin,ns,manual_corrected,7,6,1,6,1,0,0.9511292576789856
Broadband_Data_2026.03.26_21.48.00_we_seg000,/home/s_grudinin/code/university/vlf_analyzing/new_test_raw_data/raw_v2/Broadband_Data_2026.03.26_21.48.00.bin,we,model_verified,1,1,0,1,0,0,0.9986189603805542
Broadband_Data_2026.03.26_21.48.00_we_seg001,/home/s_grudinin/code/university/vlf_analyzing/new_test_raw_data/raw_v2/Broadband_Data_2026.03.26_21.48.00.bin,we,model_verified,2,2,0,2,0,0,0.9987616539001465
Broadband_Data_2026.03.26_21.48.00_we_seg002,/home/s_grudinin/code/university/vlf_analyzing/new_test_raw_data/raw_v2/Broadband_Data_2026.03.26_21.48.00.bin,we,model_verified,1,1,0,1,0,0,0.9984999895095825
Broadband_Data_2026.03.26_21.48.00_we_seg003,/home/s_grudinin/code/university/vlf_analyzing/new_test_raw_data/raw_v2/Broadband_Data_2026.03.26_21.48.00.bin,we,model_verified,1,1,0,1,0,0,0.9989414811134338
Broadband_Data_2026.03.26_21.48.00_we_seg004,/home/s_grudinin/code/university/vlf_analyzing/new_test_raw_data/raw_v2/Broadband_Data_2026.03.26_21.48.00.bin,we,model_verified,1,1,0,1,0,0,0.9984219074249268
Broadband_Data_2026.03.26_21.48.00_we_seg005,/home/s_grudinin/code/university/vlf_analyzing/new_test_raw_data/raw_v2/Broadband_Data_2026.03.26_21.48.00.bin,we,model_verified,2,2,0,2,0,0,0.9987407326698303
Broadband_Data_2026.03.26_21.48.00_we_seg006,/home/s_grudinin/code/university/vlf_analyzing/new_test_raw_data/raw_v2/Broadband_Data_2026.03.26_21.48.00.bin,we,model_verified,1,1,0,1,0,0,0.9985237717628479
Broadband_Data_2026.03.26_21.48.00_we_seg007,/home/s_grudinin/code/university/vlf_analyzing/new_test_raw_data/raw_v2/Broadband_Data_2026.03.26_21.48.00.bin,we,model_verified,3,3,0,3,0,0,0.9987548589706421
Broadband_Data_2026.03.26_21.48.00_we_seg008,/home/s_grudinin/code/university/vlf_analyzing/new_test_raw_data/raw_v2/Broadband_Data_2026.03.26_21.48.00.bin,we,model_verified,2,2,0,2,0,0,0.9984789490699768
Broadband_Data_2026.03.26_21.48.00_we_seg009,/home/s_grudinin/code/university/vlf_analyzing/new_test_raw_data/raw_v2/Broadband_Data_2026.03.26_21.48.00.bin,we,model_verified,2,2,0,2,0,0,0.998666524887085
Broadband_Data_2026.03.26_21.48.00_we_seg010,/home/s_grudinin/code/university/vlf_analyzing/new_test_raw_data/raw_v2/Broadband_Data_2026.03.26_21.48.00.bin,we,model_verified,2,2,0,2,0,0,0.9982712268829346
Broadband_Data_2026.03.26_21.48.00_we_seg011,/home/s_grudinin/code/university/vlf_analyzing/new_test_raw_data/raw_v2/Broadband_Data_2026.03.26_21.48.00.bin,we,model_verified,2,2,0,2,0,0,0.9985669255256653
Broadband_Data_2026.03.26_21.48.00_we_seg012,/home/s_grudinin/code/university/vlf_analyzing/new_test_raw_data/raw_v2/Broadband_Data_2026.03.26_21.48.00.bin,we,model_verified,2,2,0,2,0,0,0.9985681772232056
Broadband_Data_2026.03.26_21.48.00_we_seg013,/home/s_grudinin/code/university/vlf_analyzing/new_test_raw_data/raw_v2/Broadband_Data_2026.03.26_21.48.00.bin,we,model_verified,2,2,0,2,0,0,0.9985840320587158
Broadband_Data_2026.03.26_21.48.00_we_seg014,/home/s_grudinin/code/university/vlf_analyzing/new_test_raw_data/raw_v2/Broadband_Data_2026.03.26_21.48.00.bin,we,model_verified,1,1,0,1,0,0,0.9985839128494263
Broadband_Data_2026.03.26_21.48.00_we_seg015,/home/s_grudinin/code/university/vlf_analyzing/new_test_raw_data/raw_v2/Broadband_Data_2026.03.26_21.48.00.bin,we,model_verified,1,1,0,1,0,0,0.9981399774551392
Broadband_Data_2026.03.26_21.48.00_we_seg016,/home/s_grudinin/code/university/vlf_analyzing/new_test_raw_data/raw_v2/Broadband_Data_2026.03.26_21.48.00.bin,we,model_verified,3,3,0,3,0,0,0.9985435009002686
Broadband_Data_2026.03.26_21.48.00_we_seg017,/home/s_grudinin/code/university/vlf_analyzing/new_test_raw_data/raw_v2/Broadband_Data_2026.03.26_21.48.00.bin,we,model_verified,3,3,0,3,0,0,0.9983208775520325
Broadband_Data_2026.03.26_21.48.00_we_seg018,/home/s_grudinin/code/university/vlf_analyzing/new_test_raw_data/raw_v2/Broadband_Data_2026.03.26_21.48.00.bin,we,model_verified,2,2,0,2,0,0,0.998611330986023
Broadband_Data_2026.03.26_21.48.00_we_seg019,/home/s_grudinin/code/university/vlf_analyzing/new_test_raw_data/raw_v2/Broadband_Data_2026.03.26_21.48.00.bin,we,model_verified,3,3,0,3,0,0,0.9983958601951599
Broadband_Data_2026.03.26_21.48.00_we_seg020,/home/s_grudinin/code/university/vlf_analyzing/new_test_raw_data/raw_v2/Broadband_Data_2026.03.26_21.48.00.bin,we,model_verified,2,2,0,2,0,0,0.9980729818344116
Broadband_Data_2026.03.26_21.48.00_we_seg021,/home/s_grudinin/code/university/vlf_analyzing/new_test_raw_data/raw_v2/Broadband_Data_2026.03.26_21.48.00.bin,we,model_verified,1,1,0,1,0,0,0.9985179305076599
Broadband_Data_2026.03.26_21.48.00_we_seg022,/home/s_grudinin/code/university/vlf_analyzing/new_test_raw_data/raw_v2/Broadband_Data_2026.03.26_21.48.00.bin,we,model_verified,1,1,0,1,0,0,0.9983270764350891
Broadband_Data_2026.03.26_21.48.00_we_seg023,/home/s_grudinin/code/university/vlf_analyzing/new_test_raw_data/raw_v2/Broadband_Data_2026.03.26_21.48.00.bin,we,model_verified,1,1,0,1,0,0,0.9984758496284485
Broadband_Data_2026.03.26_21.48.00_we_seg024,/home/s_grudinin/code/university/vlf_analyzing/new_test_raw_data/raw_v2/Broadband_Data_2026.03.26_21.48.00.bin,we,model_verified,1,1,0,1,0,0,0.9984071850776672
Broadband_Data_2026.03.26_21.48.00_we_seg025,/home/s_grudinin/code/university/vlf_analyzing/new_test_raw_data/raw_v2/Broadband_Data_2026.03.26_21.48.00.bin,we,model_verified,3,3,0,3,0,0,0.9984683394432068
Broadband_Data_2026.03.26_21.48.00_we_seg026,/home/s_grudinin/code/university/vlf_analyzing/new_test_raw_data/raw_v2/Broadband_Data_2026.03.26_21.48.00.bin,we,model_verified,2,2,0,2,0,0,0.9985559582710266
Broadband_Data_2026.03.26_21.48.00_we_seg027,/home/s_grudinin/code/university/vlf_analyzing/new_test_raw_data/raw_v2/Broadband_Data_2026.03.26_21.48.00.bin,we,model_verified,2,2,0,2,0,0,0.99856036901474
Broadband_Data_2026.03.26_21.48.00_we_seg028,/home/s_grudinin/code/university/vlf_analyzing/new_test_raw_data/raw_v2/Broadband_Data_2026.03.26_21.48.00.bin,we,model_verified,1,1,0,1,0,0,0.9985097050666809
Broadband_Data_2026.03.26_21.48.00_we_seg029,/home/s_grudinin/code/university/vlf_analyzing/new_test_raw_data/raw_v2/Broadband_Data_2026.03.26_21.48.00.bin,we,model_verified,4,4,0,4,0,0,0.9985247254371643
Broadband_Data_2026.03.26_21.49.00_ns_seg000,/home/s_grudinin/code/university/vlf_analyzing/new_test_raw_data/raw_v2/Broadband_Data_2026.03.26_21.49.00.bin,ns,model_verified,0,0,0,0,0,0,0.22098463773727417
Broadband_Data_2026.03.26_21.49.00_ns_seg001,/home/s_grudinin/code/university/vlf_analyzing/new_test_raw_data/raw_v2/Broadband_Data_2026.03.26_21.49.00.bin,ns,manual_corrected,3,2,1,2,1,0,0.9398648738861084
Broadband_Data_2026.03.26_21.49.00_ns_seg002,/home/s_grudinin/code/university/vlf_analyzing/new_test_raw_data/raw_v2/Broadband_Data_2026.03.26_21.49.00.bin,ns,model_verified,2,2,0,2,0,0,0.47894784808158875
Broadband_Data_2026.03.26_21.49.00_ns_seg003,/home/s_grudinin/code/university/vlf_analyzing/new_test_raw_data/raw_v2/Broadband_Data_2026.03.26_21.49.00.bin,ns,model_verified,2,2,0,2,0,0,0.533653736114502
Broadband_Data_2026.03.26_21.49.00_ns_seg004,/home/s_grudinin/code/university/vlf_analyzing/new_test_raw_data/raw_v2/Broadband_Data_2026.03.26_21.49.00.bin,ns,model_verified,2,2,0,2,0,0,0.9956374764442444
Broadband_Data_2026.03.26_21.49.00_ns_seg005,/home/s_grudinin/code/university/vlf_analyzing/new_test_raw_data/raw_v2/Broadband_Data_2026.03.26_21.49.00.bin,ns,model_verified,1,1,0,1,0,0,0.6709424257278442
Broadband_Data_2026.03.26_21.49.00_ns_seg006,/home/s_grudinin/code/university/vlf_analyzing/new_test_raw_data/raw_v2/Broadband_Data_2026.03.26_21.49.00.bin,ns,manual_corrected,1,0,1,0,1,0,0.3953001797199249
Broadband_Data_2026.03.26_21.49.00_ns_seg007,/home/s_grudinin/code/university/vlf_analyzing/new_test_raw_data/raw_v2/Broadband_Data_2026.03.26_21.49.00.bin,ns,manual_corrected,2,0,2,0,2,0,0.2987726330757141
Broadband_Data_2026.03.26_21.49.00_ns_seg008,/home/s_grudinin/code/university/vlf_analyzing/new_test_raw_data/raw_v2/Broadband_Data_2026.03.26_21.49.00.bin,ns,manual_corrected,1,0,1,0,1,0,0.4798033833503723
Broadband_Data_2026.03.26_21.49.00_ns_seg009,/home/s_grudinin/code/university/vlf_analyzing/new_test_raw_data/raw_v2/Broadband_Data_2026.03.26_21.49.00.bin,ns,model_verified,2,2,0,2,0,0,0.9983685612678528
Broadband_Data_2026.03.26_21.49.00_ns_seg010,/home/s_grudinin/code/university/vlf_analyzing/new_test_raw_data/raw_v2/Broadband_Data_2026.03.26_21.49.00.bin,ns,model_verified,4,4,0,4,0,0,0.9931039214134216
Broadband_Data_2026.03.26_21.49.00_ns_seg011,/home/s_grudinin/code/university/vlf_analyzing/new_test_raw_data/raw_v2/Broadband_Data_2026.03.26_21.49.00.bin,ns,model_verified,3,3,0,3,0,0,0.7820033431053162
Broadband_Data_2026.03.26_21.49.00_ns_seg012,/home/s_grudinin/code/university/vlf_analyzing/new_test_raw_data/raw_v2/Broadband_Data_2026.03.26_21.49.00.bin,ns,manual_corrected,4,2,2,2,2,0,0.9850453734397888
Broadband_Data_2026.03.26_21.49.00_ns_seg013,/home/s_grudinin/code/university/vlf_analyzing/new_test_raw_data/raw_v2/Broadband_Data_2026.03.26_21.49.00.bin,ns,model_verified,2,2,0,2,0,0,0.5738605260848999
Broadband_Data_2026.03.26_21.49.00_ns_seg014,/home/s_grudinin/code/university/vlf_analyzing/new_test_raw_data/raw_v2/Broadband_Data_2026.03.26_21.49.00.bin,ns,model_verified,1,1,0,1,0,0,0.3120129406452179
Broadband_Data_2026.03.26_21.49.00_ns_seg015,/home/s_grudinin/code/university/vlf_analyzing/new_test_raw_data/raw_v2/Broadband_Data_2026.03.26_21.49.00.bin,ns,model_verified,2,2,0,2,0,0,0.5714824199676514
Broadband_Data_2026.03.26_21.49.00_ns_seg016,/home/s_grudinin/code/university/vlf_analyzing/new_test_raw_data/raw_v2/Broadband_Data_2026.03.26_21.49.00.bin,ns,model_verified,1,1,0,1,0,0,0.2732333242893219
Broadband_Data_2026.03.26_21.49.00_ns_seg017,/home/s_grudinin/code/university/vlf_analyzing/new_test_raw_data/raw_v2/Broadband_Data_2026.03.26_21.49.00.bin,ns,manual_corrected,1,0,1,0,1,0,0.5437710285186768
Broadband_Data_2026.03.26_21.49.00_ns_seg018,/home/s_grudinin/code/university/vlf_analyzing/new_test_raw_data/raw_v2/Broadband_Data_2026.03.26_21.49.00.bin,ns,model_verified,1,1,0,1,0,0,0.30153051018714905
Broadband_Data_2026.03.26_21.49.00_ns_seg019,/home/s_grudinin/code/university/vlf_analyzing/new_test_raw_data/raw_v2/Broadband_Data_2026.03.26_21.49.00.bin,ns,model_verified,3,3,0,3,0,0,0.9417360424995422
Broadband_Data_2026.03.26_21.49.00_ns_seg020,/home/s_grudinin/code/university/vlf_analyzing/new_test_raw_data/raw_v2/Broadband_Data_2026.03.26_21.49.00.bin,ns,manual_corrected,4,2,2,2,2,0,0.9989748001098633
Broadband_Data_2026.03.26_21.49.00_ns_seg021,/home/s_grudinin/code/university/vlf_analyzing/new_test_raw_data/raw_v2/Broadband_Data_2026.03.26_21.49.00.bin,ns,manual_corrected,1,0,1,0,1,0,0.3072240352630615
Broadband_Data_2026.03.26_21.49.00_ns_seg022,/home/s_grudinin/code/university/vlf_analyzing/new_test_raw_data/raw_v2/Broadband_Data_2026.03.26_21.49.00.bin,ns,manual_corrected,1,0,1,0,1,0,0.2717333734035492
Broadband_Data_2026.03.26_21.49.00_ns_seg023,/home/s_grudinin/code/university/vlf_analyzing/new_test_raw_data/raw_v2/Broadband_Data_2026.03.26_21.49.00.bin,ns,manual_corrected,2,0,2,0,2,0,0.5514230728149414
Broadband_Data_2026.03.26_21.49.00_ns_seg024,/home/s_grudinin/code/university/vlf_analyzing/new_test_raw_data/raw_v2/Broadband_Data_2026.03.26_21.49.00.bin,ns,model_verified,4,4,0,4,0,0,0.8184110522270203
Broadband_Data_2026.03.26_21.49.00_ns_seg025,/home/s_grudinin/code/university/vlf_analyzing/new_test_raw_data/raw_v2/Broadband_Data_2026.03.26_21.49.00.bin,ns,model_verified,3,3,0,3,0,0,0.7901070713996887
Broadband_Data_2026.03.26_21.49.00_ns_seg026,/home/s_grudinin/code/university/vlf_analyzing/new_test_raw_data/raw_v2/Broadband_Data_2026.03.26_21.49.00.bin,ns,model_verified,1,1,0,1,0,0,0.42276832461357117
Broadband_Data_2026.03.26_21.49.00_ns_seg027,/home/s_grudinin/code/university/vlf_analyzing/new_test_raw_data/raw_v2/Broadband_Data_2026.03.26_21.49.00.bin,ns,model_verified,3,3,0,3,0,0,0.9707909226417542
Broadband_Data_2026.03.26_21.49.00_ns_seg028,/home/s_grudinin/code/university/vlf_analyzing/new_test_raw_data/raw_v2/Broadband_Data_2026.03.26_21.49.00.bin,ns,model_verified,5,5,0,5,0,0,0.9450191259384155
Broadband_Data_2026.03.26_21.49.00_ns_seg029,/home/s_grudinin/code/university/vlf_analyzing/new_test_raw_data/raw_v2/Broadband_Data_2026.03.26_21.49.00.bin,ns,model_verified,4,4,0,4,0,0,0.9783287048339844
Broadband_Data_2026.03.26_21.49.00_we_seg000,/home/s_grudinin/code/university/vlf_analyzing/new_test_raw_data/raw_v2/Broadband_Data_2026.03.26_21.49.00.bin,we,manual_corrected,1,0,1,0,1,0,0.9986351132392883
Broadband_Data_2026.03.26_21.49.00_we_seg001,/home/s_grudinin/code/university/vlf_analyzing/new_test_raw_data/raw_v2/Broadband_Data_2026.03.26_21.49.00.bin,we,manual_corrected,1,0,1,0,1,0,0.9985874891281128
Broadband_Data_2026.03.26_21.49.00_we_seg002,/home/s_grudinin/code/university/vlf_analyzing/new_test_raw_data/raw_v2/Broadband_Data_2026.03.26_21.49.00.bin,we,model_verified,1,1,0,1,0,0,0.9986452460289001
Broadband_Data_2026.03.26_21.49.00_we_seg003,/home/s_grudinin/code/university/vlf_analyzing/new_test_raw_data/raw_v2/Broadband_Data_2026.03.26_21.49.00.bin,we,model_verified,2,2,0,2,0,0,0.9986055493354797
Broadband_Data_2026.03.26_21.49.00_we_seg004,/home/s_grudinin/code/university/vlf_analyzing/new_test_raw_data/raw_v2/Broadband_Data_2026.03.26_21.49.00.bin,we,model_verified,3,3,0,3,0,0,0.9986101388931274
Broadband_Data_2026.03.26_21.49.00_we_seg005,/home/s_grudinin/code/university/vlf_analyzing/new_test_raw_data/raw_v2/Broadband_Data_2026.03.26_21.49.00.bin,we,model_verified,1,1,0,1,0,0,0.9985964894294739
Broadband_Data_2026.03.26_21.49.00_we_seg006,/home/s_grudinin/code/university/vlf_analyzing/new_test_raw_data/raw_v2/Broadband_Data_2026.03.26_21.49.00.bin,we,model_verified,1,1,0,1,0,0,0.9987117052078247
Broadband_Data_2026.03.26_21.49.00_we_seg007,/home/s_grudinin/code/university/vlf_analyzing/new_test_raw_data/raw_v2/Broadband_Data_2026.03.26_21.49.00.bin,we,model_verified,3,3,0,3,0,0,0.9982646107673645
Broadband_Data_2026.03.26_21.49.00_we_seg008,/home/s_grudinin/code/university/vlf_analyzing/new_test_raw_data/raw_v2/Broadband_Data_2026.03.26_21.49.00.bin,we,model_verified,1,1,0,1,0,0,0.9986729621887207
Broadband_Data_2026.03.26_21.49.00_we_seg009,/home/s_grudinin/code/university/vlf_analyzing/new_test_raw_data/raw_v2/Broadband_Data_2026.03.26_21.49.00.bin,we,model_verified,3,3,0,3,0,0,0.9985007047653198
Broadband_Data_2026.03.26_21.49.00_we_seg010,/home/s_grudinin/code/university/vlf_analyzing/new_test_raw_data/raw_v2/Broadband_Data_2026.03.26_21.49.00.bin,we,model_verified,4,4,0,4,0,0,0.9986310601234436
Broadband_Data_2026.03.26_21.49.00_we_seg011,/home/s_grudinin/code/university/vlf_analyzing/new_test_raw_data/raw_v2/Broadband_Data_2026.03.26_21.49.00.bin,we,model_verified,1,1,0,1,0,0,0.9987334609031677
Broadband_Data_2026.03.26_21.49.00_we_seg012,/home/s_grudinin/code/university/vlf_analyzing/new_test_raw_data/raw_v2/Broadband_Data_2026.03.26_21.49.00.bin,we,manual_corrected,2,1,1,1,1,0,0.9986777901649475
Broadband_Data_2026.03.26_21.49.00_we_seg013,/home/s_grudinin/code/university/vlf_analyzing/new_test_raw_data/raw_v2/Broadband_Data_2026.03.26_21.49.00.bin,we,model_verified,3,3,0,3,0,0,0.9986679553985596
Broadband_Data_2026.03.26_21.49.00_we_seg014,/home/s_grudinin/code/university/vlf_analyzing/new_test_raw_data/raw_v2/Broadband_Data_2026.03.26_21.49.00.bin,we,model_verified,1,1,0,1,0,0,0.9987370371818542
Broadband_Data_2026.03.26_21.49.00_we_seg015,/home/s_grudinin/code/university/vlf_analyzing/new_test_raw_data/raw_v2/Broadband_Data_2026.03.26_21.49.00.bin,we,model_verified,1,1,0,1,0,0,0.998816967010498
Broadband_Data_2026.03.26_21.49.00_we_seg016,/home/s_grudinin/code/university/vlf_analyzing/new_test_raw_data/raw_v2/Broadband_Data_2026.03.26_21.49.00.bin,we,model_verified,1,1,0,1,0,0,0.9985640645027161
Broadband_Data_2026.03.26_21.49.00_we_seg017,/home/s_grudinin/code/university/vlf_analyzing/new_test_raw_data/raw_v2/Broadband_Data_2026.03.26_21.49.00.bin,we,model_verified,2,2,0,2,0,0,0.9987271428108215
Broadband_Data_2026.03.26_21.49.00_we_seg018,/home/s_grudinin/code/university/vlf_analyzing/new_test_raw_data/raw_v2/Broadband_Data_2026.03.26_21.49.00.bin,we,model_verified,1,1,0,1,0,0,0.9986119270324707
Broadband_Data_2026.03.26_21.49.00_we_seg019,/home/s_grudinin/code/university/vlf_analyzing/new_test_raw_data/raw_v2/Broadband_Data_2026.03.26_21.49.00.bin,we,model_verified,5,5,0,5,0,0,0.9985561966896057
Broadband_Data_2026.03.26_21.49.00_we_seg020,/home/s_grudinin/code/university/vlf_analyzing/new_test_raw_data/raw_v2/Broadband_Data_2026.03.26_21.49.00.bin,we,model_verified,2,2,0,2,0,0,0.9985257983207703
Broadband_Data_2026.03.26_21.49.00_we_seg021,/home/s_grudinin/code/university/vlf_analyzing/new_test_raw_data/raw_v2/Broadband_Data_2026.03.26_21.49.00.bin,we,model_verified,1,1,0,1,0,0,0.9985963702201843
Broadband_Data_2026.03.26_21.49.00_we_seg022,/home/s_grudinin/code/university/vlf_analyzing/new_test_raw_data/raw_v2/Broadband_Data_2026.03.26_21.49.00.bin,we,model_verified,2,2,0,2,0,0,0.998576283454895
Broadband_Data_2026.03.26_21.49.00_we_seg023,/home/s_grudinin/code/university/vlf_analyzing/new_test_raw_data/raw_v2/Broadband_Data_2026.03.26_21.49.00.bin,we,model_verified,2,2,0,2,0,0,0.9984959363937378
Broadband_Data_2026.03.26_21.49.00_we_seg024,/home/s_grudinin/code/university/vlf_analyzing/new_test_raw_data/raw_v2/Broadband_Data_2026.03.26_21.49.00.bin,we,model_verified,4,4,0,4,0,0,0.9983830451965332
Broadband_Data_2026.03.26_21.49.00_we_seg025,/home/s_grudinin/code/university/vlf_analyzing/new_test_raw_data/raw_v2/Broadband_Data_2026.03.26_21.49.00.bin,we,model_verified,2,2,0,2,0,0,0.998478353023529
Broadband_Data_2026.03.26_21.49.00_we_seg026,/home/s_grudinin/code/university/vlf_analyzing/new_test_raw_data/raw_v2/Broadband_Data_2026.03.26_21.49.00.bin,we,model_verified,1,1,0,1,0,0,0.9986131191253662
Broadband_Data_2026.03.26_21.49.00_we_seg027,/home/s_grudinin/code/university/vlf_analyzing/new_test_raw_data/raw_v2/Broadband_Data_2026.03.26_21.49.00.bin,we,model_verified,3,3,0,3,0,0,0.9984409213066101
Broadband_Data_2026.03.26_21.49.00_we_seg028,/home/s_grudinin/code/university/vlf_analyzing/new_test_raw_data/raw_v2/Broadband_Data_2026.03.26_21.49.00.bin,we,model_verified,2,2,0,2,0,0,0.9986298084259033
Broadband_Data_2026.03.26_21.49.00_we_seg029,/home/s_grudinin/code/university/vlf_analyzing/new_test_raw_data/raw_v2/Broadband_Data_2026.03.26_21.49.00.bin,we,model_verified,1,1,0,1,0,0,0.9987228512763977
Broadband_Data_2026.03.26_21.50.00_ns_seg000,/home/s_grudinin/code/university/vlf_analyzing/new_test_raw_data/raw_v2/Broadband_Data_2026.03.26_21.50.00.bin,ns,model_verified,3,3,0,3,0,0,0.9636182188987732
Broadband_Data_2026.03.26_21.50.00_ns_seg001,/home/s_grudinin/code/university/vlf_analyzing/new_test_raw_data/raw_v2/Broadband_Data_2026.03.26_21.50.00.bin,ns,model_verified,3,3,0,3,0,0,0.8117976784706116
Broadband_Data_2026.03.26_21.50.00_ns_seg002,/home/s_grudinin/code/university/vlf_analyzing/new_test_raw_data/raw_v2/Broadband_Data_2026.03.26_21.50.00.bin,ns,model_verified,3,3,0,3,0,0,0.9393315315246582
Broadband_Data_2026.03.26_21.50.00_ns_seg003,/home/s_grudinin/code/university/vlf_analyzing/new_test_raw_data/raw_v2/Broadband_Data_2026.03.26_21.50.00.bin,ns,model_verified,2,2,0,2,0,0,0.7515265345573425
Broadband_Data_2026.03.26_21.50.00_ns_seg004,/home/s_grudinin/code/university/vlf_analyzing/new_test_raw_data/raw_v2/Broadband_Data_2026.03.26_21.50.00.bin,ns,model_verified,3,3,0,3,0,0,0.8671480417251587
Broadband_Data_2026.03.26_21.50.00_ns_seg005,/home/s_grudinin/code/university/vlf_analyzing/new_test_raw_data/raw_v2/Broadband_Data_2026.03.26_21.50.00.bin,ns,model_verified,4,4,0,4,0,0,0.8852578997612
Broadband_Data_2026.03.26_21.50.00_ns_seg006,/home/s_grudinin/code/university/vlf_analyzing/new_test_raw_data/raw_v2/Broadband_Data_2026.03.26_21.50.00.bin,ns,model_verified,0,0,0,0,0,0,0.2227274775505066
Broadband_Data_2026.03.26_21.50.00_ns_seg007,/home/s_grudinin/code/university/vlf_analyzing/new_test_raw_data/raw_v2/Broadband_Data_2026.03.26_21.50.00.bin,ns,model_verified,2,2,0,2,0,0,0.5306740403175354
Broadband_Data_2026.03.26_21.50.00_ns_seg008,/home/s_grudinin/code/university/vlf_analyzing/new_test_raw_data/raw_v2/Broadband_Data_2026.03.26_21.50.00.bin,ns,manual_corrected,3,0,3,0,3,0,0.4627736508846283
Broadband_Data_2026.03.26_21.50.00_ns_seg009,/home/s_grudinin/code/university/vlf_analyzing/new_test_raw_data/raw_v2/Broadband_Data_2026.03.26_21.50.00.bin,ns,manual_corrected,1,0,1,0,1,0,0.25780126452445984
Broadband_Data_2026.03.26_21.50.00_ns_seg010,/home/s_grudinin/code/university/vlf_analyzing/new_test_raw_data/raw_v2/Broadband_Data_2026.03.26_21.50.00.bin,ns,manual_corrected,1,0,1,0,1,0,0.3317459225654602
Broadband_Data_2026.03.26_21.50.00_ns_seg011,/home/s_grudinin/code/university/vlf_analyzing/new_test_raw_data/raw_v2/Broadband_Data_2026.03.26_21.50.00.bin,ns,model_verified,0,0,0,0,0,0,0.20835642516613007
Broadband_Data_2026.03.26_21.50.00_ns_seg012,/home/s_grudinin/code/university/vlf_analyzing/new_test_raw_data/raw_v2/Broadband_Data_2026.03.26_21.50.00.bin,ns,model_verified,2,2,0,2,0,0,0.9626549482345581
Broadband_Data_2026.03.26_21.50.00_ns_seg013,/home/s_grudinin/code/university/vlf_analyzing/new_test_raw_data/raw_v2/Broadband_Data_2026.03.26_21.50.00.bin,ns,model_verified,3,3,0,3,0,0,0.6185688376426697
Broadband_Data_2026.03.26_21.50.00_ns_seg014,/home/s_grudinin/code/university/vlf_analyzing/new_test_raw_data/raw_v2/Broadband_Data_2026.03.26_21.50.00.bin,ns,model_verified,2,2,0,2,0,0,0.889339804649353
Broadband_Data_2026.03.26_21.50.00_ns_seg015,/home/s_grudinin/code/university/vlf_analyzing/new_test_raw_data/raw_v2/Broadband_Data_2026.03.26_21.50.00.bin,ns,model_verified,3,3,0,3,0,0,0.9535523653030396
Broadband_Data_2026.03.26_21.50.00_ns_seg016,/home/s_grudinin/code/university/vlf_analyzing/new_test_raw_data/raw_v2/Broadband_Data_2026.03.26_21.50.00.bin,ns,model_verified,0,0,0,0,0,0,0.22029758989810944
Broadband_Data_2026.03.26_21.50.00_ns_seg017,/home/s_grudinin/code/university/vlf_analyzing/new_test_raw_data/raw_v2/Broadband_Data_2026.03.26_21.50.00.bin,ns,model_verified,0,0,0,0,0,0,0.19926109910011292
Broadband_Data_2026.03.26_21.50.00_ns_seg018,/home/s_grudinin/code/university/vlf_analyzing/new_test_raw_data/raw_v2/Broadband_Data_2026.03.26_21.50.00.bin,ns,model_verified,1,1,0,1,0,0,0.9017563462257385
Broadband_Data_2026.03.26_21.50.00_ns_seg019,/home/s_grudinin/code/university/vlf_analyzing/new_test_raw_data/raw_v2/Broadband_Data_2026.03.26_21.50.00.bin,ns,model_verified,4,4,0,4,0,0,0.5911260843276978
Broadband_Data_2026.03.26_21.50.00_ns_seg020,/home/s_grudinin/code/university/vlf_analyzing/new_test_raw_data/raw_v2/Broadband_Data_2026.03.26_21.50.00.bin,ns,model_verified,1,1,0,1,0,0,0.5734909772872925
Broadband_Data_2026.03.26_21.50.00_ns_seg021,/home/s_grudinin/code/university/vlf_analyzing/new_test_raw_data/raw_v2/Broadband_Data_2026.03.26_21.50.00.bin,ns,model_verified,4,4,0,4,0,0,0.9639660716056824
Broadband_Data_2026.03.26_21.50.00_ns_seg022,/home/s_grudinin/code/university/vlf_analyzing/new_test_raw_data/raw_v2/Broadband_Data_2026.03.26_21.50.00.bin,ns,model_verified,1,1,0,1,0,0,0.33765745162963867
Broadband_Data_2026.03.26_21.50.00_ns_seg023,/home/s_grudinin/code/university/vlf_analyzing/new_test_raw_data/raw_v2/Broadband_Data_2026.03.26_21.50.00.bin,ns,model_verified,1,1,0,1,0,0,0.38955602049827576
Broadband_Data_2026.03.26_21.50.00_ns_seg024,/home/s_grudinin/code/university/vlf_analyzing/new_test_raw_data/raw_v2/Broadband_Data_2026.03.26_21.50.00.bin,ns,model_verified,5,5,0,5,0,0,0.9834134578704834
Broadband_Data_2026.03.26_21.50.00_ns_seg025,/home/s_grudinin/code/university/vlf_analyzing/new_test_raw_data/raw_v2/Broadband_Data_2026.03.26_21.50.00.bin,ns,model_verified,2,2,0,2,0,0,0.9784073233604431
Broadband_Data_2026.03.26_21.50.00_ns_seg026,/home/s_grudinin/code/university/vlf_analyzing/new_test_raw_data/raw_v2/Broadband_Data_2026.03.26_21.50.00.bin,ns,model_verified,3,3,0,3,0,0,0.9259336590766907
Broadband_Data_2026.03.26_21.50.00_ns_seg027,/home/s_grudinin/code/university/vlf_analyzing/new_test_raw_data/raw_v2/Broadband_Data_2026.03.26_21.50.00.bin,ns,model_verified,1,1,0,1,0,0,0.8067003488540649
Broadband_Data_2026.03.26_21.50.00_ns_seg028,/home/s_grudinin/code/university/vlf_analyzing/new_test_raw_data/raw_v2/Broadband_Data_2026.03.26_21.50.00.bin,ns,model_verified,0,0,0,0,0,0,0.20397597551345825
Broadband_Data_2026.03.26_21.50.00_ns_seg029,/home/s_grudinin/code/university/vlf_analyzing/new_test_raw_data/raw_v2/Broadband_Data_2026.03.26_21.50.00.bin,ns,model_verified,1,1,0,1,0,0,0.48974698781967163
Broadband_Data_2026.03.26_21.50.00_we_seg000,/home/s_grudinin/code/university/vlf_analyzing/new_test_raw_data/raw_v2/Broadband_Data_2026.03.26_21.50.00.bin,we,model_verified,2,2,0,2,0,0,0.9983028173446655
Broadband_Data_2026.03.26_21.50.00_we_seg001,/home/s_grudinin/code/university/vlf_analyzing/new_test_raw_data/raw_v2/Broadband_Data_2026.03.26_21.50.00.bin,we,model_verified,3,3,0,3,0,0,0.9985766410827637
Broadband_Data_2026.03.26_21.50.00_we_seg002,/home/s_grudinin/code/university/vlf_analyzing/new_test_raw_data/raw_v2/Broadband_Data_2026.03.26_21.50.00.bin,we,model_verified,1,1,0,1,0,0,0.9985257983207703
Broadband_Data_2026.03.26_21.50.00_we_seg003,/home/s_grudinin/code/university/vlf_analyzing/new_test_raw_data/raw_v2/Broadband_Data_2026.03.26_21.50.00.bin,we,model_verified,1,1,0,1,0,0,0.9982842803001404
Broadband_Data_2026.03.26_21.50.00_we_seg004,/home/s_grudinin/code/university/vlf_analyzing/new_test_raw_data/raw_v2/Broadband_Data_2026.03.26_21.50.00.bin,we,model_verified,2,2,0,2,0,0,0.9986741542816162
Broadband_Data_2026.03.26_21.50.00_we_seg005,/home/s_grudinin/code/university/vlf_analyzing/new_test_raw_data/raw_v2/Broadband_Data_2026.03.26_21.50.00.bin,we,model_verified,1,1,0,1,0,0,0.9985578656196594
Broadband_Data_2026.03.26_21.50.00_we_seg006,/home/s_grudinin/code/university/vlf_analyzing/new_test_raw_data/raw_v2/Broadband_Data_2026.03.26_21.50.00.bin,we,model_verified,1,1,0,1,0,0,0.998221218585968
Broadband_Data_2026.03.26_21.50.00_we_seg007,/home/s_grudinin/code/university/vlf_analyzing/new_test_raw_data/raw_v2/Broadband_Data_2026.03.26_21.50.00.bin,we,model_verified,2,2,0,2,0,0,0.9983713030815125
Broadband_Data_2026.03.26_21.50.00_we_seg008,/home/s_grudinin/code/university/vlf_analyzing/new_test_raw_data/raw_v2/Broadband_Data_2026.03.26_21.50.00.bin,we,model_verified,1,1,0,1,0,0,0.9985677003860474
Broadband_Data_2026.03.26_21.50.00_we_seg009,/home/s_grudinin/code/university/vlf_analyzing/new_test_raw_data/raw_v2/Broadband_Data_2026.03.26_21.50.00.bin,we,model_verified,1,1,0,1,0,0,0.998216450214386
Broadband_Data_2026.03.26_21.50.00_we_seg010,/home/s_grudinin/code/university/vlf_analyzing/new_test_raw_data/raw_v2/Broadband_Data_2026.03.26_21.50.00.bin,we,model_verified,1,1,0,1,0,0,0.9983885288238525
Broadband_Data_2026.03.26_21.50.00_we_seg011,/home/s_grudinin/code/university/vlf_analyzing/new_test_raw_data/raw_v2/Broadband_Data_2026.03.26_21.50.00.bin,we,model_verified,1,1,0,1,0,0,0.9983940720558167
Broadband_Data_2026.03.26_21.50.00_we_seg012,/home/s_grudinin/code/university/vlf_analyzing/new_test_raw_data/raw_v2/Broadband_Data_2026.03.26_21.50.00.bin,we,model_verified,2,2,0,2,0,0,0.9984272718429565
Broadband_Data_2026.03.26_21.50.00_we_seg013,/home/s_grudinin/code/university/vlf_analyzing/new_test_raw_data/raw_v2/Broadband_Data_2026.03.26_21.50.00.bin,we,model_verified,2,2,0,2,0,0,0.9987218976020813
Broadband_Data_2026.03.26_21.50.00_we_seg014,/home/s_grudinin/code/university/vlf_analyzing/new_test_raw_data/raw_v2/Broadband_Data_2026.03.26_21.50.00.bin,we,model_verified,2,2,0,2,0,0,0.9987247586250305
Broadband_Data_2026.03.26_21.50.00_we_seg015,/home/s_grudinin/code/university/vlf_analyzing/new_test_raw_data/raw_v2/Broadband_Data_2026.03.26_21.50.00.bin,we,model_verified,1,1,0,1,0,0,0.99875807762146
Broadband_Data_2026.03.26_21.50.00_we_seg016,/home/s_grudinin/code/university/vlf_analyzing/new_test_raw_data/raw_v2/Broadband_Data_2026.03.26_21.50.00.bin,we,model_verified,1,1,0,1,0,0,0.9986568689346313
Broadband_Data_2026.03.26_21.50.00_we_seg017,/home/s_grudinin/code/university/vlf_analyzing/new_test_raw_data/raw_v2/Broadband_Data_2026.03.26_21.50.00.bin,we,model_verified,1,1,0,1,0,0,0.9987248778343201
Broadband_Data_2026.03.26_21.50.00_we_seg018,/home/s_grudinin/code/university/vlf_analyzing/new_test_raw_data/raw_v2/Broadband_Data_2026.03.26_21.50.00.bin,we,model_verified,1,1,0,1,0,0,0.9988069534301758
Broadband_Data_2026.03.26_21.50.00_we_seg019,/home/s_grudinin/code/university/vlf_analyzing/new_test_raw_data/raw_v2/Broadband_Data_2026.03.26_21.50.00.bin,we,model_verified,2,2,0,2,0,0,0.9986758828163147
Broadband_Data_2026.03.26_21.50.00_we_seg020,/home/s_grudinin/code/university/vlf_analyzing/new_test_raw_data/raw_v2/Broadband_Data_2026.03.26_21.50.00.bin,we,model_verified,2,2,0,2,0,0,0.9987738728523254
Broadband_Data_2026.03.26_21.50.00_we_seg021,/home/s_grudinin/code/university/vlf_analyzing/new_test_raw_data/raw_v2/Broadband_Data_2026.03.26_21.50.00.bin,we,model_verified,1,1,0,1,0,0,0.9987539052963257
Broadband_Data_2026.03.26_21.50.00_we_seg022,/home/s_grudinin/code/university/vlf_analyzing/new_test_raw_data/raw_v2/Broadband_Data_2026.03.26_21.50.00.bin,we,model_verified,2,2,0,2,0,0,0.9988079071044922
Broadband_Data_2026.03.26_21.50.00_we_seg023,/home/s_grudinin/code/university/vlf_analyzing/new_test_raw_data/raw_v2/Broadband_Data_2026.03.26_21.50.00.bin,we,model_verified,1,1,0,1,0,0,0.9987075328826904
Broadband_Data_2026.03.26_21.50.00_we_seg024,/home/s_grudinin/code/university/vlf_analyzing/new_test_raw_data/raw_v2/Broadband_Data_2026.03.26_21.50.00.bin,we,manual_corrected,5,3,2,3,2,0,0.9984766840934753
Broadband_Data_2026.03.26_21.50.00_we_seg025,/home/s_grudinin/code/university/vlf_analyzing/new_test_raw_data/raw_v2/Broadband_Data_2026.03.26_21.50.00.bin,we,model_verified,2,2,0,2,0,0,0.99866783618927
Broadband_Data_2026.03.26_21.50.00_we_seg026,/home/s_grudinin/code/university/vlf_analyzing/new_test_raw_data/raw_v2/Broadband_Data_2026.03.26_21.50.00.bin,we,model_verified,2,2,0,2,0,0,0.9987282156944275
Broadband_Data_2026.03.26_21.50.00_we_seg027,/home/s_grudinin/code/university/vlf_analyzing/new_test_raw_data/raw_v2/Broadband_Data_2026.03.26_21.50.00.bin,we,model_verified,1,1,0,1,0,0,0.9986382126808167
Broadband_Data_2026.03.26_21.50.00_we_seg028,/home/s_grudinin/code/university/vlf_analyzing/new_test_raw_data/raw_v2/Broadband_Data_2026.03.26_21.50.00.bin,we,manual_corrected,2,1,1,1,1,0,0.9985257983207703
Broadband_Data_2026.03.26_21.50.00_we_seg029,/home/s_grudinin/code/university/vlf_analyzing/new_test_raw_data/raw_v2/Broadband_Data_2026.03.26_21.50.00.bin,we,model_verified,2,2,0,2,0,0,0.9986269474029541
Broadband_Data_2026.03.27_09.59.00_ns_seg000,/home/s_grudinin/code/university/vlf_analyzing/new_test_raw_data/raw_v2/Broadband_Data_2026.03.27_09.59.00.bin,ns,model_verified,0,0,0,0,0,0,0.14332009851932526
Broadband_Data_2026.03.27_09.59.00_ns_seg001,/home/s_grudinin/code/university/vlf_analyzing/new_test_raw_data/raw_v2/Broadband_Data_2026.03.27_09.59.00.bin,ns,model_verified,2,2,0,2,0,0,0.29201042652130127
Broadband_Data_2026.03.27_09.59.00_ns_seg002,/home/s_grudinin/code/university/vlf_analyzing/new_test_raw_data/raw_v2/Broadband_Data_2026.03.27_09.59.00.bin,ns,model_verified,5,5,0,5,0,0,0.8893595337867737
Broadband_Data_2026.03.27_09.59.00_ns_seg003,/home/s_grudinin/code/university/vlf_analyzing/new_test_raw_data/raw_v2/Broadband_Data_2026.03.27_09.59.00.bin,ns,model_verified,3,3,0,3,0,0,0.970640242099762
Broadband_Data_2026.03.27_09.59.00_ns_seg004,/home/s_grudinin/code/university/vlf_analyzing/new_test_raw_data/raw_v2/Broadband_Data_2026.03.27_09.59.00.bin,ns,model_verified,2,2,0,2,0,0,0.9237525463104248
Broadband_Data_2026.03.27_09.59.00_ns_seg005,/home/s_grudinin/code/university/vlf_analyzing/new_test_raw_data/raw_v2/Broadband_Data_2026.03.27_09.59.00.bin,ns,model_verified,2,2,0,2,0,0,0.6282549500465393
Broadband_Data_2026.03.27_09.59.00_ns_seg006,/home/s_grudinin/code/university/vlf_analyzing/new_test_raw_data/raw_v2/Broadband_Data_2026.03.27_09.59.00.bin,ns,model_verified,1,1,0,1,0,0,0.817970335483551
Broadband_Data_2026.03.27_09.59.00_ns_seg007,/home/s_grudinin/code/university/vlf_analyzing/new_test_raw_data/raw_v2/Broadband_Data_2026.03.27_09.59.00.bin,ns,model_verified,2,2,0,2,0,0,0.3429933786392212
Broadband_Data_2026.03.27_09.59.00_ns_seg008,/home/s_grudinin/code/university/vlf_analyzing/new_test_raw_data/raw_v2/Broadband_Data_2026.03.27_09.59.00.bin,ns,model_verified,1,1,0,1,0,0,0.9273414015769958
Broadband_Data_2026.03.27_09.59.00_ns_seg009,/home/s_grudinin/code/university/vlf_analyzing/new_test_raw_data/raw_v2/Broadband_Data_2026.03.27_09.59.00.bin,ns,model_verified,0,0,0,0,0,0,0.20822009444236755
Broadband_Data_2026.03.27_09.59.00_ns_seg010,/home/s_grudinin/code/university/vlf_analyzing/new_test_raw_data/raw_v2/Broadband_Data_2026.03.27_09.59.00.bin,ns,model_verified,3,3,0,3,0,0,0.9870750308036804
Broadband_Data_2026.03.27_09.59.00_ns_seg011,/home/s_grudinin/code/university/vlf_analyzing/new_test_raw_data/raw_v2/Broadband_Data_2026.03.27_09.59.00.bin,ns,model_verified,1,1,0,1,0,0,0.9929127097129822
Broadband_Data_2026.03.27_09.59.00_ns_seg012,/home/s_grudinin/code/university/vlf_analyzing/new_test_raw_data/raw_v2/Broadband_Data_2026.03.27_09.59.00.bin,ns,model_verified,2,2,0,2,0,0,0.8330745100975037
Broadband_Data_2026.03.27_09.59.00_ns_seg013,/home/s_grudinin/code/university/vlf_analyzing/new_test_raw_data/raw_v2/Broadband_Data_2026.03.27_09.59.00.bin,ns,model_verified,3,3,0,3,0,0,0.7627718448638916
Broadband_Data_2026.03.27_09.59.00_ns_seg014,/home/s_grudinin/code/university/vlf_analyzing/new_test_raw_data/raw_v2/Broadband_Data_2026.03.27_09.59.00.bin,ns,model_verified,0,0,0,0,0,0,0.20662015676498413
Broadband_Data_2026.03.27_09.59.00_ns_seg015,/home/s_grudinin/code/university/vlf_analyzing/new_test_raw_data/raw_v2/Broadband_Data_2026.03.27_09.59.00.bin,ns,model_verified,0,0,0,0,0,0,0.23525284230709076
Broadband_Data_2026.03.27_09.59.00_ns_seg016,/home/s_grudinin/code/university/vlf_analyzing/new_test_raw_data/raw_v2/Broadband_Data_2026.03.27_09.59.00.bin,ns,model_verified,5,5,0,5,0,0,0.8465031385421753
Broadband_Data_2026.03.27_09.59.00_ns_seg017,/home/s_grudinin/code/university/vlf_analyzing/new_test_raw_data/raw_v2/Broadband_Data_2026.03.27_09.59.00.bin,ns,model_verified,2,2,0,2,0,0,0.8571409583091736
Broadband_Data_2026.03.27_09.59.00_ns_seg018,/home/s_grudinin/code/university/vlf_analyzing/new_test_raw_data/raw_v2/Broadband_Data_2026.03.27_09.59.00.bin,ns,model_verified,0,0,0,0,0,0,0.18533609807491302
Broadband_Data_2026.03.27_09.59.00_ns_seg019,/home/s_grudinin/code/university/vlf_analyzing/new_test_raw_data/raw_v2/Broadband_Data_2026.03.27_09.59.00.bin,ns,model_verified,3,3,0,3,0,0,0.8807241916656494
Broadband_Data_2026.03.27_09.59.00_ns_seg020,/home/s_grudinin/code/university/vlf_analyzing/new_test_raw_data/raw_v2/Broadband_Data_2026.03.27_09.59.00.bin,ns,model_verified,1,1,0,1,0,0,0.9619527459144592
Broadband_Data_2026.03.27_09.59.00_ns_seg021,/home/s_grudinin/code/university/vlf_analyzing/new_test_raw_data/raw_v2/Broadband_Data_2026.03.27_09.59.00.bin,ns,model_verified,2,2,0,2,0,0,0.3724122941493988
Broadband_Data_2026.03.27_09.59.00_ns_seg022,/home/s_grudinin/code/university/vlf_analyzing/new_test_raw_data/raw_v2/Broadband_Data_2026.03.27_09.59.00.bin,ns,model_verified,3,3,0,3,0,0,0.969145655632019
Broadband_Data_2026.03.27_09.59.00_ns_seg023,/home/s_grudinin/code/university/vlf_analyzing/new_test_raw_data/raw_v2/Broadband_Data_2026.03.27_09.59.00.bin,ns,model_verified,2,2,0,2,0,0,0.46795666217803955
Broadband_Data_2026.03.27_09.59.00_ns_seg024,/home/s_grudinin/code/university/vlf_analyzing/new_test_raw_data/raw_v2/Broadband_Data_2026.03.27_09.59.00.bin,ns,manual_corrected,3,2,1,2,1,0,0.782383143901825
Broadband_Data_2026.03.27_09.59.00_ns_seg025,/home/s_grudinin/code/university/vlf_analyzing/new_test_raw_data/raw_v2/Broadband_Data_2026.03.27_09.59.00.bin,ns,model_verified,3,3,0,3,0,0,0.7876853346824646
Broadband_Data_2026.03.27_09.59.00_ns_seg026,/home/s_grudinin/code/university/vlf_analyzing/new_test_raw_data/raw_v2/Broadband_Data_2026.03.27_09.59.00.bin,ns,model_verified,5,5,0,5,0,0,0.6967108845710754
Broadband_Data_2026.03.27_09.59.00_ns_seg027,/home/s_grudinin/code/university/vlf_analyzing/new_test_raw_data/raw_v2/Broadband_Data_2026.03.27_09.59.00.bin,ns,model_verified,4,4,0,4,0,0,0.7383025288581848
Broadband_Data_2026.03.27_09.59.00_ns_seg028,/home/s_grudinin/code/university/vlf_analyzing/new_test_raw_data/raw_v2/Broadband_Data_2026.03.27_09.59.00.bin,ns,manual_corrected,1,0,1,0,1,0,0.3796516954898834
Broadband_Data_2026.03.27_09.59.00_ns_seg029,/home/s_grudinin/code/university/vlf_analyzing/new_test_raw_data/raw_v2/Broadband_Data_2026.03.27_09.59.00.bin,ns,model_verified,2,2,0,2,0,0,0.528166651725769
Broadband_Data_2026.03.27_09.59.00_we_seg000,/home/s_grudinin/code/university/vlf_analyzing/new_test_raw_data/raw_v2/Broadband_Data_2026.03.27_09.59.00.bin,we,manual_corrected,1,0,1,0,1,0,0.9982694387435913
Broadband_Data_2026.03.27_09.59.00_we_seg001,/home/s_grudinin/code/university/vlf_analyzing/new_test_raw_data/raw_v2/Broadband_Data_2026.03.27_09.59.00.bin,we,model_verified,1,1,0,1,0,0,0.9983037710189819
Broadband_Data_2026.03.27_09.59.00_we_seg002,/home/s_grudinin/code/university/vlf_analyzing/new_test_raw_data/raw_v2/Broadband_Data_2026.03.27_09.59.00.bin,we,model_verified,3,3,0,3,0,0,0.9983861446380615
Broadband_Data_2026.03.27_09.59.00_we_seg003,/home/s_grudinin/code/university/vlf_analyzing/new_test_raw_data/raw_v2/Broadband_Data_2026.03.27_09.59.00.bin,we,model_verified,3,3,0,3,0,0,0.9984403252601624
Broadband_Data_2026.03.27_09.59.00_we_seg004,/home/s_grudinin/code/university/vlf_analyzing/new_test_raw_data/raw_v2/Broadband_Data_2026.03.27_09.59.00.bin,we,model_verified,2,2,0,2,0,0,0.9982705116271973
Broadband_Data_2026.03.27_09.59.00_we_seg005,/home/s_grudinin/code/university/vlf_analyzing/new_test_raw_data/raw_v2/Broadband_Data_2026.03.27_09.59.00.bin,we,model_verified,1,1,0,1,0,0,0.9982671737670898
Broadband_Data_2026.03.27_09.59.00_we_seg006,/home/s_grudinin/code/university/vlf_analyzing/new_test_raw_data/raw_v2/Broadband_Data_2026.03.27_09.59.00.bin,we,model_verified,1,1,0,1,0,0,0.9984714388847351
Broadband_Data_2026.03.27_09.59.00_we_seg007,/home/s_grudinin/code/university/vlf_analyzing/new_test_raw_data/raw_v2/Broadband_Data_2026.03.27_09.59.00.bin,we,model_verified,2,2,0,2,0,0,0.9983339905738831
Broadband_Data_2026.03.27_09.59.00_we_seg008,/home/s_grudinin/code/university/vlf_analyzing/new_test_raw_data/raw_v2/Broadband_Data_2026.03.27_09.59.00.bin,we,model_verified,1,1,0,1,0,0,0.9981208443641663
Broadband_Data_2026.03.27_09.59.00_we_seg009,/home/s_grudinin/code/university/vlf_analyzing/new_test_raw_data/raw_v2/Broadband_Data_2026.03.27_09.59.00.bin,we,model_verified,1,1,0,1,0,0,0.9982253909111023
Broadband_Data_2026.03.27_09.59.00_we_seg010,/home/s_grudinin/code/university/vlf_analyzing/new_test_raw_data/raw_v2/Broadband_Data_2026.03.27_09.59.00.bin,we,model_verified,2,2,0,2,0,0,0.9982149600982666
Broadband_Data_2026.03.27_09.59.00_we_seg011,/home/s_grudinin/code/university/vlf_analyzing/new_test_raw_data/raw_v2/Broadband_Data_2026.03.27_09.59.00.bin,we,model_verified,2,2,0,2,0,0,0.9985319375991821
Broadband_Data_2026.03.27_09.59.00_we_seg012,/home/s_grudinin/code/university/vlf_analyzing/new_test_raw_data/raw_v2/Broadband_Data_2026.03.27_09.59.00.bin,we,model_verified,1,1,0,1,0,0,0.9982104301452637
Broadband_Data_2026.03.27_09.59.00_we_seg013,/home/s_grudinin/code/university/vlf_analyzing/new_test_raw_data/raw_v2/Broadband_Data_2026.03.27_09.59.00.bin,we,model_verified,2,2,0,2,0,0,0.9984778761863708
Broadband_Data_2026.03.27_09.59.00_we_seg014,/home/s_grudinin/code/university/vlf_analyzing/new_test_raw_data/raw_v2/Broadband_Data_2026.03.27_09.59.00.bin,we,model_verified,1,1,0,1,0,0,0.998544454574585
Broadband_Data_2026.03.27_09.59.00_we_seg015,/home/s_grudinin/code/university/vlf_analyzing/new_test_raw_data/raw_v2/Broadband_Data_2026.03.27_09.59.00.bin,we,model_verified,1,1,0,1,0,0,0.9984521865844727
Broadband_Data_2026.03.27_09.59.00_we_seg016,/home/s_grudinin/code/university/vlf_analyzing/new_test_raw_data/raw_v2/Broadband_Data_2026.03.27_09.59.00.bin,we,model_verified,1,1,0,1,0,0,0.9984294772148132
Broadband_Data_2026.03.27_09.59.00_we_seg017,/home/s_grudinin/code/university/vlf_analyzing/new_test_raw_data/raw_v2/Broadband_Data_2026.03.27_09.59.00.bin,we,model_verified,1,1,0,1,0,0,0.9983038902282715
Broadband_Data_2026.03.27_09.59.00_we_seg018,/home/s_grudinin/code/university/vlf_analyzing/new_test_raw_data/raw_v2/Broadband_Data_2026.03.27_09.59.00.bin,we,model_verified,1,1,0,1,0,0,0.9983046054840088
Broadband_Data_2026.03.27_09.59.00_we_seg019,/home/s_grudinin/code/university/vlf_analyzing/new_test_raw_data/raw_v2/Broadband_Data_2026.03.27_09.59.00.bin,we,model_verified,1,1,0,1,0,0,0.9984733462333679
Broadband_Data_2026.03.27_09.59.00_we_seg020,/home/s_grudinin/code/university/vlf_analyzing/new_test_raw_data/raw_v2/Broadband_Data_2026.03.27_09.59.00.bin,we,model_verified,2,2,0,2,0,0,0.9981379508972168
Broadband_Data_2026.03.27_09.59.00_we_seg021,/home/s_grudinin/code/university/vlf_analyzing/new_test_raw_data/raw_v2/Broadband_Data_2026.03.27_09.59.00.bin,we,model_verified,1,1,0,1,0,0,0.9983088970184326
Broadband_Data_2026.03.27_09.59.00_we_seg022,/home/s_grudinin/code/university/vlf_analyzing/new_test_raw_data/raw_v2/Broadband_Data_2026.03.27_09.59.00.bin,we,model_verified,2,2,0,2,0,0,0.9981139898300171
Broadband_Data_2026.03.27_09.59.00_we_seg023,/home/s_grudinin/code/university/vlf_analyzing/new_test_raw_data/raw_v2/Broadband_Data_2026.03.27_09.59.00.bin,we,model_verified,1,1,0,1,0,0,0.9979752898216248
Broadband_Data_2026.03.27_09.59.00_we_seg024,/home/s_grudinin/code/university/vlf_analyzing/new_test_raw_data/raw_v2/Broadband_Data_2026.03.27_09.59.00.bin,we,model_verified,1,1,0,1,0,0,0.99837327003479
Broadband_Data_2026.03.27_09.59.00_we_seg025,/home/s_grudinin/code/university/vlf_analyzing/new_test_raw_data/raw_v2/Broadband_Data_2026.03.27_09.59.00.bin,we,model_verified,1,1,0,1,0,0,0.9983175992965698
Broadband_Data_2026.03.27_09.59.00_we_seg026,/home/s_grudinin/code/university/vlf_analyzing/new_test_raw_data/raw_v2/Broadband_Data_2026.03.27_09.59.00.bin,we,model_verified,1,1,0,1,0,0,0.9982798099517822
Broadband_Data_2026.03.27_09.59.00_we_seg027,/home/s_grudinin/code/university/vlf_analyzing/new_test_raw_data/raw_v2/Broadband_Data_2026.03.27_09.59.00.bin,we,model_verified,1,1,0,1,0,0,0.9984188079833984
Broadband_Data_2026.03.27_09.59.00_we_seg028,/home/s_grudinin/code/university/vlf_analyzing/new_test_raw_data/raw_v2/Broadband_Data_2026.03.27_09.59.00.bin,we,model_verified,1,1,0,1,0,0,0.9984986782073975
Broadband_Data_2026.03.27_09.59.00_we_seg029,/home/s_grudinin/code/university/vlf_analyzing/new_test_raw_data/raw_v2/Broadband_Data_2026.03.27_09.59.00.bin,we,model_verified,1,1,0,1,0,0,0.9985523819923401
Broadband_Data_2026.03.27_10.00.00_ns_seg000,/home/s_grudinin/code/university/vlf_analyzing/new_test_raw_data/raw_v2/Broadband_Data_2026.03.27_10.00.00.bin,ns,model_verified,4,4,0,4,0,0,0.9767630100250244
Broadband_Data_2026.03.27_10.00.00_ns_seg001,/home/s_grudinin/code/university/vlf_analyzing/new_test_raw_data/raw_v2/Broadband_Data_2026.03.27_10.00.00.bin,ns,model_verified,0,0,0,0,0,0,0.15540656447410583
Broadband_Data_2026.03.27_10.00.00_ns_seg002,/home/s_grudinin/code/university/vlf_analyzing/new_test_raw_data/raw_v2/Broadband_Data_2026.03.27_10.00.00.bin,ns,model_verified,0,0,0,0,0,0,0.1615547239780426
Broadband_Data_2026.03.27_10.00.00_ns_seg003,/home/s_grudinin/code/university/vlf_analyzing/new_test_raw_data/raw_v2/Broadband_Data_2026.03.27_10.00.00.bin,ns,model_verified,3,3,0,3,0,0,0.8226815462112427
Broadband_Data_2026.03.27_10.00.00_ns_seg004,/home/s_grudinin/code/university/vlf_analyzing/new_test_raw_data/raw_v2/Broadband_Data_2026.03.27_10.00.00.bin,ns,model_verified,4,4,0,4,0,0,0.44721049070358276
Broadband_Data_2026.03.27_10.00.00_ns_seg005,/home/s_grudinin/code/university/vlf_analyzing/new_test_raw_data/raw_v2/Broadband_Data_2026.03.27_10.00.00.bin,ns,model_verified,2,2,0,2,0,0,0.954124927520752
Broadband_Data_2026.03.27_10.00.00_ns_seg006,/home/s_grudinin/code/university/vlf_analyzing/new_test_raw_data/raw_v2/Broadband_Data_2026.03.27_10.00.00.bin,ns,model_verified,0,0,0,0,0,0,0.12501242756843567
Broadband_Data_2026.03.27_10.00.00_ns_seg007,/home/s_grudinin/code/university/vlf_analyzing/new_test_raw_data/raw_v2/Broadband_Data_2026.03.27_10.00.00.bin,ns,model_verified,0,0,0,0,0,0,0.2230837643146515
Broadband_Data_2026.03.27_10.00.00_ns_seg008,/home/s_grudinin/code/university/vlf_analyzing/new_test_raw_data/raw_v2/Broadband_Data_2026.03.27_10.00.00.bin,ns,model_verified,0,0,0,0,0,0,0.14752265810966492
Broadband_Data_2026.03.27_10.00.00_ns_seg009,/home/s_grudinin/code/university/vlf_analyzing/new_test_raw_data/raw_v2/Broadband_Data_2026.03.27_10.00.00.bin,ns,model_verified,1,1,0,1,0,0,0.3257083594799042
Broadband_Data_2026.03.27_10.00.00_ns_seg010,/home/s_grudinin/code/university/vlf_analyzing/new_test_raw_data/raw_v2/Broadband_Data_2026.03.27_10.00.00.bin,ns,model_verified,0,0,0,0,0,0,0.1397751420736313
Broadband_Data_2026.03.27_10.00.00_ns_seg011,/home/s_grudinin/code/university/vlf_analyzing/new_test_raw_data/raw_v2/Broadband_Data_2026.03.27_10.00.00.bin,ns,model_verified,1,1,0,1,0,0,0.9683176279067993
Broadband_Data_2026.03.27_10.00.00_ns_seg012,/home/s_grudinin/code/university/vlf_analyzing/new_test_raw_data/raw_v2/Broadband_Data_2026.03.27_10.00.00.bin,ns,model_verified,0,0,0,0,0,0,0.18020828068256378
Broadband_Data_2026.03.27_10.00.00_ns_seg013,/home/s_grudinin/code/university/vlf_analyzing/new_test_raw_data/raw_v2/Broadband_Data_2026.03.27_10.00.00.bin,ns,model_verified,2,2,0,2,0,0,0.8857267498970032
Broadband_Data_2026.03.27_10.00.00_ns_seg014,/home/s_grudinin/code/university/vlf_analyzing/new_test_raw_data/raw_v2/Broadband_Data_2026.03.27_10.00.00.bin,ns,model_verified,3,3,0,3,0,0,0.5451262593269348
Broadband_Data_2026.03.27_10.00.00_ns_seg015,/home/s_grudinin/code/university/vlf_analyzing/new_test_raw_data/raw_v2/Broadband_Data_2026.03.27_10.00.00.bin,ns,model_verified,2,2,0,2,0,0,0.3439676761627197
Broadband_Data_2026.03.27_10.00.00_ns_seg016,/home/s_grudinin/code/university/vlf_analyzing/new_test_raw_data/raw_v2/Broadband_Data_2026.03.27_10.00.00.bin,ns,model_verified,2,2,0,2,0,0,0.40622374415397644
Broadband_Data_2026.03.27_10.00.00_ns_seg017,/home/s_grudinin/code/university/vlf_analyzing/new_test_raw_data/raw_v2/Broadband_Data_2026.03.27_10.00.00.bin,ns,model_verified,1,1,0,1,0,0,0.9279166460037231
Broadband_Data_2026.03.27_10.00.00_ns_seg018,/home/s_grudinin/code/university/vlf_analyzing/new_test_raw_data/raw_v2/Broadband_Data_2026.03.27_10.00.00.bin,ns,model_verified,4,4,0,4,0,0,0.9582589268684387
Broadband_Data_2026.03.27_10.00.00_ns_seg019,/home/s_grudinin/code/university/vlf_analyzing/new_test_raw_data/raw_v2/Broadband_Data_2026.03.27_10.00.00.bin,ns,model_verified,0,0,0,0,0,0,0.16249769926071167
Broadband_Data_2026.03.27_10.00.00_ns_seg020,/home/s_grudinin/code/university/vlf_analyzing/new_test_raw_data/raw_v2/Broadband_Data_2026.03.27_10.00.00.bin,ns,model_verified,2,2,0,2,0,0,0.7240725755691528
Broadband_Data_2026.03.27_10.00.00_ns_seg021,/home/s_grudinin/code/university/vlf_analyzing/new_test_raw_data/raw_v2/Broadband_Data_2026.03.27_10.00.00.bin,ns,model_verified,2,2,0,2,0,0,0.6046690940856934
Broadband_Data_2026.03.27_10.00.00_ns_seg022,/home/s_grudinin/code/university/vlf_analyzing/new_test_raw_data/raw_v2/Broadband_Data_2026.03.27_10.00.00.bin,ns,model_verified,1,1,0,1,0,0,0.9804480671882629
Broadband_Data_2026.03.27_10.00.00_ns_seg023,/home/s_grudinin/code/university/vlf_analyzing/new_test_raw_data/raw_v2/Broadband_Data_2026.03.27_10.00.00.bin,ns,model_verified,1,1,0,1,0,0,0.4941559135913849
Broadband_Data_2026.03.27_10.00.00_ns_seg024,/home/s_grudinin/code/university/vlf_analyzing/new_test_raw_data/raw_v2/Broadband_Data_2026.03.27_10.00.00.bin,ns,model_verified,0,0,0,0,0,0,0.1915043443441391
Broadband_Data_2026.03.27_10.00.00_ns_seg025,/home/s_grudinin/code/university/vlf_analyzing/new_test_raw_data/raw_v2/Broadband_Data_2026.03.27_10.00.00.bin,ns,model_verified,5,5,0,5,0,0,0.9784274101257324
Broadband_Data_2026.03.27_10.00.00_ns_seg026,/home/s_grudinin/code/university/vlf_analyzing/new_test_raw_data/raw_v2/Broadband_Data_2026.03.27_10.00.00.bin,ns,model_verified,2,2,0,2,0,0,0.936024010181427
Broadband_Data_2026.03.27_10.00.00_ns_seg027,/home/s_grudinin/code/university/vlf_analyzing/new_test_raw_data/raw_v2/Broadband_Data_2026.03.27_10.00.00.bin,ns,model_verified,0,0,0,0,0,0,0.18942716717720032
Broadband_Data_2026.03.27_10.00.00_ns_seg028,/home/s_grudinin/code/university/vlf_analyzing/new_test_raw_data/raw_v2/Broadband_Data_2026.03.27_10.00.00.bin,ns,model_verified,1,1,0,1,0,0,0.5557993650436401
Broadband_Data_2026.03.27_10.00.00_ns_seg029,/home/s_grudinin/code/university/vlf_analyzing/new_test_raw_data/raw_v2/Broadband_Data_2026.03.27_10.00.00.bin,ns,model_verified,1,1,0,1,0,0,0.8808578252792358
Broadband_Data_2026.03.27_10.00.00_we_seg000,/home/s_grudinin/code/university/vlf_analyzing/new_test_raw_data/raw_v2/Broadband_Data_2026.03.27_10.00.00.bin,we,manual_corrected,3,2,1,2,1,0,0.9986086487770081
Broadband_Data_2026.03.27_10.00.00_we_seg001,/home/s_grudinin/code/university/vlf_analyzing/new_test_raw_data/raw_v2/Broadband_Data_2026.03.27_10.00.00.bin,we,model_verified,2,2,0,2,0,0,0.9985083937644958
Broadband_Data_2026.03.27_10.00.00_we_seg002,/home/s_grudinin/code/university/vlf_analyzing/new_test_raw_data/raw_v2/Broadband_Data_2026.03.27_10.00.00.bin,we,model_verified,1,1,0,1,0,0,0.9984795451164246
Broadband_Data_2026.03.27_10.00.00_we_seg003,/home/s_grudinin/code/university/vlf_analyzing/new_test_raw_data/raw_v2/Broadband_Data_2026.03.27_10.00.00.bin,we,model_verified,1,1,0,1,0,0,0.998022198677063
Broadband_Data_2026.03.27_10.00.00_we_seg004,/home/s_grudinin/code/university/vlf_analyzing/new_test_raw_data/raw_v2/Broadband_Data_2026.03.27_10.00.00.bin,we,model_verified,1,1,0,1,0,0,0.9981264472007751
Broadband_Data_2026.03.27_10.00.00_we_seg005,/home/s_grudinin/code/university/vlf_analyzing/new_test_raw_data/raw_v2/Broadband_Data_2026.03.27_10.00.00.bin,we,model_verified,1,1,0,1,0,0,0.9981677532196045
Broadband_Data_2026.03.27_10.00.00_we_seg006,/home/s_grudinin/code/university/vlf_analyzing/new_test_raw_data/raw_v2/Broadband_Data_2026.03.27_10.00.00.bin,we,model_verified,1,1,0,1,0,0,0.9981040954589844
Broadband_Data_2026.03.27_10.00.00_we_seg007,/home/s_grudinin/code/university/vlf_analyzing/new_test_raw_data/raw_v2/Broadband_Data_2026.03.27_10.00.00.bin,we,model_verified,1,1,0,1,0,0,0.9982947707176208
Broadband_Data_2026.03.27_10.00.00_we_seg008,/home/s_grudinin/code/university/vlf_analyzing/new_test_raw_data/raw_v2/Broadband_Data_2026.03.27_10.00.00.bin,we,model_verified,1,1,0,1,0,0,0.9982927441596985
Broadband_Data_2026.03.27_10.00.00_we_seg009,/home/s_grudinin/code/university/vlf_analyzing/new_test_raw_data/raw_v2/Broadband_Data_2026.03.27_10.00.00.bin,we,model_verified,1,1,0,1,0,0,0.9981430768966675
Broadband_Data_2026.03.27_10.00.00_we_seg010,/home/s_grudinin/code/university/vlf_analyzing/new_test_raw_data/raw_v2/Broadband_Data_2026.03.27_10.00.00.bin,we,model_verified,1,1,0,1,0,0,0.9983488321304321
Broadband_Data_2026.03.27_10.00.00_we_seg011,/home/s_grudinin/code/university/vlf_analyzing/new_test_raw_data/raw_v2/Broadband_Data_2026.03.27_10.00.00.bin,we,model_verified,1,1,0,1,0,0,0.9983300566673279
Broadband_Data_2026.03.27_10.00.00_we_seg012,/home/s_grudinin/code/university/vlf_analyzing/new_test_raw_data/raw_v2/Broadband_Data_2026.03.27_10.00.00.bin,we,model_verified,1,1,0,1,0,0,0.99809330701828
Broadband_Data_2026.03.27_10.00.00_we_seg013,/home/s_grudinin/code/university/vlf_analyzing/new_test_raw_data/raw_v2/Broadband_Data_2026.03.27_10.00.00.bin,we,model_verified,2,2,0,2,0,0,0.9983264803886414
Broadband_Data_2026.03.27_10.00.00_we_seg014,/home/s_grudinin/code/university/vlf_analyzing/new_test_raw_data/raw_v2/Broadband_Data_2026.03.27_10.00.00.bin,we,model_verified,2,2,0,2,0,0,0.9982377290725708
Broadband_Data_2026.03.27_10.00.00_we_seg015,/home/s_grudinin/code/university/vlf_analyzing/new_test_raw_data/raw_v2/Broadband_Data_2026.03.27_10.00.00.bin,we,model_verified,2,2,0,2,0,0,0.9981803894042969
Broadband_Data_2026.03.27_10.00.00_we_seg016,/home/s_grudinin/code/university/vlf_analyzing/new_test_raw_data/raw_v2/Broadband_Data_2026.03.27_10.00.00.bin,we,model_verified,1,1,0,1,0,0,0.9982218146324158
Broadband_Data_2026.03.27_10.00.00_we_seg017,/home/s_grudinin/code/university/vlf_analyzing/new_test_raw_data/raw_v2/Broadband_Data_2026.03.27_10.00.00.bin,we,model_verified,1,1,0,1,0,0,0.9982740879058838
Broadband_Data_2026.03.27_10.00.00_we_seg018,/home/s_grudinin/code/university/vlf_analyzing/new_test_raw_data/raw_v2/Broadband_Data_2026.03.27_10.00.00.bin,we,model_verified,2,2,0,2,0,0,0.9981557726860046
Broadband_Data_2026.03.27_10.00.00_we_seg019,/home/s_grudinin/code/university/vlf_analyzing/new_test_raw_data/raw_v2/Broadband_Data_2026.03.27_10.00.00.bin,we,model_verified,1,1,0,1,0,0,0.9980161190032959
Broadband_Data_2026.03.27_10.00.00_we_seg020,/home/s_grudinin/code/university/vlf_analyzing/new_test_raw_data/raw_v2/Broadband_Data_2026.03.27_10.00.00.bin,we,model_verified,1,1,0,1,0,0,0.9983115196228027
Broadband_Data_2026.03.27_10.00.00_we_seg021,/home/s_grudinin/code/university/vlf_analyzing/new_test_raw_data/raw_v2/Broadband_Data_2026.03.27_10.00.00.bin,we,model_verified,1,1,0,1,0,0,0.9982950091362
Broadband_Data_2026.03.27_10.00.00_we_seg022,/home/s_grudinin/code/university/vlf_analyzing/new_test_raw_data/raw_v2/Broadband_Data_2026.03.27_10.00.00.bin,we,model_verified,2,2,0,2,0,0,0.9982605576515198
Broadband_Data_2026.03.27_10.00.00_we_seg023,/home/s_grudinin/code/university/vlf_analyzing/new_test_raw_data/raw_v2/Broadband_Data_2026.03.27_10.00.00.bin,we,model_verified,2,2,0,2,0,0,0.9985802173614502
Broadband_Data_2026.03.27_10.00.00_we_seg024,/home/s_grudinin/code/university/vlf_analyzing/new_test_raw_data/raw_v2/Broadband_Data_2026.03.27_10.00.00.bin,we,model_verified,1,1,0,1,0,0,0.998551070690155
Broadband_Data_2026.03.27_10.00.00_we_seg025,/home/s_grudinin/code/university/vlf_analyzing/new_test_raw_data/raw_v2/Broadband_Data_2026.03.27_10.00.00.bin,we,model_verified,2,2,0,2,0,0,0.998390793800354
Broadband_Data_2026.03.27_10.00.00_we_seg026,/home/s_grudinin/code/university/vlf_analyzing/new_test_raw_data/raw_v2/Broadband_Data_2026.03.27_10.00.00.bin,we,model_verified,3,3,0,3,0,0,0.9984715580940247
Broadband_Data_2026.03.27_10.00.00_we_seg027,/home/s_grudinin/code/university/vlf_analyzing/new_test_raw_data/raw_v2/Broadband_Data_2026.03.27_10.00.00.bin,we,model_verified,1,1,0,1,0,0,0.9984669089317322
Broadband_Data_2026.03.27_10.00.00_we_seg028,/home/s_grudinin/code/university/vlf_analyzing/new_test_raw_data/raw_v2/Broadband_Data_2026.03.27_10.00.00.bin,we,model_verified,1,1,0,1,0,0,0.9982529282569885
Broadband_Data_2026.03.27_10.00.00_we_seg029,/home/s_grudinin/code/university/vlf_analyzing/new_test_raw_data/raw_v2/Broadband_Data_2026.03.27_10.00.00.bin,we,model_verified,2,2,0,2,0,0,0.9980036616325378
Broadband_Data_2026.03.27_14.35.00_ns_seg000,/home/s_grudinin/code/university/vlf_analyzing/new_test_raw_data/raw_v2/Broadband_Data_2026.03.27_14.35.00.bin,ns,model_verified,4,4,0,4,0,0,0.9467431306838989
Broadband_Data_2026.03.27_14.35.00_ns_seg001,/home/s_grudinin/code/university/vlf_analyzing/new_test_raw_data/raw_v2/Broadband_Data_2026.03.27_14.35.00.bin,ns,model_verified,6,6,0,6,0,0,0.9964808821678162
Broadband_Data_2026.03.27_14.35.00_ns_seg002,/home/s_grudinin/code/university/vlf_analyzing/new_test_raw_data/raw_v2/Broadband_Data_2026.03.27_14.35.00.bin,ns,model_verified,5,5,0,5,0,0,0.9795406460762024
Broadband_Data_2026.03.27_14.35.00_ns_seg003,/home/s_grudinin/code/university/vlf_analyzing/new_test_raw_data/raw_v2/Broadband_Data_2026.03.27_14.35.00.bin,ns,model_verified,9,9,0,9,0,0,0.995014488697052
Broadband_Data_2026.03.27_14.35.00_ns_seg004,/home/s_grudinin/code/university/vlf_analyzing/new_test_raw_data/raw_v2/Broadband_Data_2026.03.27_14.35.00.bin,ns,model_verified,4,4,0,4,0,0,0.7432413101196289
Broadband_Data_2026.03.27_14.35.00_ns_seg005,/home/s_grudinin/code/university/vlf_analyzing/new_test_raw_data/raw_v2/Broadband_Data_2026.03.27_14.35.00.bin,ns,model_verified,3,3,0,3,0,0,0.6117838025093079
Broadband_Data_2026.03.27_14.35.00_ns_seg006,/home/s_grudinin/code/university/vlf_analyzing/new_test_raw_data/raw_v2/Broadband_Data_2026.03.27_14.35.00.bin,ns,model_verified,3,3,0,3,0,0,0.9592352509498596
Broadband_Data_2026.03.27_14.35.00_ns_seg007,/home/s_grudinin/code/university/vlf_analyzing/new_test_raw_data/raw_v2/Broadband_Data_2026.03.27_14.35.00.bin,ns,model_verified,4,4,0,4,0,0,0.4460409879684448
Broadband_Data_2026.03.27_14.35.00_ns_seg008,/home/s_grudinin/code/university/vlf_analyzing/new_test_raw_data/raw_v2/Broadband_Data_2026.03.27_14.35.00.bin,ns,model_verified,6,6,0,6,0,0,0.8775417804718018
Broadband_Data_2026.03.27_14.35.00_ns_seg009,/home/s_grudinin/code/university/vlf_analyzing/new_test_raw_data/raw_v2/Broadband_Data_2026.03.27_14.35.00.bin,ns,model_verified,4,4,0,4,0,0,0.9898250699043274
Broadband_Data_2026.03.27_14.35.00_ns_seg010,/home/s_grudinin/code/university/vlf_analyzing/new_test_raw_data/raw_v2/Broadband_Data_2026.03.27_14.35.00.bin,ns,model_verified,5,5,0,5,0,0,0.8624341487884521
Broadband_Data_2026.03.27_14.35.00_ns_seg011,/home/s_grudinin/code/university/vlf_analyzing/new_test_raw_data/raw_v2/Broadband_Data_2026.03.27_14.35.00.bin,ns,model_verified,6,6,0,6,0,0,0.876218855381012
Broadband_Data_2026.03.27_14.35.00_ns_seg012,/home/s_grudinin/code/university/vlf_analyzing/new_test_raw_data/raw_v2/Broadband_Data_2026.03.27_14.35.00.bin,ns,model_verified,2,2,0,2,0,0,0.30323678255081177
Broadband_Data_2026.03.27_14.35.00_ns_seg013,/home/s_grudinin/code/university/vlf_analyzing/new_test_raw_data/raw_v2/Broadband_Data_2026.03.27_14.35.00.bin,ns,model_verified,7,7,0,7,0,0,0.9971917271614075
Broadband_Data_2026.03.27_14.35.00_ns_seg014,/home/s_grudinin/code/university/vlf_analyzing/new_test_raw_data/raw_v2/Broadband_Data_2026.03.27_14.35.00.bin,ns,model_verified,5,5,0,5,0,0,0.9553653001785278
Broadband_Data_2026.03.27_14.35.00_ns_seg015,/home/s_grudinin/code/university/vlf_analyzing/new_test_raw_data/raw_v2/Broadband_Data_2026.03.27_14.35.00.bin,ns,model_verified,8,8,0,8,0,0,0.9769967198371887
Broadband_Data_2026.03.27_14.35.00_ns_seg016,/home/s_grudinin/code/university/vlf_analyzing/new_test_raw_data/raw_v2/Broadband_Data_2026.03.27_14.35.00.bin,ns,model_verified,7,7,0,7,0,0,0.9495971202850342
Broadband_Data_2026.03.27_14.35.00_ns_seg017,/home/s_grudinin/code/university/vlf_analyzing/new_test_raw_data/raw_v2/Broadband_Data_2026.03.27_14.35.00.bin,ns,model_verified,6,6,0,6,0,0,0.7497161030769348
Broadband_Data_2026.03.27_14.35.00_ns_seg018,/home/s_grudinin/code/university/vlf_analyzing/new_test_raw_data/raw_v2/Broadband_Data_2026.03.27_14.35.00.bin,ns,model_verified,5,5,0,5,0,0,0.8401409983634949
Broadband_Data_2026.03.27_14.35.00_ns_seg019,/home/s_grudinin/code/university/vlf_analyzing/new_test_raw_data/raw_v2/Broadband_Data_2026.03.27_14.35.00.bin,ns,model_verified,8,8,0,8,0,0,0.9778894782066345
Broadband_Data_2026.03.27_14.35.00_ns_seg020,/home/s_grudinin/code/university/vlf_analyzing/new_test_raw_data/raw_v2/Broadband_Data_2026.03.27_14.35.00.bin,ns,model_verified,3,3,0,3,0,0,0.5514583587646484
Broadband_Data_2026.03.27_14.35.00_ns_seg021,/home/s_grudinin/code/university/vlf_analyzing/new_test_raw_data/raw_v2/Broadband_Data_2026.03.27_14.35.00.bin,ns,model_verified,3,3,0,3,0,0,0.955384373664856
Broadband_Data_2026.03.27_14.35.00_ns_seg022,/home/s_grudinin/code/university/vlf_analyzing/new_test_raw_data/raw_v2/Broadband_Data_2026.03.27_14.35.00.bin,ns,model_verified,10,10,0,10,0,0,0.9614903330802917
Broadband_Data_2026.03.27_14.35.00_ns_seg023,/home/s_grudinin/code/university/vlf_analyzing/new_test_raw_data/raw_v2/Broadband_Data_2026.03.27_14.35.00.bin,ns,model_verified,4,4,0,4,0,0,0.8973802328109741
Broadband_Data_2026.03.27_14.35.00_ns_seg024,/home/s_grudinin/code/university/vlf_analyzing/new_test_raw_data/raw_v2/Broadband_Data_2026.03.27_14.35.00.bin,ns,model_verified,0,0,0,0,0,0,0.17651857435703278
Broadband_Data_2026.03.27_14.35.00_ns_seg025,/home/s_grudinin/code/university/vlf_analyzing/new_test_raw_data/raw_v2/Broadband_Data_2026.03.27_14.35.00.bin,ns,model_verified,6,6,0,6,0,0,0.793345034122467
Broadband_Data_2026.03.27_14.35.00_ns_seg026,/home/s_grudinin/code/university/vlf_analyzing/new_test_raw_data/raw_v2/Broadband_Data_2026.03.27_14.35.00.bin,ns,model_verified,5,5,0,5,0,0,0.8004134297370911
Broadband_Data_2026.03.27_14.35.00_ns_seg027,/home/s_grudinin/code/university/vlf_analyzing/new_test_raw_data/raw_v2/Broadband_Data_2026.03.27_14.35.00.bin,ns,model_verified,4,4,0,4,0,0,0.9839668869972229
Broadband_Data_2026.03.27_14.35.00_ns_seg028,/home/s_grudinin/code/university/vlf_analyzing/new_test_raw_data/raw_v2/Broadband_Data_2026.03.27_14.35.00.bin,ns,model_verified,5,5,0,5,0,0,0.6999402046203613
Broadband_Data_2026.03.27_14.35.00_ns_seg029,/home/s_grudinin/code/university/vlf_analyzing/new_test_raw_data/raw_v2/Broadband_Data_2026.03.27_14.35.00.bin,ns,model_verified,3,3,0,3,0,0,0.9185174107551575
Broadband_Data_2026.03.27_14.35.00_we_seg000,/home/s_grudinin/code/university/vlf_analyzing/new_test_raw_data/raw_v2/Broadband_Data_2026.03.27_14.35.00.bin,we,model_verified,3,3,0,3,0,0,0.9971802234649658
Broadband_Data_2026.03.27_14.35.00_we_seg001,/home/s_grudinin/code/university/vlf_analyzing/new_test_raw_data/raw_v2/Broadband_Data_2026.03.27_14.35.00.bin,we,model_verified,2,2,0,2,0,0,0.996787428855896
Broadband_Data_2026.03.27_14.35.00_we_seg002,/home/s_grudinin/code/university/vlf_analyzing/new_test_raw_data/raw_v2/Broadband_Data_2026.03.27_14.35.00.bin,we,model_verified,3,3,0,3,0,0,0.9965337514877319
Broadband_Data_2026.03.27_14.35.00_we_seg003,/home/s_grudinin/code/university/vlf_analyzing/new_test_raw_data/raw_v2/Broadband_Data_2026.03.27_14.35.00.bin,we,model_verified,1,1,0,1,0,0,0.9971902966499329
Broadband_Data_2026.03.27_14.35.00_we_seg004,/home/s_grudinin/code/university/vlf_analyzing/new_test_raw_data/raw_v2/Broadband_Data_2026.03.27_14.35.00.bin,we,model_verified,2,2,0,2,0,0,0.9972142577171326
Broadband_Data_2026.03.27_14.35.00_we_seg005,/home/s_grudinin/code/university/vlf_analyzing/new_test_raw_data/raw_v2/Broadband_Data_2026.03.27_14.35.00.bin,we,model_verified,2,2,0,2,0,0,0.9973171353340149
Broadband_Data_2026.03.27_14.35.00_we_seg006,/home/s_grudinin/code/university/vlf_analyzing/new_test_raw_data/raw_v2/Broadband_Data_2026.03.27_14.35.00.bin,we,model_verified,1,1,0,1,0,0,0.9969366788864136
Broadband_Data_2026.03.27_14.35.00_we_seg007,/home/s_grudinin/code/university/vlf_analyzing/new_test_raw_data/raw_v2/Broadband_Data_2026.03.27_14.35.00.bin,we,model_verified,2,2,0,2,0,0,0.9968520998954773
Broadband_Data_2026.03.27_14.35.00_we_seg008,/home/s_grudinin/code/university/vlf_analyzing/new_test_raw_data/raw_v2/Broadband_Data_2026.03.27_14.35.00.bin,we,model_verified,1,1,0,1,0,0,0.9969191551208496
Broadband_Data_2026.03.27_14.35.00_we_seg009,/home/s_grudinin/code/university/vlf_analyzing/new_test_raw_data/raw_v2/Broadband_Data_2026.03.27_14.35.00.bin,we,model_verified,3,3,0,3,0,0,0.9967097043991089
Broadband_Data_2026.03.27_14.35.00_we_seg010,/home/s_grudinin/code/university/vlf_analyzing/new_test_raw_data/raw_v2/Broadband_Data_2026.03.27_14.35.00.bin,we,model_verified,1,1,0,1,0,0,0.9967382550239563
Broadband_Data_2026.03.27_14.35.00_we_seg011,/home/s_grudinin/code/university/vlf_analyzing/new_test_raw_data/raw_v2/Broadband_Data_2026.03.27_14.35.00.bin,we,model_verified,2,2,0,2,0,0,0.9965533018112183
Broadband_Data_2026.03.27_14.35.00_we_seg012,/home/s_grudinin/code/university/vlf_analyzing/new_test_raw_data/raw_v2/Broadband_Data_2026.03.27_14.35.00.bin,we,model_verified,1,1,0,1,0,0,0.9970405697822571
Broadband_Data_2026.03.27_14.35.00_we_seg013,/home/s_grudinin/code/university/vlf_analyzing/new_test_raw_data/raw_v2/Broadband_Data_2026.03.27_14.35.00.bin,we,model_verified,3,3,0,3,0,0,0.9964564442634583
Broadband_Data_2026.03.27_14.35.00_we_seg014,/home/s_grudinin/code/university/vlf_analyzing/new_test_raw_data/raw_v2/Broadband_Data_2026.03.27_14.35.00.bin,we,model_verified,1,1,0,1,0,0,0.9969323873519897
Broadband_Data_2026.03.27_14.35.00_we_seg015,/home/s_grudinin/code/university/vlf_analyzing/new_test_raw_data/raw_v2/Broadband_Data_2026.03.27_14.35.00.bin,we,manual_corrected,3,2,1,2,1,0,0.9971460700035095
Broadband_Data_2026.03.27_14.35.00_we_seg016,/home/s_grudinin/code/university/vlf_analyzing/new_test_raw_data/raw_v2/Broadband_Data_2026.03.27_14.35.00.bin,we,model_verified,2,2,0,2,0,0,0.9968243837356567
Broadband_Data_2026.03.27_14.35.00_we_seg017,/home/s_grudinin/code/university/vlf_analyzing/new_test_raw_data/raw_v2/Broadband_Data_2026.03.27_14.35.00.bin,we,model_verified,1,1,0,1,0,0,0.9970097541809082
Broadband_Data_2026.03.27_14.35.00_we_seg018,/home/s_grudinin/code/university/vlf_analyzing/new_test_raw_data/raw_v2/Broadband_Data_2026.03.27_14.35.00.bin,we,model_verified,1,1,0,1,0,0,0.9971209168434143
Broadband_Data_2026.03.27_14.35.00_we_seg019,/home/s_grudinin/code/university/vlf_analyzing/new_test_raw_data/raw_v2/Broadband_Data_2026.03.27_14.35.00.bin,we,manual_corrected,2,1,1,1,1,0,0.9976160526275635
Broadband_Data_2026.03.27_14.35.00_we_seg020,/home/s_grudinin/code/university/vlf_analyzing/new_test_raw_data/raw_v2/Broadband_Data_2026.03.27_14.35.00.bin,we,model_verified,1,1,0,1,0,0,0.9971439242362976
Broadband_Data_2026.03.27_14.35.00_we_seg021,/home/s_grudinin/code/university/vlf_analyzing/new_test_raw_data/raw_v2/Broadband_Data_2026.03.27_14.35.00.bin,we,model_verified,1,1,0,1,0,0,0.9971119165420532
Broadband_Data_2026.03.27_14.35.00_we_seg022,/home/s_grudinin/code/university/vlf_analyzing/new_test_raw_data/raw_v2/Broadband_Data_2026.03.27_14.35.00.bin,we,model_verified,1,1,0,1,0,0,0.9973275661468506
Broadband_Data_2026.03.27_14.35.00_we_seg023,/home/s_grudinin/code/university/vlf_analyzing/new_test_raw_data/raw_v2/Broadband_Data_2026.03.27_14.35.00.bin,we,model_verified,1,1,0,1,0,0,0.9970807433128357
Broadband_Data_2026.03.27_14.35.00_we_seg024,/home/s_grudinin/code/university/vlf_analyzing/new_test_raw_data/raw_v2/Broadband_Data_2026.03.27_14.35.00.bin,we,model_verified,1,1,0,1,0,0,0.9971024394035339
Broadband_Data_2026.03.27_14.35.00_we_seg025,/home/s_grudinin/code/university/vlf_analyzing/new_test_raw_data/raw_v2/Broadband_Data_2026.03.27_14.35.00.bin,we,model_verified,1,1,0,1,0,0,0.9968787431716919
Broadband_Data_2026.03.27_14.35.00_we_seg026,/home/s_grudinin/code/university/vlf_analyzing/new_test_raw_data/raw_v2/Broadband_Data_2026.03.27_14.35.00.bin,we,model_verified,1,1,0,1,0,0,0.9969646334648132
Broadband_Data_2026.03.27_14.35.00_we_seg027,/home/s_grudinin/code/university/vlf_analyzing/new_test_raw_data/raw_v2/Broadband_Data_2026.03.27_14.35.00.bin,we,model_verified,1,1,0,1,0,0,0.9970216155052185
Broadband_Data_2026.03.27_14.35.00_we_seg028,/home/s_grudinin/code/university/vlf_analyzing/new_test_raw_data/raw_v2/Broadband_Data_2026.03.27_14.35.00.bin,we,model_verified,4,4,0,4,0,0,0.9972022771835327
Broadband_Data_2026.03.27_14.35.00_we_seg029,/home/s_grudinin/code/university/vlf_analyzing/new_test_raw_data/raw_v2/Broadband_Data_2026.03.27_14.35.00.bin,we,model_verified,1,1,0,1,0,0,0.9974226951599121
Broadband_Data_2026.03.27_14.36.00_ns_seg000,/home/s_grudinin/code/university/vlf_analyzing/new_test_raw_data/raw_v2/Broadband_Data_2026.03.27_14.36.00.bin,ns,model_verified,5,5,0,5,0,0,0.8146437406539917
Broadband_Data_2026.03.27_14.36.00_ns_seg001,/home/s_grudinin/code/university/vlf_analyzing/new_test_raw_data/raw_v2/Broadband_Data_2026.03.27_14.36.00.bin,ns,model_verified,6,6,0,6,0,0,0.8990419507026672
Broadband_Data_2026.03.27_14.36.00_ns_seg002,/home/s_grudinin/code/university/vlf_analyzing/new_test_raw_data/raw_v2/Broadband_Data_2026.03.27_14.36.00.bin,ns,model_verified,5,5,0,5,0,0,0.6637163758277893
Broadband_Data_2026.03.27_14.36.00_ns_seg003,/home/s_grudinin/code/university/vlf_analyzing/new_test_raw_data/raw_v2/Broadband_Data_2026.03.27_14.36.00.bin,ns,model_verified,7,7,0,7,0,0,0.7316200733184814
Broadband_Data_2026.03.27_14.36.00_ns_seg004,/home/s_grudinin/code/university/vlf_analyzing/new_test_raw_data/raw_v2/Broadband_Data_2026.03.27_14.36.00.bin,ns,model_verified,6,6,0,6,0,0,0.882332444190979
Broadband_Data_2026.03.27_14.36.00_ns_seg005,/home/s_grudinin/code/university/vlf_analyzing/new_test_raw_data/raw_v2/Broadband_Data_2026.03.27_14.36.00.bin,ns,model_verified,9,9,0,9,0,0,0.9858900308609009
Broadband_Data_2026.03.27_14.36.00_ns_seg006,/home/s_grudinin/code/university/vlf_analyzing/new_test_raw_data/raw_v2/Broadband_Data_2026.03.27_14.36.00.bin,ns,model_verified,7,7,0,7,0,0,0.9916268587112427
Broadband_Data_2026.03.27_14.36.00_ns_seg007,/home/s_grudinin/code/university/vlf_analyzing/new_test_raw_data/raw_v2/Broadband_Data_2026.03.27_14.36.00.bin,ns,model_verified,8,8,0,8,0,0,0.9627413749694824
Broadband_Data_2026.03.27_14.36.00_ns_seg008,/home/s_grudinin/code/university/vlf_analyzing/new_test_raw_data/raw_v2/Broadband_Data_2026.03.27_14.36.00.bin,ns,model_verified,9,9,0,9,0,0,0.9415050745010376
Broadband_Data_2026.03.27_14.36.00_ns_seg009,/home/s_grudinin/code/university/vlf_analyzing/new_test_raw_data/raw_v2/Broadband_Data_2026.03.27_14.36.00.bin,ns,model_verified,3,3,0,3,0,0,0.7582827806472778
Broadband_Data_2026.03.27_14.36.00_ns_seg010,/home/s_grudinin/code/university/vlf_analyzing/new_test_raw_data/raw_v2/Broadband_Data_2026.03.27_14.36.00.bin,ns,model_verified,11,11,0,11,0,0,0.9748573899269104
Broadband_Data_2026.03.27_14.36.00_ns_seg011,/home/s_grudinin/code/university/vlf_analyzing/new_test_raw_data/raw_v2/Broadband_Data_2026.03.27_14.36.00.bin,ns,model_verified,5,5,0,5,0,0,0.7279280424118042
Broadband_Data_2026.03.27_14.36.00_ns_seg012,/home/s_grudinin/code/university/vlf_analyzing/new_test_raw_data/raw_v2/Broadband_Data_2026.03.27_14.36.00.bin,ns,model_verified,8,8,0,8,0,0,0.9544711112976074
Broadband_Data_2026.03.27_14.36.00_ns_seg013,/home/s_grudinin/code/university/vlf_analyzing/new_test_raw_data/raw_v2/Broadband_Data_2026.03.27_14.36.00.bin,ns,model_verified,7,7,0,7,0,0,0.9706569910049438
Broadband_Data_2026.03.27_14.36.00_ns_seg014,/home/s_grudinin/code/university/vlf_analyzing/new_test_raw_data/raw_v2/Broadband_Data_2026.03.27_14.36.00.bin,ns,model_verified,4,4,0,4,0,0,0.5367206931114197
Broadband_Data_2026.03.27_14.36.00_ns_seg015,/home/s_grudinin/code/university/vlf_analyzing/new_test_raw_data/raw_v2/Broadband_Data_2026.03.27_14.36.00.bin,ns,model_verified,6,6,0,6,0,0,0.8491934537887573
Broadband_Data_2026.03.27_14.36.00_ns_seg016,/home/s_grudinin/code/university/vlf_analyzing/new_test_raw_data/raw_v2/Broadband_Data_2026.03.27_14.36.00.bin,ns,manual_corrected,4,2,2,2,2,0,0.7567264437675476
Broadband_Data_2026.03.27_14.36.00_ns_seg017,/home/s_grudinin/code/university/vlf_analyzing/new_test_raw_data/raw_v2/Broadband_Data_2026.03.27_14.36.00.bin,ns,manual_corrected,2,1,1,1,1,0,0.7834481596946716
Broadband_Data_2026.03.27_14.36.00_ns_seg018,/home/s_grudinin/code/university/vlf_analyzing/new_test_raw_data/raw_v2/Broadband_Data_2026.03.27_14.36.00.bin,ns,model_verified,4,4,0,4,0,0,0.9804542660713196
Broadband_Data_2026.03.27_14.36.00_ns_seg019,/home/s_grudinin/code/university/vlf_analyzing/new_test_raw_data/raw_v2/Broadband_Data_2026.03.27_14.36.00.bin,ns,model_verified,6,6,0,6,0,0,0.8343597054481506
Broadband_Data_2026.03.27_14.36.00_ns_seg020,/home/s_grudinin/code/university/vlf_analyzing/new_test_raw_data/raw_v2/Broadband_Data_2026.03.27_14.36.00.bin,ns,model_verified,5,5,0,5,0,0,0.8750608563423157
Broadband_Data_2026.03.27_14.36.00_ns_seg021,/home/s_grudinin/code/university/vlf_analyzing/new_test_raw_data/raw_v2/Broadband_Data_2026.03.27_14.36.00.bin,ns,model_verified,5,5,0,5,0,0,0.9968484044075012
Broadband_Data_2026.03.27_14.36.00_ns_seg022,/home/s_grudinin/code/university/vlf_analyzing/new_test_raw_data/raw_v2/Broadband_Data_2026.03.27_14.36.00.bin,ns,model_verified,1,1,0,1,0,0,0.282553106546402
Broadband_Data_2026.03.27_14.36.00_ns_seg023,/home/s_grudinin/code/university/vlf_analyzing/new_test_raw_data/raw_v2/Broadband_Data_2026.03.27_14.36.00.bin,ns,model_verified,7,7,0,7,0,0,0.8771302700042725
Broadband_Data_2026.03.27_14.36.00_ns_seg024,/home/s_grudinin/code/university/vlf_analyzing/new_test_raw_data/raw_v2/Broadband_Data_2026.03.27_14.36.00.bin,ns,model_verified,4,4,0,4,0,0,0.9407247304916382
Broadband_Data_2026.03.27_14.36.00_ns_seg025,/home/s_grudinin/code/university/vlf_analyzing/new_test_raw_data/raw_v2/Broadband_Data_2026.03.27_14.36.00.bin,ns,model_verified,4,4,0,4,0,0,0.95215904712677
Broadband_Data_2026.03.27_14.36.00_ns_seg026,/home/s_grudinin/code/university/vlf_analyzing/new_test_raw_data/raw_v2/Broadband_Data_2026.03.27_14.36.00.bin,ns,model_verified,4,4,0,4,0,0,0.5152746438980103
Broadband_Data_2026.03.27_14.36.00_ns_seg027,/home/s_grudinin/code/university/vlf_analyzing/new_test_raw_data/raw_v2/Broadband_Data_2026.03.27_14.36.00.bin,ns,model_verified,11,11,0,11,0,0,0.8348478674888611
Broadband_Data_2026.03.27_14.36.00_ns_seg028,/home/s_grudinin/code/university/vlf_analyzing/new_test_raw_data/raw_v2/Broadband_Data_2026.03.27_14.36.00.bin,ns,model_verified,5,5,0,5,0,0,0.9750598073005676
Broadband_Data_2026.03.27_14.36.00_ns_seg029,/home/s_grudinin/code/university/vlf_analyzing/new_test_raw_data/raw_v2/Broadband_Data_2026.03.27_14.36.00.bin,ns,model_verified,4,4,0,4,0,0,0.4580203592777252
Broadband_Data_2026.03.27_14.36.00_we_seg000,/home/s_grudinin/code/university/vlf_analyzing/new_test_raw_data/raw_v2/Broadband_Data_2026.03.27_14.36.00.bin,we,model_verified,2,2,0,2,0,0,0.99718177318573
Broadband_Data_2026.03.27_14.36.00_we_seg001,/home/s_grudinin/code/university/vlf_analyzing/new_test_raw_data/raw_v2/Broadband_Data_2026.03.27_14.36.00.bin,we,model_verified,1,1,0,1,0,0,0.9969899654388428
Broadband_Data_2026.03.27_14.36.00_we_seg002,/home/s_grudinin/code/university/vlf_analyzing/new_test_raw_data/raw_v2/Broadband_Data_2026.03.27_14.36.00.bin,we,model_verified,1,1,0,1,0,0,0.9973025321960449
Broadband_Data_2026.03.27_14.36.00_we_seg003,/home/s_grudinin/code/university/vlf_analyzing/new_test_raw_data/raw_v2/Broadband_Data_2026.03.27_14.36.00.bin,we,model_verified,1,1,0,1,0,0,0.9968164563179016
Broadband_Data_2026.03.27_14.36.00_we_seg004,/home/s_grudinin/code/university/vlf_analyzing/new_test_raw_data/raw_v2/Broadband_Data_2026.03.27_14.36.00.bin,we,model_verified,1,1,0,1,0,0,0.9969235062599182
Broadband_Data_2026.03.27_14.36.00_we_seg005,/home/s_grudinin/code/university/vlf_analyzing/new_test_raw_data/raw_v2/Broadband_Data_2026.03.27_14.36.00.bin,we,model_verified,3,3,0,3,0,0,0.9971646666526794
Broadband_Data_2026.03.27_14.36.00_we_seg006,/home/s_grudinin/code/university/vlf_analyzing/new_test_raw_data/raw_v2/Broadband_Data_2026.03.27_14.36.00.bin,we,model_verified,3,3,0,3,0,0,0.9978013634681702
Broadband_Data_2026.03.27_14.36.00_we_seg007,/home/s_grudinin/code/university/vlf_analyzing/new_test_raw_data/raw_v2/Broadband_Data_2026.03.27_14.36.00.bin,we,model_verified,1,1,0,1,0,0,0.9967785477638245
Broadband_Data_2026.03.27_14.36.00_we_seg008,/home/s_grudinin/code/university/vlf_analyzing/new_test_raw_data/raw_v2/Broadband_Data_2026.03.27_14.36.00.bin,we,model_verified,1,1,0,1,0,0,0.9965992569923401
Broadband_Data_2026.03.27_14.36.00_we_seg009,/home/s_grudinin/code/university/vlf_analyzing/new_test_raw_data/raw_v2/Broadband_Data_2026.03.27_14.36.00.bin,we,model_verified,1,1,0,1,0,0,0.9967558979988098
Broadband_Data_2026.03.27_14.36.00_we_seg010,/home/s_grudinin/code/university/vlf_analyzing/new_test_raw_data/raw_v2/Broadband_Data_2026.03.27_14.36.00.bin,we,model_verified,1,1,0,1,0,0,0.9971017241477966
Broadband_Data_2026.03.27_14.36.00_we_seg011,/home/s_grudinin/code/university/vlf_analyzing/new_test_raw_data/raw_v2/Broadband_Data_2026.03.27_14.36.00.bin,we,model_verified,1,1,0,1,0,0,0.9968605041503906
Broadband_Data_2026.03.27_14.36.00_we_seg012,/home/s_grudinin/code/university/vlf_analyzing/new_test_raw_data/raw_v2/Broadband_Data_2026.03.27_14.36.00.bin,we,model_verified,1,1,0,1,0,0,0.9970056414604187
Broadband_Data_2026.03.27_14.36.00_we_seg013,/home/s_grudinin/code/university/vlf_analyzing/new_test_raw_data/raw_v2/Broadband_Data_2026.03.27_14.36.00.bin,we,model_verified,2,2,0,2,0,0,0.9972971081733704
Broadband_Data_2026.03.27_14.36.00_we_seg014,/home/s_grudinin/code/university/vlf_analyzing/new_test_raw_data/raw_v2/Broadband_Data_2026.03.27_14.36.00.bin,we,model_verified,2,2,0,2,0,0,0.9970564842224121
Broadband_Data_2026.03.27_14.36.00_we_seg015,/home/s_grudinin/code/university/vlf_analyzing/new_test_raw_data/raw_v2/Broadband_Data_2026.03.27_14.36.00.bin,we,model_verified,2,2,0,2,0,0,0.9971047043800354
Broadband_Data_2026.03.27_14.36.00_we_seg016,/home/s_grudinin/code/university/vlf_analyzing/new_test_raw_data/raw_v2/Broadband_Data_2026.03.27_14.36.00.bin,we,model_verified,1,1,0,1,0,0,0.9968425035476685
Broadband_Data_2026.03.27_14.36.00_we_seg017,/home/s_grudinin/code/university/vlf_analyzing/new_test_raw_data/raw_v2/Broadband_Data_2026.03.27_14.36.00.bin,we,model_verified,1,1,0,1,0,0,0.99739670753479
Broadband_Data_2026.03.27_14.36.00_we_seg018,/home/s_grudinin/code/university/vlf_analyzing/new_test_raw_data/raw_v2/Broadband_Data_2026.03.27_14.36.00.bin,we,model_verified,1,1,0,1,0,0,0.9971131086349487
Broadband_Data_2026.03.27_14.36.00_we_seg019,/home/s_grudinin/code/university/vlf_analyzing/new_test_raw_data/raw_v2/Broadband_Data_2026.03.27_14.36.00.bin,we,model_verified,2,2,0,2,0,0,0.9971227049827576
Broadband_Data_2026.03.27_14.36.00_we_seg020,/home/s_grudinin/code/university/vlf_analyzing/new_test_raw_data/raw_v2/Broadband_Data_2026.03.27_14.36.00.bin,we,model_verified,1,1,0,1,0,0,0.9972251653671265
Broadband_Data_2026.03.27_14.36.00_we_seg021,/home/s_grudinin/code/university/vlf_analyzing/new_test_raw_data/raw_v2/Broadband_Data_2026.03.27_14.36.00.bin,we,model_verified,2,2,0,2,0,0,0.9969197511672974
Broadband_Data_2026.03.27_14.36.00_we_seg022,/home/s_grudinin/code/university/vlf_analyzing/new_test_raw_data/raw_v2/Broadband_Data_2026.03.27_14.36.00.bin,we,model_verified,1,1,0,1,0,0,0.9970170259475708
Broadband_Data_2026.03.27_14.36.00_we_seg023,/home/s_grudinin/code/university/vlf_analyzing/new_test_raw_data/raw_v2/Broadband_Data_2026.03.27_14.36.00.bin,we,model_verified,2,2,0,2,0,0,0.9970765113830566
Broadband_Data_2026.03.27_14.36.00_we_seg024,/home/s_grudinin/code/university/vlf_analyzing/new_test_raw_data/raw_v2/Broadband_Data_2026.03.27_14.36.00.bin,we,model_verified,1,1,0,1,0,0,0.9969282746315002
Broadband_Data_2026.03.27_14.36.00_we_seg025,/home/s_grudinin/code/university/vlf_analyzing/new_test_raw_data/raw_v2/Broadband_Data_2026.03.27_14.36.00.bin,we,model_verified,1,1,0,1,0,0,0.9971044659614563
Broadband_Data_2026.03.27_14.36.00_we_seg026,/home/s_grudinin/code/university/vlf_analyzing/new_test_raw_data/raw_v2/Broadband_Data_2026.03.27_14.36.00.bin,we,model_verified,1,1,0,1,0,0,0.996915340423584
Broadband_Data_2026.03.27_14.36.00_we_seg027,/home/s_grudinin/code/university/vlf_analyzing/new_test_raw_data/raw_v2/Broadband_Data_2026.03.27_14.36.00.bin,we,model_verified,1,1,0,1,0,0,0.9970329999923706
Broadband_Data_2026.03.27_14.36.00_we_seg028,/home/s_grudinin/code/university/vlf_analyzing/new_test_raw_data/raw_v2/Broadband_Data_2026.03.27_14.36.00.bin,we,model_verified,1,1,0,1,0,0,0.996978759765625
Broadband_Data_2026.03.27_14.36.00_we_seg029,/home/s_grudinin/code/university/vlf_analyzing/new_test_raw_data/raw_v2/Broadband_Data_2026.03.27_14.36.00.bin,we,model_verified,2,2,0,2,0,0,0.997338593006134
Broadband_Data_2026.03.27_18.24.00_ns_seg000,/home/s_grudinin/code/university/vlf_analyzing/new_test_raw_data/raw_v2/Broadband_Data_2026.03.27_18.24.00.bin,ns,model_verified,3,3,0,3,0,0,0.989482045173645
Broadband_Data_2026.03.27_18.24.00_ns_seg001,/home/s_grudinin/code/university/vlf_analyzing/new_test_raw_data/raw_v2/Broadband_Data_2026.03.27_18.24.00.bin,ns,model_verified,1,1,0,1,0,0,0.44464969635009766
Broadband_Data_2026.03.27_18.24.00_ns_seg002,/home/s_grudinin/code/university/vlf_analyzing/new_test_raw_data/raw_v2/Broadband_Data_2026.03.27_18.24.00.bin,ns,model_verified,4,4,0,4,0,0,0.6612758636474609
Broadband_Data_2026.03.27_18.24.00_ns_seg003,/home/s_grudinin/code/university/vlf_analyzing/new_test_raw_data/raw_v2/Broadband_Data_2026.03.27_18.24.00.bin,ns,model_verified,4,4,0,4,0,0,0.49692684412002563
Broadband_Data_2026.03.27_18.24.00_ns_seg004,/home/s_grudinin/code/university/vlf_analyzing/new_test_raw_data/raw_v2/Broadband_Data_2026.03.27_18.24.00.bin,ns,model_verified,5,5,0,5,0,0,0.9625775218009949
Broadband_Data_2026.03.27_18.24.00_ns_seg005,/home/s_grudinin/code/university/vlf_analyzing/new_test_raw_data/raw_v2/Broadband_Data_2026.03.27_18.24.00.bin,ns,model_verified,1,1,0,1,0,0,0.4733435809612274
Broadband_Data_2026.03.27_18.24.00_ns_seg006,/home/s_grudinin/code/university/vlf_analyzing/new_test_raw_data/raw_v2/Broadband_Data_2026.03.27_18.24.00.bin,ns,model_verified,2,2,0,2,0,0,0.6151440739631653
Broadband_Data_2026.03.27_18.24.00_ns_seg007,/home/s_grudinin/code/university/vlf_analyzing/new_test_raw_data/raw_v2/Broadband_Data_2026.03.27_18.24.00.bin,ns,model_verified,4,4,0,4,0,0,0.9430744051933289
Broadband_Data_2026.03.27_18.24.00_ns_seg008,/home/s_grudinin/code/university/vlf_analyzing/new_test_raw_data/raw_v2/Broadband_Data_2026.03.27_18.24.00.bin,ns,model_verified,4,4,0,4,0,0,0.7644128799438477
Broadband_Data_2026.03.27_18.24.00_ns_seg009,/home/s_grudinin/code/university/vlf_analyzing/new_test_raw_data/raw_v2/Broadband_Data_2026.03.27_18.24.00.bin,ns,model_verified,8,8,0,8,0,0,0.9349485635757446
Broadband_Data_2026.03.27_18.24.00_ns_seg010,/home/s_grudinin/code/university/vlf_analyzing/new_test_raw_data/raw_v2/Broadband_Data_2026.03.27_18.24.00.bin,ns,model_verified,7,7,0,7,0,0,0.9772453904151917
Broadband_Data_2026.03.27_18.24.00_ns_seg011,/home/s_grudinin/code/university/vlf_analyzing/new_test_raw_data/raw_v2/Broadband_Data_2026.03.27_18.24.00.bin,ns,model_verified,4,4,0,4,0,0,0.9894654750823975
Broadband_Data_2026.03.27_18.24.00_ns_seg012,/home/s_grudinin/code/university/vlf_analyzing/new_test_raw_data/raw_v2/Broadband_Data_2026.03.27_18.24.00.bin,ns,model_verified,3,3,0,3,0,0,0.9621092081069946
Broadband_Data_2026.03.27_18.24.00_ns_seg013,/home/s_grudinin/code/university/vlf_analyzing/new_test_raw_data/raw_v2/Broadband_Data_2026.03.27_18.24.00.bin,ns,model_verified,5,5,0,5,0,0,0.982684314250946
Broadband_Data_2026.03.27_18.24.00_ns_seg014,/home/s_grudinin/code/university/vlf_analyzing/new_test_raw_data/raw_v2/Broadband_Data_2026.03.27_18.24.00.bin,ns,model_verified,7,7,0,7,0,0,0.91550213098526
Broadband_Data_2026.03.27_18.24.00_ns_seg015,/home/s_grudinin/code/university/vlf_analyzing/new_test_raw_data/raw_v2/Broadband_Data_2026.03.27_18.24.00.bin,ns,model_verified,1,1,0,1,0,0,0.4972001612186432
Broadband_Data_2026.03.27_18.24.00_ns_seg016,/home/s_grudinin/code/university/vlf_analyzing/new_test_raw_data/raw_v2/Broadband_Data_2026.03.27_18.24.00.bin,ns,model_verified,2,2,0,2,0,0,0.8259114027023315
Broadband_Data_2026.03.27_18.24.00_ns_seg017,/home/s_grudinin/code/university/vlf_analyzing/new_test_raw_data/raw_v2/Broadband_Data_2026.03.27_18.24.00.bin,ns,model_verified,1,1,0,1,0,0,0.7937852144241333
Broadband_Data_2026.03.27_18.24.00_ns_seg018,/home/s_grudinin/code/university/vlf_analyzing/new_test_raw_data/raw_v2/Broadband_Data_2026.03.27_18.24.00.bin,ns,model_verified,5,5,0,5,0,0,0.9820544719696045
Broadband_Data_2026.03.27_18.24.00_ns_seg019,/home/s_grudinin/code/university/vlf_analyzing/new_test_raw_data/raw_v2/Broadband_Data_2026.03.27_18.24.00.bin,ns,model_verified,6,6,0,6,0,0,0.9585483074188232
Broadband_Data_2026.03.27_18.24.00_ns_seg020,/home/s_grudinin/code/university/vlf_analyzing/new_test_raw_data/raw_v2/Broadband_Data_2026.03.27_18.24.00.bin,ns,model_verified,2,2,0,2,0,0,0.8113443851470947
Broadband_Data_2026.03.27_18.24.00_ns_seg021,/home/s_grudinin/code/university/vlf_analyzing/new_test_raw_data/raw_v2/Broadband_Data_2026.03.27_18.24.00.bin,ns,model_verified,1,1,0,1,0,0,0.3165360987186432
Broadband_Data_2026.03.27_18.24.00_ns_seg022,/home/s_grudinin/code/university/vlf_analyzing/new_test_raw_data/raw_v2/Broadband_Data_2026.03.27_18.24.00.bin,ns,model_verified,6,6,0,6,0,0,0.7501468062400818
Broadband_Data_2026.03.27_18.24.00_ns_seg023,/home/s_grudinin/code/university/vlf_analyzing/new_test_raw_data/raw_v2/Broadband_Data_2026.03.27_18.24.00.bin,ns,model_verified,7,7,0,7,0,0,0.76423579454422
Broadband_Data_2026.03.27_18.24.00_ns_seg024,/home/s_grudinin/code/university/vlf_analyzing/new_test_raw_data/raw_v2/Broadband_Data_2026.03.27_18.24.00.bin,ns,model_verified,6,6,0,6,0,0,0.9947984218597412
Broadband_Data_2026.03.27_18.24.00_ns_seg025,/home/s_grudinin/code/university/vlf_analyzing/new_test_raw_data/raw_v2/Broadband_Data_2026.03.27_18.24.00.bin,ns,model_verified,5,5,0,5,0,0,0.9873487949371338
Broadband_Data_2026.03.27_18.24.00_ns_seg026,/home/s_grudinin/code/university/vlf_analyzing/new_test_raw_data/raw_v2/Broadband_Data_2026.03.27_18.24.00.bin,ns,model_verified,3,3,0,3,0,0,0.5891923904418945
Broadband_Data_2026.03.27_18.24.00_ns_seg027,/home/s_grudinin/code/university/vlf_analyzing/new_test_raw_data/raw_v2/Broadband_Data_2026.03.27_18.24.00.bin,ns,model_verified,10,10,0,10,0,0,0.8518257737159729
Broadband_Data_2026.03.27_18.24.00_ns_seg028,/home/s_grudinin/code/university/vlf_analyzing/new_test_raw_data/raw_v2/Broadband_Data_2026.03.27_18.24.00.bin,ns,model_verified,6,6,0,6,0,0,0.7532778978347778
Broadband_Data_2026.03.27_18.24.00_ns_seg029,/home/s_grudinin/code/university/vlf_analyzing/new_test_raw_data/raw_v2/Broadband_Data_2026.03.27_18.24.00.bin,ns,model_verified,3,3,0,3,0,0,0.9773244261741638
Broadband_Data_2026.03.27_18.24.00_we_seg000,/home/s_grudinin/code/university/vlf_analyzing/new_test_raw_data/raw_v2/Broadband_Data_2026.03.27_18.24.00.bin,we,model_verified,2,2,0,2,0,0,0.9968996047973633
Broadband_Data_2026.03.27_18.24.00_we_seg001,/home/s_grudinin/code/university/vlf_analyzing/new_test_raw_data/raw_v2/Broadband_Data_2026.03.27_18.24.00.bin,we,model_verified,1,1,0,1,0,0,0.9971408843994141
Broadband_Data_2026.03.27_18.24.00_we_seg002,/home/s_grudinin/code/university/vlf_analyzing/new_test_raw_data/raw_v2/Broadband_Data_2026.03.27_18.24.00.bin,we,model_verified,1,1,0,1,0,0,0.9971108436584473
Broadband_Data_2026.03.27_18.24.00_we_seg003,/home/s_grudinin/code/university/vlf_analyzing/new_test_raw_data/raw_v2/Broadband_Data_2026.03.27_18.24.00.bin,we,model_verified,1,1,0,1,0,0,0.996924102306366
Broadband_Data_2026.03.27_18.24.00_we_seg004,/home/s_grudinin/code/university/vlf_analyzing/new_test_raw_data/raw_v2/Broadband_Data_2026.03.27_18.24.00.bin,we,model_verified,2,2,0,2,0,0,0.996735155582428
Broadband_Data_2026.03.27_18.24.00_we_seg005,/home/s_grudinin/code/university/vlf_analyzing/new_test_raw_data/raw_v2/Broadband_Data_2026.03.27_18.24.00.bin,we,model_verified,1,1,0,1,0,0,0.9964885711669922
Broadband_Data_2026.03.27_18.24.00_we_seg006,/home/s_grudinin/code/university/vlf_analyzing/new_test_raw_data/raw_v2/Broadband_Data_2026.03.27_18.24.00.bin,we,model_verified,1,1,0,1,0,0,0.9964626431465149
Broadband_Data_2026.03.27_18.24.00_we_seg007,/home/s_grudinin/code/university/vlf_analyzing/new_test_raw_data/raw_v2/Broadband_Data_2026.03.27_18.24.00.bin,we,model_verified,1,1,0,1,0,0,0.996206521987915
Broadband_Data_2026.03.27_18.24.00_we_seg008,/home/s_grudinin/code/university/vlf_analyzing/new_test_raw_data/raw_v2/Broadband_Data_2026.03.27_18.24.00.bin,we,model_verified,1,1,0,1,0,0,0.9968175888061523
Broadband_Data_2026.03.27_18.24.00_we_seg009,/home/s_grudinin/code/university/vlf_analyzing/new_test_raw_data/raw_v2/Broadband_Data_2026.03.27_18.24.00.bin,we,model_verified,1,1,0,1,0,0,0.9970412850379944
Broadband_Data_2026.03.27_18.24.00_we_seg010,/home/s_grudinin/code/university/vlf_analyzing/new_test_raw_data/raw_v2/Broadband_Data_2026.03.27_18.24.00.bin,we,model_verified,3,3,0,3,0,0,0.9971145391464233
Broadband_Data_2026.03.27_18.24.00_we_seg011,/home/s_grudinin/code/university/vlf_analyzing/new_test_raw_data/raw_v2/Broadband_Data_2026.03.27_18.24.00.bin,we,model_verified,1,1,0,1,0,0,0.9970165491104126
Broadband_Data_2026.03.27_18.24.00_we_seg012,/home/s_grudinin/code/university/vlf_analyzing/new_test_raw_data/raw_v2/Broadband_Data_2026.03.27_18.24.00.bin,we,model_verified,3,3,0,3,0,0,0.9967549443244934
Broadband_Data_2026.03.27_18.24.00_we_seg013,/home/s_grudinin/code/university/vlf_analyzing/new_test_raw_data/raw_v2/Broadband_Data_2026.03.27_18.24.00.bin,we,model_verified,3,3,0,3,0,0,0.9969246983528137
Broadband_Data_2026.03.27_18.24.00_we_seg014,/home/s_grudinin/code/university/vlf_analyzing/new_test_raw_data/raw_v2/Broadband_Data_2026.03.27_18.24.00.bin,we,model_verified,1,1,0,1,0,0,0.9971078038215637
Broadband_Data_2026.03.27_18.24.00_we_seg015,/home/s_grudinin/code/university/vlf_analyzing/new_test_raw_data/raw_v2/Broadband_Data_2026.03.27_18.24.00.bin,we,model_verified,1,1,0,1,0,0,0.997077226638794
Broadband_Data_2026.03.27_18.24.00_we_seg016,/home/s_grudinin/code/university/vlf_analyzing/new_test_raw_data/raw_v2/Broadband_Data_2026.03.27_18.24.00.bin,we,model_verified,2,2,0,2,0,0,0.9970075488090515
Broadband_Data_2026.03.27_18.24.00_we_seg017,/home/s_grudinin/code/university/vlf_analyzing/new_test_raw_data/raw_v2/Broadband_Data_2026.03.27_18.24.00.bin,we,model_verified,1,1,0,1,0,0,0.9970777034759521
Broadband_Data_2026.03.27_18.24.00_we_seg018,/home/s_grudinin/code/university/vlf_analyzing/new_test_raw_data/raw_v2/Broadband_Data_2026.03.27_18.24.00.bin,we,manual_corrected,2,1,1,1,1,0,0.9968468546867371
Broadband_Data_2026.03.27_18.24.00_we_seg019,/home/s_grudinin/code/university/vlf_analyzing/new_test_raw_data/raw_v2/Broadband_Data_2026.03.27_18.24.00.bin,we,model_verified,3,3,0,3,0,0,0.9969956874847412
Broadband_Data_2026.03.27_18.24.00_we_seg020,/home/s_grudinin/code/university/vlf_analyzing/new_test_raw_data/raw_v2/Broadband_Data_2026.03.27_18.24.00.bin,we,model_verified,1,1,0,1,0,0,0.9970818161964417
Broadband_Data_2026.03.27_18.24.00_we_seg021,/home/s_grudinin/code/university/vlf_analyzing/new_test_raw_data/raw_v2/Broadband_Data_2026.03.27_18.24.00.bin,we,model_verified,1,1,0,1,0,0,0.9969538450241089
Broadband_Data_2026.03.27_18.24.00_we_seg022,/home/s_grudinin/code/university/vlf_analyzing/new_test_raw_data/raw_v2/Broadband_Data_2026.03.27_18.24.00.bin,we,model_verified,2,2,0,2,0,0,0.996971607208252
Broadband_Data_2026.03.27_18.24.00_we_seg023,/home/s_grudinin/code/university/vlf_analyzing/new_test_raw_data/raw_v2/Broadband_Data_2026.03.27_18.24.00.bin,we,manual_corrected,2,1,1,1,1,0,0.9971110820770264
Broadband_Data_2026.03.27_18.24.00_we_seg024,/home/s_grudinin/code/university/vlf_analyzing/new_test_raw_data/raw_v2/Broadband_Data_2026.03.27_18.24.00.bin,we,model_verified,4,4,0,4,0,0,0.9963911175727844
Broadband_Data_2026.03.27_18.24.00_we_seg025,/home/s_grudinin/code/university/vlf_analyzing/new_test_raw_data/raw_v2/Broadband_Data_2026.03.27_18.24.00.bin,we,model_verified,3,3,0,3,0,0,0.9966413974761963
Broadband_Data_2026.03.27_18.24.00_we_seg026,/home/s_grudinin/code/university/vlf_analyzing/new_test_raw_data/raw_v2/Broadband_Data_2026.03.27_18.24.00.bin,we,model_verified,2,2,0,2,0,0,0.9966884255409241
Broadband_Data_2026.03.27_18.24.00_we_seg027,/home/s_grudinin/code/university/vlf_analyzing/new_test_raw_data/raw_v2/Broadband_Data_2026.03.27_18.24.00.bin,we,model_verified,1,1,0,1,0,0,0.9969692826271057
Broadband_Data_2026.03.27_18.24.00_we_seg028,/home/s_grudinin/code/university/vlf_analyzing/new_test_raw_data/raw_v2/Broadband_Data_2026.03.27_18.24.00.bin,we,model_verified,3,3,0,3,0,0,0.9973382353782654
Broadband_Data_2026.03.27_18.24.00_we_seg029,/home/s_grudinin/code/university/vlf_analyzing/new_test_raw_data/raw_v2/Broadband_Data_2026.03.27_18.24.00.bin,we,model_verified,1,1,0,1,0,0,0.9969437718391418
Broadband_Data_2026.03.27_18.25.00_ns_seg000,/home/s_grudinin/code/university/vlf_analyzing/new_test_raw_data/raw_v2/Broadband_Data_2026.03.27_18.25.00.bin,ns,model_verified,4,4,0,4,0,0,0.6133702993392944
Broadband_Data_2026.03.27_18.25.00_ns_seg001,/home/s_grudinin/code/university/vlf_analyzing/new_test_raw_data/raw_v2/Broadband_Data_2026.03.27_18.25.00.bin,ns,model_verified,2,2,0,2,0,0,0.6982260942459106
Broadband_Data_2026.03.27_18.25.00_ns_seg002,/home/s_grudinin/code/university/vlf_analyzing/new_test_raw_data/raw_v2/Broadband_Data_2026.03.27_18.25.00.bin,ns,model_verified,5,5,0,5,0,0,0.8066056370735168
Broadband_Data_2026.03.27_18.25.00_ns_seg003,/home/s_grudinin/code/university/vlf_analyzing/new_test_raw_data/raw_v2/Broadband_Data_2026.03.27_18.25.00.bin,ns,model_verified,4,4,0,4,0,0,0.9433885216712952
Broadband_Data_2026.03.27_18.25.00_ns_seg004,/home/s_grudinin/code/university/vlf_analyzing/new_test_raw_data/raw_v2/Broadband_Data_2026.03.27_18.25.00.bin,ns,model_verified,5,5,0,5,0,0,0.6253031492233276
Broadband_Data_2026.03.27_18.25.00_ns_seg005,/home/s_grudinin/code/university/vlf_analyzing/new_test_raw_data/raw_v2/Broadband_Data_2026.03.27_18.25.00.bin,ns,model_verified,1,1,0,1,0,0,0.31288450956344604
Broadband_Data_2026.03.27_18.25.00_ns_seg006,/home/s_grudinin/code/university/vlf_analyzing/new_test_raw_data/raw_v2/Broadband_Data_2026.03.27_18.25.00.bin,ns,model_verified,1,1,0,1,0,0,0.3983722925186157
Broadband_Data_2026.03.27_18.25.00_ns_seg007,/home/s_grudinin/code/university/vlf_analyzing/new_test_raw_data/raw_v2/Broadband_Data_2026.03.27_18.25.00.bin,ns,model_verified,2,2,0,2,0,0,0.5195966958999634
Broadband_Data_2026.03.27_18.25.00_ns_seg008,/home/s_grudinin/code/university/vlf_analyzing/new_test_raw_data/raw_v2/Broadband_Data_2026.03.27_18.25.00.bin,ns,model_verified,5,5,0,5,0,0,0.8925662636756897
Broadband_Data_2026.03.27_18.25.00_ns_seg009,/home/s_grudinin/code/university/vlf_analyzing/new_test_raw_data/raw_v2/Broadband_Data_2026.03.27_18.25.00.bin,ns,model_verified,2,2,0,2,0,0,0.5248171091079712
Broadband_Data_2026.03.27_18.25.00_ns_seg010,/home/s_grudinin/code/university/vlf_analyzing/new_test_raw_data/raw_v2/Broadband_Data_2026.03.27_18.25.00.bin,ns,model_verified,4,4,0,4,0,0,0.9562526941299438
Broadband_Data_2026.03.27_18.25.00_ns_seg011,/home/s_grudinin/code/university/vlf_analyzing/new_test_raw_data/raw_v2/Broadband_Data_2026.03.27_18.25.00.bin,ns,model_verified,6,6,0,6,0,0,0.9810398817062378
Broadband_Data_2026.03.27_18.25.00_ns_seg012,/home/s_grudinin/code/university/vlf_analyzing/new_test_raw_data/raw_v2/Broadband_Data_2026.03.27_18.25.00.bin,ns,model_verified,4,4,0,4,0,0,0.830365002155304
Broadband_Data_2026.03.27_18.25.00_ns_seg013,/home/s_grudinin/code/university/vlf_analyzing/new_test_raw_data/raw_v2/Broadband_Data_2026.03.27_18.25.00.bin,ns,model_verified,3,3,0,3,0,0,0.5638101696968079
Broadband_Data_2026.03.27_18.25.00_ns_seg014,/home/s_grudinin/code/university/vlf_analyzing/new_test_raw_data/raw_v2/Broadband_Data_2026.03.27_18.25.00.bin,ns,model_verified,2,2,0,2,0,0,0.9252660274505615
Broadband_Data_2026.03.27_18.25.00_ns_seg015,/home/s_grudinin/code/university/vlf_analyzing/new_test_raw_data/raw_v2/Broadband_Data_2026.03.27_18.25.00.bin,ns,model_verified,0,0,0,0,0,0,0.24732233583927155
Broadband_Data_2026.03.27_18.25.00_ns_seg016,/home/s_grudinin/code/university/vlf_analyzing/new_test_raw_data/raw_v2/Broadband_Data_2026.03.27_18.25.00.bin,ns,model_verified,2,2,0,2,0,0,0.6116501688957214
Broadband_Data_2026.03.27_18.25.00_ns_seg017,/home/s_grudinin/code/university/vlf_analyzing/new_test_raw_data/raw_v2/Broadband_Data_2026.03.27_18.25.00.bin,ns,model_verified,7,7,0,7,0,0,0.9565569162368774
Broadband_Data_2026.03.27_18.25.00_ns_seg018,/home/s_grudinin/code/university/vlf_analyzing/new_test_raw_data/raw_v2/Broadband_Data_2026.03.27_18.25.00.bin,ns,model_verified,5,5,0,5,0,0,0.9489976763725281
Broadband_Data_2026.03.27_18.25.00_ns_seg019,/home/s_grudinin/code/university/vlf_analyzing/new_test_raw_data/raw_v2/Broadband_Data_2026.03.27_18.25.00.bin,ns,model_verified,5,5,0,5,0,0,0.9814878702163696
Broadband_Data_2026.03.27_18.25.00_ns_seg020,/home/s_grudinin/code/university/vlf_analyzing/new_test_raw_data/raw_v2/Broadband_Data_2026.03.27_18.25.00.bin,ns,model_verified,1,1,0,1,0,0,0.3539803922176361
Broadband_Data_2026.03.27_18.25.00_ns_seg021,/home/s_grudinin/code/university/vlf_analyzing/new_test_raw_data/raw_v2/Broadband_Data_2026.03.27_18.25.00.bin,ns,model_verified,4,4,0,4,0,0,0.9467698335647583
Broadband_Data_2026.03.27_18.25.00_ns_seg022,/home/s_grudinin/code/university/vlf_analyzing/new_test_raw_data/raw_v2/Broadband_Data_2026.03.27_18.25.00.bin,ns,model_verified,4,4,0,4,0,0,0.7805461287498474
Broadband_Data_2026.03.27_18.25.00_ns_seg023,/home/s_grudinin/code/university/vlf_analyzing/new_test_raw_data/raw_v2/Broadband_Data_2026.03.27_18.25.00.bin,ns,model_verified,7,7,0,7,0,0,0.8117992877960205
Broadband_Data_2026.03.27_18.25.00_ns_seg024,/home/s_grudinin/code/university/vlf_analyzing/new_test_raw_data/raw_v2/Broadband_Data_2026.03.27_18.25.00.bin,ns,model_verified,4,4,0,4,0,0,0.9605854153633118
Broadband_Data_2026.03.27_18.25.00_ns_seg025,/home/s_grudinin/code/university/vlf_analyzing/new_test_raw_data/raw_v2/Broadband_Data_2026.03.27_18.25.00.bin,ns,model_verified,5,5,0,5,0,0,0.9691253900527954
Broadband_Data_2026.03.27_18.25.00_ns_seg026,/home/s_grudinin/code/university/vlf_analyzing/new_test_raw_data/raw_v2/Broadband_Data_2026.03.27_18.25.00.bin,ns,model_verified,4,4,0,4,0,0,0.9839000701904297
Broadband_Data_2026.03.27_18.25.00_ns_seg027,/home/s_grudinin/code/university/vlf_analyzing/new_test_raw_data/raw_v2/Broadband_Data_2026.03.27_18.25.00.bin,ns,model_verified,3,3,0,3,0,0,0.5112223029136658
Broadband_Data_2026.03.27_18.25.00_ns_seg028,/home/s_grudinin/code/university/vlf_analyzing/new_test_raw_data/raw_v2/Broadband_Data_2026.03.27_18.25.00.bin,ns,model_verified,4,4,0,4,0,0,0.9495798945426941
Broadband_Data_2026.03.27_18.25.00_ns_seg029,/home/s_grudinin/code/university/vlf_analyzing/new_test_raw_data/raw_v2/Broadband_Data_2026.03.27_18.25.00.bin,ns,model_verified,4,4,0,4,0,0,0.6178592443466187
Broadband_Data_2026.03.27_18.25.00_we_seg000,/home/s_grudinin/code/university/vlf_analyzing/new_test_raw_data/raw_v2/Broadband_Data_2026.03.27_18.25.00.bin,we,model_verified,1,1,0,1,0,0,0.9970487952232361
Broadband_Data_2026.03.27_18.25.00_we_seg001,/home/s_grudinin/code/university/vlf_analyzing/new_test_raw_data/raw_v2/Broadband_Data_2026.03.27_18.25.00.bin,we,model_verified,1,1,0,1,0,0,0.9971056580543518
Broadband_Data_2026.03.27_18.25.00_we_seg002,/home/s_grudinin/code/university/vlf_analyzing/new_test_raw_data/raw_v2/Broadband_Data_2026.03.27_18.25.00.bin,we,model_verified,2,2,0,2,0,0,0.996698260307312
Broadband_Data_2026.03.27_18.25.00_we_seg003,/home/s_grudinin/code/university/vlf_analyzing/new_test_raw_data/raw_v2/Broadband_Data_2026.03.27_18.25.00.bin,we,model_verified,6,6,0,6,0,0,0.9971297383308411
Broadband_Data_2026.03.27_18.25.00_we_seg004,/home/s_grudinin/code/university/vlf_analyzing/new_test_raw_data/raw_v2/Broadband_Data_2026.03.27_18.25.00.bin,we,model_verified,2,2,0,2,0,0,0.9972941279411316
Broadband_Data_2026.03.27_18.25.00_we_seg005,/home/s_grudinin/code/university/vlf_analyzing/new_test_raw_data/raw_v2/Broadband_Data_2026.03.27_18.25.00.bin,we,model_verified,1,1,0,1,0,0,0.9971029162406921
Broadband_Data_2026.03.27_18.25.00_we_seg006,/home/s_grudinin/code/university/vlf_analyzing/new_test_raw_data/raw_v2/Broadband_Data_2026.03.27_18.25.00.bin,we,model_verified,1,1,0,1,0,0,0.9970169067382812
Broadband_Data_2026.03.27_18.25.00_we_seg007,/home/s_grudinin/code/university/vlf_analyzing/new_test_raw_data/raw_v2/Broadband_Data_2026.03.27_18.25.00.bin,we,model_verified,1,1,0,1,0,0,0.9968696236610413
Broadband_Data_2026.03.27_18.25.00_we_seg008,/home/s_grudinin/code/university/vlf_analyzing/new_test_raw_data/raw_v2/Broadband_Data_2026.03.27_18.25.00.bin,we,model_verified,3,3,0,3,0,0,0.9970357418060303
Broadband_Data_2026.03.27_18.25.00_we_seg009,/home/s_grudinin/code/university/vlf_analyzing/new_test_raw_data/raw_v2/Broadband_Data_2026.03.27_18.25.00.bin,we,model_verified,2,2,0,2,0,0,0.9970446228981018
Broadband_Data_2026.03.27_18.25.00_we_seg010,/home/s_grudinin/code/university/vlf_analyzing/new_test_raw_data/raw_v2/Broadband_Data_2026.03.27_18.25.00.bin,we,model_verified,2,2,0,2,0,0,0.997258186340332
Broadband_Data_2026.03.27_18.25.00_we_seg011,/home/s_grudinin/code/university/vlf_analyzing/new_test_raw_data/raw_v2/Broadband_Data_2026.03.27_18.25.00.bin,we,model_verified,2,2,0,2,0,0,0.9972667694091797
Broadband_Data_2026.03.27_18.25.00_we_seg012,/home/s_grudinin/code/university/vlf_analyzing/new_test_raw_data/raw_v2/Broadband_Data_2026.03.27_18.25.00.bin,we,model_verified,3,3,0,3,0,0,0.9971895813941956
Broadband_Data_2026.03.27_18.25.00_we_seg013,/home/s_grudinin/code/university/vlf_analyzing/new_test_raw_data/raw_v2/Broadband_Data_2026.03.27_18.25.00.bin,we,model_verified,2,2,0,2,0,0,0.9971513152122498
Broadband_Data_2026.03.27_18.25.00_we_seg014,/home/s_grudinin/code/university/vlf_analyzing/new_test_raw_data/raw_v2/Broadband_Data_2026.03.27_18.25.00.bin,we,model_verified,1,1,0,1,0,0,0.9969210624694824
Broadband_Data_2026.03.27_18.25.00_we_seg015,/home/s_grudinin/code/university/vlf_analyzing/new_test_raw_data/raw_v2/Broadband_Data_2026.03.27_18.25.00.bin,we,model_verified,2,2,0,2,0,0,0.9966214895248413
Broadband_Data_2026.03.27_18.25.00_we_seg016,/home/s_grudinin/code/university/vlf_analyzing/new_test_raw_data/raw_v2/Broadband_Data_2026.03.27_18.25.00.bin,we,model_verified,1,1,0,1,0,0,0.9971790313720703
Broadband_Data_2026.03.27_18.25.00_we_seg017,/home/s_grudinin/code/university/vlf_analyzing/new_test_raw_data/raw_v2/Broadband_Data_2026.03.27_18.25.00.bin,we,model_verified,1,1,0,1,0,0,0.9973207116127014
Broadband_Data_2026.03.27_18.25.00_we_seg018,/home/s_grudinin/code/university/vlf_analyzing/new_test_raw_data/raw_v2/Broadband_Data_2026.03.27_18.25.00.bin,we,model_verified,1,1,0,1,0,0,0.99732506275177
Broadband_Data_2026.03.27_18.25.00_we_seg019,/home/s_grudinin/code/university/vlf_analyzing/new_test_raw_data/raw_v2/Broadband_Data_2026.03.27_18.25.00.bin,we,model_verified,2,2,0,2,0,0,0.9973590970039368
Broadband_Data_2026.03.27_18.25.00_we_seg020,/home/s_grudinin/code/university/vlf_analyzing/new_test_raw_data/raw_v2/Broadband_Data_2026.03.27_18.25.00.bin,we,model_verified,1,1,0,1,0,0,0.9971215128898621
Broadband_Data_2026.03.27_18.25.00_we_seg021,/home/s_grudinin/code/university/vlf_analyzing/new_test_raw_data/raw_v2/Broadband_Data_2026.03.27_18.25.00.bin,we,model_verified,1,1,0,1,0,0,0.9975207448005676
Broadband_Data_2026.03.27_18.25.00_we_seg022,/home/s_grudinin/code/university/vlf_analyzing/new_test_raw_data/raw_v2/Broadband_Data_2026.03.27_18.25.00.bin,we,model_verified,1,1,0,1,0,0,0.9972392320632935
Broadband_Data_2026.03.27_18.25.00_we_seg023,/home/s_grudinin/code/university/vlf_analyzing/new_test_raw_data/raw_v2/Broadband_Data_2026.03.27_18.25.00.bin,we,model_verified,2,2,0,2,0,0,0.9973747730255127
Broadband_Data_2026.03.27_18.25.00_we_seg024,/home/s_grudinin/code/university/vlf_analyzing/new_test_raw_data/raw_v2/Broadband_Data_2026.03.27_18.25.00.bin,we,model_verified,2,2,0,2,0,0,0.9969791173934937
Broadband_Data_2026.03.27_18.25.00_we_seg025,/home/s_grudinin/code/university/vlf_analyzing/new_test_raw_data/raw_v2/Broadband_Data_2026.03.27_18.25.00.bin,we,model_verified,2,2,0,2,0,0,0.9969231486320496
Broadband_Data_2026.03.27_18.25.00_we_seg026,/home/s_grudinin/code/university/vlf_analyzing/new_test_raw_data/raw_v2/Broadband_Data_2026.03.27_18.25.00.bin,we,manual_corrected,3,2,1,2,1,0,0.9972192049026489
Broadband_Data_2026.03.27_18.25.00_we_seg027,/home/s_grudinin/code/university/vlf_analyzing/new_test_raw_data/raw_v2/Broadband_Data_2026.03.27_18.25.00.bin,we,model_verified,1,1,0,1,0,0,0.997334361076355
Broadband_Data_2026.03.27_18.25.00_we_seg028,/home/s_grudinin/code/university/vlf_analyzing/new_test_raw_data/raw_v2/Broadband_Data_2026.03.27_18.25.00.bin,we,model_verified,1,1,0,1,0,0,0.9970952272415161
Broadband_Data_2026.03.27_18.25.00_we_seg029,/home/s_grudinin/code/university/vlf_analyzing/new_test_raw_data/raw_v2/Broadband_Data_2026.03.27_18.25.00.bin,we,model_verified,1,1,0,1,0,0,0.9972923398017883
